city;coordinateNumber;nameImpurity;1October;2October;3October;4October;5October;6October;7October;8October;9October;10October;11October;12October;13October;14October;15October;16October;17October;18October;19October;20October;21October;22October;23October;24October;25October;26October;27October;28October;29October;30October;31October;;;;;;;;;;;;
Київ;5053050;Завислі речовини;0,080071429;0,080071429;0,082821429;0,081035714;0,074321429;null;0,075785714;0,076142857;0,078964286;0,078464286;0,080928571;0,078821429;null;0,075384615;0,074076923;0,073384615;0,071115385;0,070923077;0,071;null;0,070807692;0,071846154;0,072153846;0,071538462;0,073153846;0,074384615;null;0,077333333;0,073583333;0,072791667;0,072791667;;;;;;;;;;;;
Київ;5053050;Дiоксид сiрки;0,054854762;0,055380952;0,055945238;0,057585714;0,059811905;null;0,059402381;0,056821429;0,06035;0,05812381;0,063254762;0,061669048;null;0,065175;0,061705;0,06334;0,0621675;0,060115;0,065085;null;0,065825;0,070055;0,070025;0,07327;0,072885;0,07477;null;0,072930556;0,073586111;0,075925;0,078372222;;;;;;;;;;;;
Київ;5053050;Сульфати;0,013;0,016;0,0175;0,017;0,012;null;0,0105;0,0135;0,017;0,018;0,0185;0,014;null;0,015;0,011;0,015;0,012;0,015;0,0165;null;0,016;0,0155;0,0155;0,017;0,0175;0,0165;null;0,0145;0,018;0,018;0,0165;;;;;;;;;;;;
Київ;5053050;Оксид вуглецю;0,969375;0,7109375;0,8809375;0,8146875;1,048125;null;1,375;1,1446875;1,1175;0,8325;0,819375;0,7459375;null;0,797;0,834;0,735;0,726333333;0,781666667;0,765;null;1,776;1,280666667;0,932666667;0,868666667;0,792666667;0,809333333;null;1,025714286;1,710357143;1,518571429;1,081071429;;;;;;;;;;;;
Київ;5053050;Дiоксид азоту;0,113190476;0,121445238;0,12252619;0,114219048;0,09735;null;0,084071429;0,089966667;0,107869048;0,113004762;0,11102619;0,109952381;null;0,094095;0,08011;0,0834425;0,07504;0,070775;0,0634425;null;0,07198;0,07615;0,0747225;0,0751925;0,072;0,0747;null;0,078725;0,077463889;0,0739;0,077841667;;;;;;;;;;;;
Київ;5053050;Сiрководень;0,002066667;0,002033333;0,00205;0,00205;0,001916667;null;0,001883333;0,002;0,002;0,002;0,002;0,001766667;null;0,001775;0,002;0,001675;0,001875;0,002275;0,002075;null;0,002025;0,001875;0,002075;0,001925;0,001725;0,002;null;0,002;0,00255;0,002325;0,0021;;;;;;;;;;;;
Київ;5053050;Фенол;0,004114286;0,004078571;0,00395;0,00415;0,003814286;null;0,00385;0,003828571;0,003778571;0,003828571;0,003835714;0,003785714;null;0,003833333;0,003641667;0,003475;0,003583333;0,0036;0,003566667;null;0,003533333;0,003683333;0,0036;0,003616667;0,003641667;0,003883333;null;0,003741667;0,003741667;0,003758333;0,003783333;;;;;;;;;;;;
Київ;5053050;Фтористий водень;0,000828571;0,0008;0,000942857;0,000942857;0,000785714;null;0,000942857;0,001042857;0,0009;0,000985714;0,000928571;0,001035714;null;0,001483333;0,0009;0,000866667;0,00075;0,000783333;0,00085;null;0,000708333;0,000966667;0,000908333;0,000825;0,001075;0,000916667;null;0,000933333;0,001108333;0,000975;0,0009;;;;;;;;;;;;
Київ;5053050;Хлористий водень;0,073585;0,071845;0,074355;0,06458;0,06463;null;0,06441;0,072245;0,06917;0,072815;0,07028;0,05998;null;0,062922222;0,067416667;0,067827778;0,071911111;0,077516667;0,072872222;null;0,078288889;0,076527778;0,074238889;0,080455556;0,076494444;0,074438889;null;0,083142857;0,076328571;0,065228571;0,073685714;;;;;;;;;;;;
Київ;5053050;Амiак;0,008666667;0,008872222;0,008394444;0,008111111;0,0079;null;0,008016667;0,008344444;0,008577778;0,008383333;0,008461111;0,007594444;null;0,0078;0,00789375;0,00771875;0,00758125;0,00820625;0,00830625;null;0,0085875;0,00884375;0,00878125;0,0087;0,00758125;0,0082625;null;0,008335714;0,008585714;0,008964286;0,008414286;;;;;;;;;;;;
Київ;5053050;Формальдегiд;0,004086957;0,00373913;0,003595652;0,004293478;0,004091304;null;0,003547826;0,003965217;0,0047;0,003945652;0,003313043;0,003541304;null;0,003786364;0,00395;0,003686364;0,003261364;0,003220455;0,002954545;null;0,003672727;0,004045455;0,004390909;0,004777273;0,004463636;0,003629545;null;0,0042425;0,0039925;0,0036425;0,003335;;;;;;;;;;;;
Вінниця;4922860;Завислі речовини;0,2;0,125;0,2;0,2;0,05;null;0,225;0,35;0,075;0,425;0,2;0,075;null;0,05;0;0;0;0,025;0,025;null;0,025;0,025;0;0;0,05;0,125;null;0;0;0;0;;;;;;;;;;;;
Вінниця;4922860;Дiоксид сiрки;0;0;0,0002625;0;0;null;0;0,000275;0,0002625;0;0;0;null;0;0;0,000525;0;0;0,0007625;null;0;0;0,0002625;0;0;0;null;0,000525;0;0;0;;;;;;;;;;;;
Вінниця;4922860;Оксид вуглецю;1,075;1;1,125;1,275;1,1;null;1,1;1,2;1,275;1,15;1,275;0,775;null;0,975;1;1;0,875;1,1;1,325;null;2,05;1,55;1,025;1,05;1,075;1,475;null;1,15;1,15;1,125;1,025;;;;;;;;;;;;
Вінниця;4922860;Дiоксид азоту;0,06215;0,0473;0,0868875;0,1215125;0,0543625;null;0,0473625;0,088925;0,075575;0,0793625;0,093625;0,0501;null;0,074025;0,0418625;0,0580875;0,0368875;0,049625;0,0520125;null;0,124325;0,1051;0,0842125;0,0517625;0,00735;0,0148;null;0,018;0,0211125;0,019625;0,02875;;;;;;;;;;;;
Вінниця;4922860;Фтористий водень;0,0011;0,000375;0,006375;0,006725;0,0086125;null;0,005525;0,0011125;0,0048125;0,0094125;0,002625;0,011725;null;0,0076625;0,0032625;0,01045;0,0031875;0;0,0117125;null;0;0,0010375;0,0071125;0,0057;0,0017625;0,004975;null;0,0072375;0,0010875;0,0090875;0,0069625;;;;;;;;;;;;
Вінниця;4922860;Амiак;0,0184;0,00375;0,0038;0,0038;0,009425;null;0,0037;0,007425;0,0038;0,0076;0,0302;0;null;0;0,00365;0,003625;0,0107;0,003625;0,00555;null;0,017825;0,010875;0,02875;0,007225;0,003525;0;null;0,00365;0,014675;0;0;;;;;;;;;;;;
Вінниця;4922860;Формальдегiд;0,002;0,002025;0,003025;0,0123;0,011225;null;0,001;0,01605;0,002025;0,014325;0,010275;0,009;null;0,007925;0,011825;0,007875;0,011625;0,002925;0,006;null;0,009725;0,0165;0,003875;0,00575;0,0077;0,009725;null;0,006925;0,013875;0,0199;0,015925;;;;;;;;;;;;
Луцьк;5082530;Завислі речовини;0,05;0,1;0,066666667;0,066666667;0,016666667;null;0,083333333;0,083333333;0,066666667;0,083333333;0,033333333;0,033333333;null;0,05;0,066666667;0,05;0,116666667;0,1;0,05;null;0,083333333;0,1;0,05;0,116666667;0,033333333;0,033333333;null;0,066666667;0,083333333;0,05;0,083333333;;;;;;;;;;;;
Луцьк;5082530;Дiоксид сiрки;0,0024;0,00175;0,002025;0,002308333;0,001525;null;0,00245;0,001666667;0,001841667;0,00185;0,00265;0,002425;null;0,002891667;0,002966667;0,002725;0,00405;0,004925;0,002066667;null;0,002891667;0,002708333;0,003441667;0,000783333;0,002108333;0,001866667;null;0,002883333;0,002216667;0,002158333;0,0027;;;;;;;;;;;;
Луцьк;5082530;Сульфати;0,01;0,01;0,01;0,01;0,005;null;0,01;0,015;0,015;0,015;0,01;0;null;0,005;0,01;0,01;0,01;0,015;0,005;null;0,015;0,015;0,005;0,005;0,01;0;null;0,01;0,01;0,01;0,01;;;;;;;;;;;;
Луцьк;5082530;Оксид вуглецю;0;0;0,166666667;0;0;null;0,5;0,166666667;0,5;0,166666667;0;0;null;0,166666667;0,333333333;0,166666667;0,5;0,166666667;0;null;0,333333333;0,5;0,166666667;0,333333333;0,166666667;0;null;0;0,166666667;0;0;;;;;;;;;;;;
Луцьк;5082530;Дiоксид азоту;0,088191667;0,0616;0,057825;0,061283333;0,053508333;null;0,073575;0,06765;0,089875;0,098783333;0,09375;0,059166667;null;0,085966667;0,076941667;0,080125;0,079741667;0,089866667;0,059866667;null;0,08945;0,096591667;0,095608333;0,0621;0,074016667;0,0643;null;0,117341667;0,095758333;0,10485;0,089291667;;;;;;;;;;;;
Луцьк;5082530;Оксид азоту;0,0463;0,02405;0,025;0,035225;0,029025;null;0,034425;0,027925;0,030825;0,03485;0,056975;0,025675;null;0,037075;0,0404;0,042;0,036475;0,050375;0,039725;null;0,058475;0,046325;0,056925;0,0244;0,0385;0,036425;null;0,0683;0,043325;0,067175;0,04565;;;;;;;;;;;;
Луцьк;5082530;Фенол;0,007333333;0,006341667;0,00665;0,005841667;0,004966667;null;0,007308333;0,006366667;0,00795;0,007641667;0,006775;0,005216667;null;0,0046;0,00565;0,006925;0,004641667;0,006441667;0,005025;null;0,005141667;0,005808333;0,004691667;0,004858333;0,005258333;0,003641667;null;0,0061;0,005416667;0,006266667;0,005758333;;;;;;;;;;;;
Луцьк;5082530;Формальдегiд;0,005675;0,0055;0,0064375;0,0063125;0,00495;null;0,00585;0,00855;0,0103625;0,011775;0,011725;0,0071625;null;0,00805;0,003875;0,0048375;0,0069875;0,0077125;0,0049875;null;0,0112;0,0107875;0,007525;0,007775;0,0078625;0,006475;null;0,0058875;0,0050875;0,0077;0,007225;;;;;;;;;;;;
Ужгород;4862230;Завислі речовини;0,18;0,2175;0,205;0,255;0,25;null;0,165;0,1525;0,1625;0,185;0,1575;0,15;null;0,1275;0,155;0,1475;0,1975;0,16;0,1575;null;0,1375;0,1575;0,19;0,2475;0,2525;0,2175;null;0,2275;0,16;0,166666667;0,225;;;;;;;;;;;;
Ужгород;4862230;Дiоксид сiрки;0,0115;0,011875;0,013375;0,01525;0,013625;null;0,014125;0,012125;0,016125;0,01525;0,0135;0,013375;null;0,013;0,013625;0,013625;0,01225;0,01175;0,01725;null;0,01325;0,0115;0,01425;0,014125;0,01625;0,01325;null;0,013375;0,011;0,01425;0,0135;;;;;;;;;;;;
Ужгород;4862230;Сульфати;0,0055;0,0095;0,0085;0,0045;0,006;null;0,0075;0,006;0,006;0,0075;0,006;0,008;null;0,0105;0,0085;0,0075;0,007;0,0105;0,0075;null;0,005;0,0065;0,0075;0,009;0,0055;0,0055;null;0,0085;0,007;0,009;0,0065;;;;;;;;;;;;
Ужгород;4862230;Оксид вуглецю;0,8875;1,005;1,1575;1,02;0,8175;null;0,9125;0,7475;0,8925;1,05;0,705;0,8425;null;1,005;1,035;1,19;1,655;1,0175;0,9875;null;1,02;0,8725;1,0125;0,9575;1,2425;0,8625;null;1,035;1,01;1,2325;1,19;;;;;;;;;;;;
Ужгород;4862230;Дiоксид азоту;0,0365;0,052125;0,089125;0,078875;0,076625;null;0,071875;0,077;0,04825;0,0725;0,10275;0,04475;null;0,044625;0,0585;0,042;0,050625;0,038125;0,05325;null;0,054625;0,073375;0,0525;0,05075;0,049;0,05725;null;0,1035;0,058857143;0,048625;0,051875;;;;;;;;;;;;
Ужгород;4862230;Оксид азоту;0,02725;0,02725;0,05475;0,0465;0,049;null;0,04475;0,06625;0,034;0,03825;0,06025;0,035;null;0,0315;0,03025;0,0215;0,0435;0,02225;0,04;null;0,0335;0,04375;0,028;0,03075;0,026;0,028;null;0,08525;0,033;0,02425;0,025;;;;;;;;;;;;
Ужгород;4862230;Формальдегiд;0,00575;0,0055;0,006;0,007875;0,006875;null;0,008;0,00625;0,006;0,00675;0,005625;0,00575;null;0,005875;0,006875;0,00575;0,0045;0,005625;0,005625;null;0,006625;0,00575;0,00725;0,007125;0,005375;0,006125;null;0,007;0,005;0,007;0,0075;;;;;;;;;;;;
Запоріжжя;4793510;Завислі речовини;0,19;0,12;0,13;0,12;0,12;null;0,08;0,11;0,16;0,12;0,14;0,06;null;0,1;0,16;0,11;0,12;0,08;0,09;null;0,05;0,11;0,09;0,1;0,1;0,09;null;0,07;0,1;0,12;0,08;;;;;;;;;;;;
Запоріжжя;4793510;Дiоксид сiрки;0,007207143;0,005914286;0,006778571;0,006185714;0,006378571;null;0,006284615;0,006721429;0,005914286;0,005692857;0,005978571;0,006814286;null;0,0064;0,005478571;0,005892857;0,0072;0,006378571;0,005571429;null;0,0076;0,007871429;0,007821429;0,007371429;0,006285714;0,005142857;null;0,006623077;0,006307143;0,0089;0,007085714;;;;;;;;;;;;
Запоріжжя;4793510;Сульфати;0,015;0,015;0,01;0,015;0,01;null;0,015;0,01;0,015;0,01;0,01;0,02;null;0,01;0,015;0,015;0,015;0,01;0,02;null;0,01;0,01;0,015;0,01;0,01;0,01;null;0,015;0,01;0,015;0,01;;;;;;;;;;;;
Запоріжжя;4793510;Оксид вуглецю;0,51;0,98;0,57;0,56;0,57;null;0,41;0,46;0,53;0,81;0,65;0,4;null;0,46;0,52;0,3;0,27;0,23;0,28;null;0,46;0,98;0,65;0,32;0,31;0,33;null;0,32;0,45;0,9;0,36;;;;;;;;;;;;
Запоріжжя;4793510;Дiоксид азоту;0,069021429;0,063771429;0,045142857;0,074892857;0,085164286;null;0,084576923;0,050935714;0,049528571;0,042314286;0,040935714;0,041678571;null;0,060846154;0,07975;0,061835714;0,061835714;0,085414286;0,068707143;null;0,064792308;0,065514286;0,060792857;0,055678571;0,036821429;0,034771429;null;0,061361538;0,068528571;0,072992857;0,064721429;;;;;;;;;;;;
Запоріжжя;4793510;Оксид азоту;0,048666667;0,0302;0,027466667;0,034566667;0,034766667;null;0,032266667;0,0318;0,029566667;0,025366667;0,023066667;0,0115;null;0,0405;0,040433333;0,046733333;0,043933333;0,0484;0,0371;null;0,041666667;0,037433333;0,0378;0,033266667;0,039566667;0,033133333;null;0,046966667;0,047266667;0,0379;0,033733333;;;;;;;;;;;;
Запоріжжя;4793510;Сiрководень;0,003927273;0,003390909;0,002309091;0,002736364;0,002563636;null;0,003133333;0,002645455;0,0026;0,002790909;0,002745455;0,002581818;null;0,003122222;0,003118182;0,002436364;0,002627273;0,003136364;0,002954545;null;0,002633333;0,002672727;0,003245455;0,0032;0,002572727;0,002754545;null;0,0034;0,0029;0,002754545;0,003354545;;;;;;;;;;;;
Запоріжжя;4793510;Фенол;0,00782;0,00731;0,0056;0,00689;0,0065;null;0,005855556;0,00512;0,00695;0,00464;0,00492;0,00666;null;0,006466667;0,00673;0,00651;0,00726;0,00643;0,00523;null;0,005288889;0,00428;0,0059;0,00591;0,00594;0,00447;null;0,005677778;0,00558;0,00525;0,00532;;;;;;;;;;;;
Запоріжжя;4793510;Фтористий водень;0,000675;0;0;0;0;null;0;0;0;0;0,000175;0;null;0,000233333;0;0;0;0;0;null;0;0;0;0;0,00015;0;null;0;0;0;0;;;;;;;;;;;;
Запоріжжя;4793510;Хлористий водень;0,0463125;0,0464375;0,04455;0,044575;0,0408375;null;0,033366667;0,047975;0,0325125;0,0314875;0,043475;0,0434;null;0,046266667;0,043625;0,0457625;0,045225;0,036375;0,0424125;null;0,04175;0,0439;0,0278125;0,0355;0,0326625;0,0366375;null;0,051133333;0,0436625;0,0444;0,043525;;;;;;;;;;;;
Запоріжжя;4793510;Формальдегiд;0,0102;0,007975;0,008075;0,00755;0,0071;null;0,008566667;0,0063;0,00585;0,0052;0,007275;0,0047;null;0,005066667;0,006575;0,00715;0,0053;0,006925;0,006725;null;0,004933333;0,00645;0,005375;0,00485;0,0053;0,00485;null;0,005466667;0,007075;0,006025;0,006725;;;;;;;;;;;;
Івано-Франківськ;4892470;Завислі речовини;0,145;0,115;0,15;0,145;0,145;null;0,14;0,15;0,165;0,15;0,14;0,15;null;0,15;0,145;0,145;0,16;0,15;0,165;null;null;null;null;null;null;null;null;null;null;null;null;;;;;;;;;;;;
Івано-Франківськ;4892470;Дiоксид сiрки;0,00345;0,0023;0,002775;0,002;0,0039;null;0,00195;0,00235;0,00275;0,004;0,00475;0,005025;null;0,0107;0,004175;0,0038;0,004125;0,001875;0,004125;null;null;null;null;null;null;null;null;null;null;null;null;;;;;;;;;;;;
Івано-Франківськ;4892470;Оксид вуглецю;1,85;1,4;1,95;1,85;1,85;null;1,75;1,95;2,3;2,4;1,7;1,95;null;1,95;2,15;1,85;3,2;1,95;2,3;null;null;null;null;null;null;null;null;null;null;null;null;;;;;;;;;;;;
Івано-Франківськ;4892470;Дiоксид азоту;0,045725;0,048275;0,05355;0,060025;0,043025;null;0,049075;0,038475;0,046025;0,05935;0,039975;0,047775;null;0,042425;0,036275;0,03205;0,03345;0,04315;0,049625;null;null;null;null;null;null;null;null;null;null;null;null;;;;;;;;;;;;
Івано-Франківськ;4892470;Оксид азоту;0,030025;0,030875;0,03485;0,0392;0,0281;null;0,0329;0,0272;0,02955;0,038025;0,02665;0,0306;null;0,0247;0,025025;0,022075;0,0229;0,029175;0,032725;null;null;null;null;null;null;null;null;null;null;null;null;;;;;;;;;;;;
Дніпро;4863510;Завислі речовини;0,5125;0,35;0,35;0,35;0,2875;null;0,275;0,3;0,35;0,3;0,3625;0,275;null;0,2875;0,3;0,25;0,2625;0,225;0,175;null;0,25;0,3375;0,3125;0,3;0,3;0,25;null;0,25;0,325;0,325;0,3;;;;;;;;;;;;
Дніпро;4863510;Дiоксид сiрки;0,01425;0,01975;0,014333333;0,013875;0,013458333;null;0,0075;0,008833333;0,0075;0,01;0,009083333;0,010333333;null;0,008333333;0,008958333;0,00825;0,008708333;0,007833333;0,00725;null;0,013611111;0,0135;0,011208333;0,012958333;0,014333333;0,009458333;null;0,009222222;0,013541667;0,013958333;0,020083333;;;;;;;;;;;;
Дніпро;4863510;Оксид вуглецю;2,583333333;2,416666667;2,166666667;2,416666667;1,833333333;null;2,166666667;2,583333333;2,416666667;2,5;3,25;2,666666667;null;2,666666667;2,416666667;2,333333333;2,083333333;2,416666667;1,666666667;null;2,003076923;2,416666667;2,272727273;2,416666667;2,666666667;1,833333333;null;2,083333333;1,916666667;1,916666667;2,083333333;;;;;;;;;;;;
Дніпро;4863510;Дiоксид азоту;0,063333333;0,074166667;0,077916667;0,07;0,075833333;null;0,086111111;0,079583333;0,092916667;0,082083333;0,085;0,073333333;null;0,074444444;0,077083333;0,066666667;0,07625;0,067916667;0,06;null;0,067777778;0,068333333;0,070833333;0,06625;0,075;0,0625;null;0,062222222;0,05875;0,064583333;0,069583333;;;;;;;;;;;;
Дніпро;4863510;Оксид азоту;0,03;0,035;0,0425;0,04;0,0375;null;0,036666667;0,035;0,035;0,0325;0,0375;0,035;null;0,043333333;0,035;0,0375;0,045;0,0425;0,035;null;0,033333333;0,0375;0,035;0,0325;0,0375;0,0425;null;0,033333333;0,0325;0,035;0,035;;;;;;;;;;;;
Дніпро;4863510;Сiрководень;0,001625;0,002083333;0,002125;0,001666667;0,001958333;null;0,001777778;0,001958333;0,002625;0,003041667;0,001583333;0,002041667;null;0,001833333;0,002375;0,002958333;0,002791667;0,001666667;0,001333333;null;0,003555556;0,003125;0,001125;0,00375;0,003583333;0,001291667;null;0,001777778;0,004583333;0,002041667;0,004583333;;;;;;;;;;;;
Дніпро;4863510;Фенол;0,002416667;0,001916667;0,002416667;0,000833333;0,002;null;0,001555556;0,004666667;0,003166667;0,003083333;0,002333333;0,00275;null;0,001444444;0,002416667;0,002416667;0,002;0,003166667;0,002166667;null;0,002333333;0,003166667;0,001583333;0,002;0,00225;0,002166667;null;0,001777778;0,00275;0,001166667;0,002583333;;;;;;;;;;;;
Дніпро;4863510;Амiак;0,0425;0,03875;0,03625;0,0475;0,04;null;0,046666667;0,0425;0,05625;0,0525;0,04875;0,04;null;0,055;0,04;0,05;0,04125;0,04125;0,03875;null;0,036666667;0,04875;0,03625;0,0425;0,04625;0,02625;null;0,046666667;0,04;0,03375;0,03875;;;;;;;;;;;;
Дніпро;4863510;Формальдегiд;0,016833333;0,013833333;0,016416667;0,015916667;0,015333333;null;0,015444444;0,014583333;0,013166667;0,01425;0,015083333;0,013166667;null;0,011444444;0,00975;0,011083333;0,009833333;0,014833333;0,011916667;null;0,014666667;0,015833333;0,018;0,015416667;0,014416667;0,012416667;null;0,017666667;0,014083333;0,013666667;0,01525;;;;;;;;;;;;
Кривий Ріг;4793340;Завислі речовини;0,68;0,47;0,27;0,25;0,3;null;0,29;0,3;0,48;0,35;0,2;0;null;0,2;0,3;0,14;0,19;0,21;0,02;null;0,28;0,29;0,45;0,31;0,33;0,2;null;0,12;0,33;0,42;null;;;;;;;;;;;;
Кривий Ріг;4793340;Дiоксид сiрки;0,028846154;0,032;0,030692308;0,033384615;0,031230769;null;0,0275;0,026769231;0,033461538;0,028923077;0,023076923;0,013307692;null;0,0185;0,017538462;0,020307692;0,023230769;0,026230769;0,014769231;null;0,0194;0,022846154;0,036307692;0,034461538;0,030846154;0,027384615;null;0,0311;0,026;0,024923077;null;;;;;;;;;;;;
Кривий Ріг;4793340;Оксид вуглецю;1,3;1,3;1,7;1,6;1,4;null;1,4;1,2;1,7;1,2;1,2;1;null;1;1,2;1,1;1,1;1;1;null;1,1;1,5;2,1;1,1;1;1;null;1,2;1;1,1;null;;;;;;;;;;;;
Кривий Ріг;4793340;Дiоксид азоту;0,046923077;0,032307692;0,034615385;0,036153846;0,037692308;null;0,028;0,025384615;0,026923077;0,027692308;0,043846154;0,024615385;null;0,018;0,027692308;0,026923077;0,02;0,031538462;0,02;null;0,04;0,029230769;0,051538462;0,026153846;0,026923077;0,023076923;null;0,037;0,028461538;0,024615385;null;;;;;;;;;;;;
Кривий Ріг;4793340;Оксид азоту;0,016666667;0,023333333;0,023333333;0,026666667;0,023333333;null;0,02;0,016666667;0,016666667;0,013333333;0,01;0,02;null;0,01;0,016666667;0,016666667;0,01;0,02;0,013333333;null;0,025;0,01;0,013333333;0,016666667;0,013333333;0,016666667;null;0,025;0,016666667;0,013333333;null;;;;;;;;;;;;
Кривий Ріг;4793340;Сiрководень;0,0011;0,0013;0,001;0,0011;0,0012;null;0,0011;0,0006;0,0009;0,0008;0,0012;0,0011;null;0,0007;0,0008;0,0008;0,0008;0,001;0,0006;null;0,001;0,0011;0,0011;0,001;0,0011;0,0009;null;0,0013;0,0008;0,001;null;;;;;;;;;;;;
Кривий Ріг;4793340;Фенол;0,00205;0,0025;0,00235;0,00255;0,0024;null;0,001933333;0,0019;0,0029;0,0016;0,0021;0,0013;null;0,001266667;0,0012;0,00105;0,0007;0,0022;0,0015;null;0,0018;0,00175;0,0021;0,00215;0,00185;0,0018;null;0,001933333;0,0019;0,00195;null;;;;;;;;;;;;
Кривий Ріг;4793340;Амiак;0,01;0,01;0,01;0,01;0,01;null;0,010666667;0,008;0,011;0,009;0,01;0,01;null;0,01;0,009;0,009;0,007;0,0095;0,0095;null;0,01;0,01;0,01;0,01;0,0105;0,01;null;0,011333333;0,01;0,012;null;;;;;;;;;;;;
Кривий Ріг;4793340;Формальдегiд;0,0127;0,0142;0,0127;0,0136;0,0134;null;0,0112;0,01125;0,0155;0,0146;0,0115;0,0114;null;0,011333333;0,0115;0,01065;0,00925;0,0141;0,01005;null;0,012933333;0,0116;0,0131;0,01315;0,01305;0,01335;null;0,014466667;0,0139;0,0132;null;;;;;;;;;;;;
Кам'янське;4853460;Завислі речовини;0,4034375;0,3506875;0,4485;0,3493;0,4064375;null;0,240625;0,2008875;0,27425;0,2565625;0,2772;0,2229;null;0,155275;0,21365;0,2315375;0,2325125;0,244875;0,0895875;null;0,1906625;0,2315;0,2220875;0,235175;0,248475;0,2605125;null;0,2412875;0,2659375;0,2508875;0,24365;;;;;;;;;;;;
Кам'янське;4853460;Дiоксид сiрки;0,01005;0,0088625;0,0093375;0,0089625;0,0080625;null;0,00765;0,006825;0,0064625;0,00705;0,0095375;0,0066625;null;0,00675;0,007475;0,0067625;0,0079625;0,0061125;0,0047625;null;0,0052875;0,0040625;0,0036375;0,0043375;0,005575;0,0041;null;0,0048125;0,00525;0,0049125;0,005775;;;;;;;;;;;;
Кам'янське;4853460;Оксид вуглецю;3,875;4,125;4,125;4,25;4,25;null;3,875;3,875;4,375;4,25;4,25;3,875;null;3,75;3,875;4;4,125;3,625;3,375;null;3,75;3,25;3,25;3,5;3,5;3,25;null;3,375;3,375;3,25;3,375;;;;;;;;;;;;
Кам'янське;4853460;Дiоксид азоту;0,120725;0,11376875;0,069725;0,1020625;0,1216625;null;0,1281;0,0747375;0,0951125;0,09699375;0,11790625;0,10600625;null;0,13305;0,120925;0,13365625;0,12665625;0,128725;0,09364375;null;0,125908333;0,09315625;0,0986;0,0876;0,08298125;0,1084625;null;0,105191667;0,0897625;0,1002875;0,1093;;;;;;;;;;;;
Кам'янське;4853460;Оксид азоту;0,053375;0,05045;0,04085;0,04765;0,05795;null;0,063366667;0,03825;0,051625;0,041825;0,052525;0,0579;null;0,0686;0,062725;0,064425;0,059225;0,0622;0,0311;null;0,061933333;0,038275;0,05;0,0417;0,045775;0,052275;null;0,0427;0,042;0,055425;0,0456;;;;;;;;;;;;
Кам'янське;4853460;Сiрководень;0,004426667;0,00378;0,003693333;0,003506667;0,003646667;null;0,003218182;0,003006667;0,003666667;0,003753333;0,00432;0,003893333;null;0,004409091;0,003973333;0,004293333;0,00384;0,004013333;0,00288;null;0,004890909;0,003946667;0,00422;0,004326667;0,00424;0,004433333;null;0,004181818;0,00394;0,004106667;0,004473333;;;;;;;;;;;;
Кам'янське;4853460;Фенол;0,00573125;0,00728125;0,0098875;0,00741875;0,0056875;null;0,004725;0,00415;0,00516875;0,00505625;0,0047;0,0047875;null;0,005333333;0,0052875;0,005025;0,00505625;0,005025;0,00346875;null;0,005533333;0,00641875;0,0059875;0,0047125;0,00476875;0,00478125;null;0,005241667;0,00485;0,00665625;0,00533125;;;;;;;;;;;;
Кам'янське;4853460;Амiак;0,0485;0,048925;0,0452625;0,0424375;0,0448125;null;0,0483875;0,0463;0,042725;0,04735;0,04665;0,0417625;null;0,03945;0,0441625;0,047525;0,045575;0,0420625;0,036525;null;0,0451;0,0448125;0,040525;0,0478875;0,04585;0,0464625;null;0,0448625;0,0464;0,04155;0,043275;;;;;;;;;;;;
Кам'янське;4853460;Формальдегiд;0,0121375;0,0069875;0,007875;0,0063;0,0075125;null;0,008;0,00765;0,00595;0,00735;0,0107625;0,008975;null;0,0084125;0,0085625;0,008775;0,0086125;0,010075;0,0078125;null;0,0100625;0,0095875;0,008975;0,0094375;0,009175;0,0084625;null;0,0085875;0,0102125;0,01045;0,009525;;;;;;;;;;;;
Кропивницький;4853220;Завислі речовини;0,333333333;0,4;0,4;0,35;0,3;null;0,233333333;0,283333333;0,3;0,433333333;0,3;0,283333333;null;0,316666667;0,25;0,233333333;0,266666667;0,266666667;0,216666667;null;0,25;0,316666667;0,266666667;0,3;0,266666667;0,3;null;0,216666667;0,3;0,316666667;0,316666667;;;;;;;;;;;;
Кропивницький;4853220;Дiоксид сiрки;0,025441667;0,019708333;0,026158333;0,020283333;0,024325;null;0,015722222;0,018316667;0,022025;0,0215;0,01895;0,019933333;null;0,015088889;0,016516667;0,016533333;0,021808333;0,022525;0,0185;null;0,019033333;0,018816667;0,020875;0,017608333;0,018708333;0,0209;null;0,019766667;0,017566667;0,020991667;0,0157;;;;;;;;;;;;
Кропивницький;4853220;Сульфати;0,01;0;0,005;0;0;null;0;0,005;0;0,015;0,005;0,005;null;0;0,005;0,005;0,01;0;0,01;null;0,005;0,005;0,005;0;0,015;0,005;null;0,005;0,005;0,015;0,005;;;;;;;;;;;;
Кропивницький;4853220;Оксид вуглецю;3,5;3,833333333;2,666666667;4,166666667;4,666666667;null;3,666666667;3,666666667;3,5;3,666666667;3,833333333;3,333333333;null;3,666666667;3,666666667;4;2,666666667;3;2,166666667;null;2,666666667;3,166666667;2,5;2,333333333;2,666666667;2,833333333;null;2,333333333;3;3,166666667;2,333333333;;;;;;;;;;;;
Кропивницький;4853220;Дiоксид азоту;0,0371;0,041016667;0,029941667;0,0361;0,033416667;null;0,0247;0,025283333;0,028383333;0,029016667;0,0257;0,02435;null;0,033288889;0,0249;0,027791667;0,029941667;0,029775;0,027325;null;0,031077778;0,028691667;0,031483333;0,026591667;0,03385;0,029016667;null;0,027811111;0,027566667;0,027725;0,029833333;;;;;;;;;;;;
Кропивницький;4853220;Оксид азоту;0,0183;0,0221;0,020775;0,01945;0,01595;null;0,010966667;0,015175;0,01495;0,02095;0,01355;0,013525;null;0,016966667;0,0126;0,016725;0,01885;0,017225;0,021375;null;0,020066667;0,018025;0,016025;0,023675;0,018975;0,022025;null;0,0246;0,02125;0,01625;0,018125;;;;;;;;;;;;
Кропивницький;4853220;Сажа;0,035;0,035;0,045;0,03;0,023333333;null;0,023333333;0,033333333;0,033333333;0,028333333;0,025;0,021666667;null;0,023333333;0,02;0,015;0,021666667;0,03;0,061666667;null;0,023333333;0,043333333;0,063333333;0,046666667;0,045;0,066666667;null;0,033333333;0,051666667;0,033333333;0,031666667;;;;;;;;;;;;
Кропивницький;4853220;Формальдегiд;0,010333333;0,006466667;0,0067;0,003966667;0,0051;null;0,004166667;0,007166667;0,0031;0,003366667;0,005966667;0,004466667;null;0,009633333;0,0038;0,003566667;0,0032;0,0045;0,007466667;null;0,0075;0,006433333;0,005733333;0,005333333;0,003233333;0,005933333;null;0,003;0,002433333;0,003266667;0,005733333;;;;;;;;;;;;
Світловодськ;4903340;Завислі речовини;0,1;0,1;0,1;0,1;null;null;0;0;0,1;0,1;0,1;null;null;0;0,05;0,1;0,05;0,1;null;null;0;0,05;0,1;0,1;0,1;0,1;null;0,05;0,05;0,05;0,05;;;;;;;;;;;;
Світловодськ;4903340;Дiоксид сiрки;0,080033333;0,037566667;0,053066667;0,011033333;null;null;0,022366667;0,019733333;0,0218;0,0266;0,019966667;null;null;0,015166667;0,023766667;0,0193;0,0126;0,0168;null;null;0,008466667;0,0106;0,0151;0,017;0,0149;0,0085;null;0,0065;0,010733333;0,0106;0,030333333;;;;;;;;;;;;
Світловодськ;4903340;Сульфати;0,01;0,01;0,01;0,01;null;null;0;0;0;0,005;0;null;null;0;0,005;0;0,005;0,01;null;null;0;0;0;0,01;0,01;0,01;null;0,005;0;0;0;;;;;;;;;;;;
Світловодськ;4903340;Оксид вуглецю;2;1;1;1;null;null;1;1;1;1;1,5;null;null;2;2;2;1,5;1;null;null;2;2;2;2;2;2;null;2;2;2;2;;;;;;;;;;;;
Світловодськ;4903340;Дiоксид азоту;0,0615;0,0143;0,031966667;0,053766667;null;null;0,029133333;0,0321;0,0391;0,0326;0,054266667;null;null;0,024633333;0,014033333;0,0244;0,0137;0,023933333;null;null;0,0309;0,0277;0,020966667;0,0104;0,017333333;0,0104;null;0,017533333;0,013966667;0,013666667;0,0564;;;;;;;;;;;;
Світловодськ;4903340;Оксид азоту;0,0519;0,016333333;0,0302;0,042066667;null;null;0,026066667;0,0279;0,037066667;0,030566667;0,042466667;null;null;0,029833333;0,016;0,022766667;0,017833333;0,033433333;null;null;0,031333333;0,024766667;0,020466667;0,0135;0,018066667;0,0135;null;0,016;0,013633333;0,0179;0,029866667;;;;;;;;;;;;
Світловодськ;4903340;Формальдегiд;0,007933333;0,005633333;0,004566667;0,0102;null;null;0,010266667;0,005566667;0,005566667;0,010166667;0,010166667;null;null;0,0077;0,011;0,006566667;0,0096;0,008566667;null;null;0,0097;0,004333333;0,007633333;0,003266667;0,0065;0,0065;null;0,0044;0,0033;0,007533333;0,0033;;;;;;;;;;;;
Львів;4982410;Завислі речовини;0,15875;0,16625;0,14625;0,14375;0,1475;null;0,1675;0,17125;0,1725;0,17;0,12375;0,13625;null;0,15;0,14;0,16;0,145;0,1675;0,1725;null;0,165;0,17;0,16;0,1625;0,16;0,1725;null;0,1675;0,1625;0,145;0,165;;;;;;;;;;;;
Львів;4982410;Дiоксид сiрки;0,00378125;0,00371875;0,00325;0,0045375;0,00483125;null;0,0037;0,00374375;0,005425;0,00455625;0,00493125;0,00725625;null;0,0104625;0,0096125;0,0038375;0,0035875;0,00455;0,0038;null;0,003775;0,0036125;0,003425;0,0043;0,00455;0,0036625;null;0,00385;0,00365;0,004275;0,004475;;;;;;;;;;;;
Львів;4982410;Оксид вуглецю;1,8125;1,9;1,625;1,55;1,5;null;1,6875;1,8125;1,9;1,75;1,475;1,675;null;1,7;1,525;1,7;1,5;1,675;1,625;null;2,05;1,85;1,775;1,775;1,75;1,85;null;1,9;1,725;1,425;1,875;;;;;;;;;;;;
Львів;4982410;Дiоксид азоту;0,0378625;0,045775;0,04288125;0,0453875;0,05110625;null;0,0464875;0,0469625;0,05199375;0,0655625;0,04934375;0,04676875;null;0,045425;0,0634375;0,0566875;0,0546875;0,0594875;0,05565;null;0,0553875;0,0435875;0,0470875;0,047125;0,0438125;0,044975;null;0,0528125;0,0519625;0,0502875;0,0676125;;;;;;;;;;;;
Львів;4982410;Оксид азоту;0,0242;0,0257625;0,02715;0,0276375;0,0318;null;0,0272125;0,0299875;0,0361875;0,0423125;0,0281875;0,0285625;null;null;null;null;null;null;null;null;null;null;null;null;null;null;null;null;null;null;null;;;;;;;;;;;;
Львів;4982410;Фтористий водень;0,004275;0,0036625;0,0036375;0,003625;0,0038375;null;0,00384375;0,0041;0,00425625;0,00381875;0,00388125;0,00370625;null;0,0043;0,00545;0,004875;0,004925;0,0044875;0,0049375;null;0,0053625;0,0046625;0,00485;0,0042375;0,0055375;0,005225;null;0,0059;0,00565;0,0061;0,005775;;;;;;;;;;;;
Львів;4982410;Формальдегiд;0,0103875;0,009725;0,01;0,0104875;0,009175;null;0,01238125;0,0105875;0,01044375;0,010875;0,01024375;0,00968125;null;0,0113;0,0091125;0,01465;0,0118875;0,012475;0,0129;null;0,0145;0,0132625;0,0124;0,012225;0,016075;0,014625;null;0,015525;0,0152625;0,01455;0,0153875;;;;;;;;;;;;
Миколаїв;4703200;Завислі речовини;0,2875;0,15;0,075;0,1;0,0625;null;0,075;0,0875;0,075;0,0875;0,0875;0,0625;null;0,1;0,1;0,1;0,05;0,05;0,075;null;0,125;0,1125;0,1;0,1125;0,0875;0,0875;null;0,1125;0,1;0,0875;0,15;;;;;;;;;;;;
Миколаїв;4703200;Дiоксид сiрки;0,0062;0,008025;0,009475;0,007;0,0061375;null;0,006175;0,0068375;0,0062375;0,0060875;0,0052375;0,0085875;null;0,0056125;0,003875;0,0051625;0,008525;0,0076125;0,011425;null;0,00705;0,00495;0,0050875;0,005575;0,008425;0,005825;null;0,0049875;0,00605;0,0071375;0,0071625;;;;;;;;;;;;
Миколаїв;4703200;Оксид вуглецю;1,75;1,875;1,75;1,875;1,375;null;2;1,875;1,875;1,875;2;1,5;null;2,125;2,25;1,125;1,25;1,125;0,625;null;1,25;1;1,625;1,375;1;0,75;null;1,5;1,375;1,5;1,375;;;;;;;;;;;;
Миколаїв;4703200;Дiоксид азоту;0,019675;0,01971875;0,029775;0,03138125;0,017675;null;0,02095;0,0301875;0,04469375;0,05749375;0,04043125;0,02400625;null;0,03036875;0,0156;0,01825625;0,03076875;0,02939375;0,02989375;null;0,02710625;0,028275;0,0270375;0,0258375;0,0272;0,0238375;null;0,02556875;0,024075;0,03036875;0,03995;;;;;;;;;;;;
Миколаїв;4703200;Оксид азоту;0,009275;0,010475;0,01635;0,0237;0,0117;null;0,0124;0,023525;0,017925;0,014075;0,016575;0,0128;null;0,014125;0,012425;0,01715;0,0176;0,0156;0,016725;null;0,01255;0,011825;0,016225;0,01465;0,01335;0,0123;null;0,012175;0,015575;0,013525;0,016525;;;;;;;;;;;;
Миколаїв;4703200;Фтористий водень;0,0016625;0,0016375;0,0018;0,001825;0,001725;null;0,001225;0,001425;0,00135;0,00235;0,0016875;0,001575;null;0,0011125;0,0013375;0,0018125;0,002625;0,0021875;0,002225;null;0,00195;0,0025625;0,0015;0,0020125;0,0011625;0,0010625;null;0,001375;0,002575;0,00285;0,0026625;;;;;;;;;;;;
Миколаїв;4703200;Формальдегiд;0,01426875;0,0128875;0,01209375;0,011725;0,01089375;null;0,01410625;0,01145;0,0139625;0,01151875;0,00541875;0,006;null;0,0099375;0,01474375;0,01134375;0,0097875;0,00968125;0,0096625;null;0,01185;0,0094875;0,00969375;0,00989375;0,0107375;0,00826875;null;0,00736875;0,00833125;0,00915;0,00874375;;;;;;;;;;;;
Одеса;4643080;Завислі речовини;0,186625;0,185125;0,19775;0,19375;0,188375;null;0,10875;0,142583333;0,173333333;0,184416667;0,184333333;0,081083333;null;0,179;0,224583333;0,208333333;0,222833333;0,199916667;0,169583333;null;0,145916667;0,13225;0,151416667;0,183083333;0,160666667;0,143833333;null;0,21625;0,240583333;0,186833333;0,169416667;;;;;;;;;;;;
Одеса;4643080;Дiоксид сiрки;0,034261538;0,039453846;0,044692308;0,040423077;0,040692308;null;0,016777778;0,030238889;0,034827778;0,036577778;0,032305556;0,047511111;null;0,035733333;0,053144444;0,037911111;0,03455;0,032805556;0,033911111;null;0,0359;0,035611111;0,034366667;0,029561111;0,042911111;0,037561111;null;0,045744444;0,0498;0,045555556;0,033261111;;;;;;;;;;;;
Одеса;4643080;Сульфати;0,0175;0,019;0,02;0,0195;0,021;null;0,007;0,008;0,017;0,019;0,02;0,019;null;0,0155;0,0165;0,0125;0,015;0,0165;0,0145;null;0,0125;0,0055;0,006;0,0105;0,0125;0,0095;null;0,0145;0,0135;0,0175;0,0195;;;;;;;;;;;;
Одеса;4643080;Оксид вуглецю;1,8125;1,6;1,925;1,5625;1,575;null;1,6625;1,5875;1,825;1,5375;1,4875;1,5;null;1,8125;1,275;1,6125;1,45;1,5125;1,4375;null;1,5875;1,6625;1,6625;1,5;1,4625;1,4875;null;1,4375;1,55;1,5625;1,5125;;;;;;;;;;;;
Одеса;4643080;Дiоксид азоту;0,033707692;0,0412;0,047130769;0,039876923;0,058807692;null;0,040294444;0,034638889;0,04685;0,042072222;0,059527778;0,078116667;null;0,059072222;0,063227778;0,057405556;0,058611111;0,044016667;0,029383333;null;0,045844444;0,04835;0,047422222;0,040516667;0,054283333;0,051311111;null;0,067466667;0,073027778;0,049744444;0,030033333;;;;;;;;;;;;
Одеса;4643080;Оксид азоту;null;null;null;null;null;null;0,015225;0,021375;0,021675;0,03975;0,037075;0,0325;null;0,0229;0,042625;0,026375;0,02505;0,030075;0,0337;null;0,032225;0,0276;0,019525;0,02175;0,02585;0,03315;null;0,03635;0,030825;0,0242;0,03355;;;;;;;;;;;;
Одеса;4643080;Сiрководень;0,0012;0,000775;0,000725;0,00085;0,0007;null;0,00135;0,00095;0,001175;0,001275;0,001475;0,0011875;null;0,00105;0,001275;0,0009625;0,0008375;0,0008625;0,0008625;null;0,001275;0,0013;0,0014875;0,0015875;0,0015125;0,0014;null;0,0012;0,0012125;0,0016375;0,0011875;;;;;;;;;;;;
Одеса;4643080;Фенол;0,003121429;0,0032;0,003664286;0,0039;0,004007143;null;0,004409524;0,003509524;0,00362381;0,004038095;0,004042857;0,003342857;null;0,003238095;0,003047619;0,003180952;0,002847619;0,003352381;0,003304762;null;0,00337619;0,003533333;0,003228571;0,003261905;0,003138095;0,003471429;null;0,003333333;0,003380952;0,003547619;0,003704762;;;;;;;;;;;;
Одеса;4643080;Сажа;0,071666667;0,058333333;0,08;0,07;0,068333333;null;0,02625;0,04125;0,03875;0,04625;0,0475;0,02;null;0,0525;0,0525;0,05875;0,05875;0,0475;0,04875;null;0,04875;0,04375;0,05375;0,05375;0,0525;0,0475;null;0,05125;0,045;0,05375;0,06125;;;;;;;;;;;;
Одеса;4643080;Фтористий водень;0,002325;0,001775;0,003575;0,00305;0,003;null;0,00305;0,003775;0,0028375;0,003;0,0042375;0,0047375;null;0,0051375;0,00465;0,0053875;0,0064625;0,0046625;0,0029;null;0,0022875;0,00325;0,002675;0,0035375;0,00385;0,0043625;null;0,002825;0,0040375;0,003525;0,002275;;;;;;;;;;;;
Одеса;4643080;Формальдегiд;0,007;0,0063;0,0063;0,005714286;0,005871429;null;0,008507692;0,007292308;0,008907692;0,007761538;0,008192308;0,007930769;null;0,007153846;0,007476923;0,007576923;0,007853846;0,008992308;0,007330769;null;0,007869231;0,007830769;0,008023077;0,007646154;0,007369231;0,009961538;null;0,007723077;0,007269231;0,007592308;0,007653846;;;;;;;;;;;;
Полтава;4963460;Завислі речовини;0,55;0,3625;0,4;0,3875;0,4875;null;0,2;0,1;0,4375;0,3125;0,35;0,275;null;0,1625;0,1;0,225;0,2375;0,2625;0,25;null;0,2;0,1625;0,25;0,2;0,275;0,225;null;0,1625;0,125;0,1875;0,1375;;;;;;;;;;;;
Полтава;4963460;Дiоксид сiрки;0,00175;0,0015;0,00175;0,00125;0,00125;null;0,002;0,00125;0,00275;0,00125;0,001;0,00125;null;0,002;0,00175;0,00225;0,0015;0,0014375;0,0016875;null;0,002;0,0019375;0,00125;0,00125;0,00225;0,00175;null;0,002;0,00125;0,002375;0,00325;;;;;;;;;;;;
Полтава;4963460;Сульфати;0,005;0;0,005;0;0,005;null;0;0,005;0,005;0,005;0;0,005;null;0,005;0;0,01;0;0;0,005;null;0;0,01;0;0,005;0;0,005;null;0;0,005;0,005;0,01;;;;;;;;;;;;
Полтава;4963460;Оксид вуглецю;1,222222222;1,777777778;1,444444444;1,777777778;2,25;null;1,111111111;1,444444444;2;1,222222222;1,333333333;0,5;null;0,888888889;1,666666667;1,333333333;1,111111111;1,333333333;1,625;null;1,111111111;1,888888889;3;1,444444444;1,888888889;1,5;null;1,333333333;1,222222222;1,333333333;1,666666667;;;;;;;;;;;;
Полтава;4963460;Дiоксид азоту;0,033125;0,025625;0,025;0,035;0,025;null;0,036666667;0,03;0,026875;0,03375;0,033125;0,025625;null;0,033333333;0,0275;0,025625;0,02625;0,026875;0,024375;null;0,038333333;0,038125;0,025625;0,02875;0,033125;0,03375;null;0,038333333;0,026875;0,030625;0,04;;;;;;;;;;;;
Полтава;4963460;Оксид азоту;0,02;0,02;0,02;0,015;0,015;null;0,02;0,02;0,0225;0,0175;0,01;0,015;null;0,01;0,01;0,0125;0,005;0,02;0,015;null;0,006666667;0,02;0,01;0,0175;0,0125;0,0175;null;0,023333333;0,0125;0,0125;0,0225;;;;;;;;;;;;
Полтава;4963460;Фтористий водень;0,001375;0,00075;0,00275;0,001375;0,00175;null;0,001833333;0,001375;0,00175;0,002125;0;0,002375;null;0,001833333;0,00175;0,001375;0,001125;0,00075;0,001;null;0,001833333;0,00275;0,002375;0,00175;0,001375;0,00175;null;0,002833333;0,001375;0,002375;0,002125;;;;;;;;;;;;
Полтава;4963460;Хлористий водень;0,025;0,02;0,025;0,005;0,02;null;0,02;0,025;0,025;0,015;0,015;0,01;null;0,02;0,01;0,015;0,02;0,005;0,02;null;0,026666667;0,035;0,02;0,03;0,015;0,025;null;0,013333333;0,02;0,02;0,025;;;;;;;;;;;;
Полтава;4963460;Амiак;0,01;0,0125;0,0125;0,01;0,005;null;0,016666667;0,0075;0,0075;0,0125;0,0075;0,01;null;0,013333333;0,01;0,0125;0,005;0,01;0,015;null;0,006666667;0,0175;0,01;0,015;0,0125;0,0125;null;0,013333333;0,01;0,0125;0,0125;;;;;;;;;;;;
Полтава;4963460;Формальдегiд;0,003583333;0,00375;0,004333333;0,003;0,003416667;null;0,003;0,003583333;0,00225;0,004333333;0,003583333;0,00225;null;0,003;0,003;0,002833333;0,003;0,00125;0,00225;null;0,005;0,004916667;0,00225;0,004333333;0,0015;0,004333333;null;0,003;0,003;0,003583333;0,004166667;;;;;;;;;;;;
Кременчук;4813330;Завислі речовини;0,462;0,24;0,208;0,15875;0,06875;null;0,145;0,0825;0,21375;0,17125;0,145;0,09625;null;0,12625;0,0975;0,13875;0,094285714;0,11375;0,0675;null;0,1475;0,2375;0,2225;0,13;0,11625;0,08375;null;0,155;0,12;0,18125;0,13375;;;;;;;;;;;;
Кременчук;4813330;Дiоксид сiрки;0,016345455;0,011090909;0,007854545;0,007893333;0,007125;null;0,0090125;0,006925;0,0090125;0,00706875;0,00905;0,0070375;null;0,00584375;0,00640625;0,00680625;0,00684;0,006;0,00596875;null;0,00726875;0,00870625;0,00844375;0,00833125;0,006825;0,00895;null;0,01015625;0,0105625;0,00965;0,0084;;;;;;;;;;;;
Кременчук;4813330;Сульфати;null;null;null;0,01;0,005;null;0,005;0,005;0,005;0,01;0,01;0,005;null;0,01;0,005;0,005;0,01;0,01;0,005;null;0,01;0,01;0,005;0,005;0,005;0,005;null;0,005;0,005;0,005;0,01;;;;;;;;;;;;
Кременчук;4813330;Оксид вуглецю;0,82;0,6;0,92;0,9;0,875;null;0,7375;0,775;1,4375;0,875;0,5875;0,8625;null;0,7375;0,625;0,6875;0,625;0,5;0,4375;null;0,625;2,15;0,8125;0,7625;0,5625;0,6875;null;0,9375;0,6875;0,925;0,9125;;;;;;;;;;;;
Кременчук;4813330;Дiоксид азоту;0,063;0,045545455;0,037990909;0,040406667;0,03425;null;0,04553125;0,0319875;0,05269375;0,0393125;0,0405375;0,02035;null;0,0266625;0,04094375;0,02970625;0,021066667;0,0244;0,02979375;null;0,0356;0,04651875;0,045025;0,034675;0,019875;0,03473125;null;0,0469;0,0438;0,04619375;0,03385625;;;;;;;;;;;;
Кременчук;4813330;Оксид азоту;null;null;null;0,031933333;0,018125;null;0,041275;0,023575;0,036575;0,032075;0,036225;0,02115;null;0,020275;0,028175;0,019175;0,012233333;0,01405;0,01835;null;0,010625;0,032325;0,030075;0,02035;0,023525;0,01975;null;0,030575;0,03605;0,039125;0,0263;;;;;;;;;;;;
Кременчук;4813330;Фенол;0,002927273;0,001845455;0,001236364;0,000466667;0,000216667;null;0,001183333;0,001366667;0,001008333;0,000308333;0,000625;0,002091667;null;0,000808333;0,000333333;0,0006;0,000691667;0,000875;0,000391667;null;0,000716667;0,001908333;0,001166667;0,001391667;0,000783333;0,001041667;null;0,001258333;0,000816667;0,001483333;0,001733333;;;;;;;;;;;;
Кременчук;4813330;Сажа;0,037366667;0,028333333;0,028;0,012075;0,01355;null;0,013425;0,006625;0,018575;0,013375;0,00805;0,010675;null;0,005225;0,010475;0,0103;0,001275;0,00635;0,011475;null;0,016875;0,034375;0,0097;0,007725;0,003875;0,003875;null;0,018175;0,016825;0,015325;0,013075;;;;;;;;;;;;
Кременчук;4813330;Амiак;null;null;null;0,009033333;0,0066;null;0,007325;0,0055;0,0053;0,00645;0,00535;0,004075;null;0,004125;0,00425;0,00635;0,004466667;0,005675;0,005075;null;0,0016;0,0036;0,00835;0,00445;0,00485;0,0063;null;0,0053;0,0045;0,006025;0,009075;;;;;;;;;;;;
Кременчук;4813330;Формальдегiд;0,0068;0,004442857;0,005385714;0,00732;0,0087;null;0,01058;0,00723;0,00466;0,00724;0,00872;0,00799;null;0,00716;0,0074;0,00646;0,005655556;0,00439;0,00466;null;0,00527;0,01068;0,01011;0,00796;0,00719;0,00523;null;0,0036;0,00552;0,00527;0,00497;;;;;;;;;;;;
Рівне;5062620;Завислі речовини;0,05254;0,1329;0,008816667;0;0;null;0,177666667;0,045166667;0,13575;0,12;0;0,07428;null;0;0,052275;0;0,102566667;0;0,038175;null;0,016933333;0;0;0;0,102466667;0,0001;null;0,0175;0,017133333;0;0;;;;;;;;;;;;
Рівне;5062620;Дiоксид сiрки;0,002258333;0;0,001358333;0,003133333;0,000733333;null;0,0006;0;0,000608333;0,002975;0,002866667;0,00095;null;0,000233333;0;0,000483333;0;0,001041667;0,000583333;null;0,002241667;0,002325;0,000616667;0,000533333;0,000691667;0,000258333;null;0;0;0;0;;;;;;;;;;;;
Рівне;5062620;Оксид вуглецю;0,938333333;0,865;1,111666667;1,038333333;1,006666667;null;1,073333333;1,255;1,18;0,936666667;1,021666667;1,003333333;null;0,966666667;1,018333333;1,023333333;0,966666667;1,23;0,911666667;null;1,281666667;1,286666667;0,728333333;0,963333333;1,063333333;1,241666667;null;1,24;1,153333333;0,95;0,826666667;;;;;;;;;;;;
Рівне;5062620;Дiоксид азоту;0,010191667;0,012666667;0,015841667;0,010491667;0,015016667;null;0,015808333;0,013758333;0,017425;0,015233333;0,01045;0,023191667;null;0,0112;0,011858333;0,0286;0,016541667;0,018766667;0,022825;null;0,039516667;0,039166667;0,028408333;0,0153;0,015241667;0,029275;null;0,0239;0,040891667;0,0545;0,066158333;;;;;;;;;;;;
Рівне;5062620;Оксид азоту;0,00826;0,01537;0,01319;0,00699;0,00794;null;0,013655556;0,01364;0,01348;0,00333;0,00762;0,01075;null;0,015211111;0,00732;0,02157;0,0202;0,02225;0,03742;null;0,041833333;0,03657;0,03426;0,01372;0,01433;0,02585;null;0,032211111;0,03066;0,0394;0,05282;;;;;;;;;;;;
Рівне;5062620;Сiрководень;0,00345;0,0012875;0,0014625;0,001625;0;null;0,001242857;0,002375;0,0023375;0,0042375;0,0005625;0,001025;null;0;0,0019;0,00275;0,0049125;0,00545;0,003425;null;0,000914286;0,0019375;0,0026;0,0016875;0,0015625;0,0025625;null;0,002114286;0,0015625;0,000325;0,0003875;;;;;;;;;;;;
Рівне;5062620;Фенол;0;0;0,00113;0,00042;0,00401;null;0,00271;0,00034;0,00096;0,00258;0,00075;0,00261;null;0,00305;0,00296;0,00068;0,001;0;0;null;0,00154;0,00109;0,00126;0;0;0,00197;null;0;0,00205;0,00548;0,00384;;;;;;;;;;;;
Рівне;5062620;Фтористий водень;0,00255;0,0027;0,0011;0,0011375;0,0020125;null;0,0007;0,00155;0,0053625;0,0060875;0,0013875;0,0042;null;0,003742857;0,0003625;0,00395;0,0041875;0,0053875;0,00415;null;0,006557143;0,000875;0,0002125;0,00165;0,0012;0,0016875;null;0,0024;0,0014;0,0022625;0,0021375;;;;;;;;;;;;
Рівне;5062620;Хлористий водень;0,0501625;0,0152625;0,0681125;0,039175;0,024575;null;0,053325;0,0607125;0,034375;0,0415125;0;0,023625;null;0,0184875;0,053275;0,064525;0;0,006625;0,0342375;null;0,0199875;0,0195375;0,0352;0,062725;0,1068375;0,0611375;null;0,0676625;0,0575125;0,1448625;0,1163625;;;;;;;;;;;;
Рівне;5062620;Амiак;0;0,0041;0,0045;0,00455;0,00265;null;0;0;0;0;0;0;null;0;0;0;0;0,003525;0;null;0;0;0;0;0;0;null;0;0;0;0;;;;;;;;;;;;
Рівне;5062620;Формальдегiд;0,007175;0,0030625;0,0030875;0,0053;0,0028;null;0,003614286;0,003925;0,0028125;0,0035875;0,0030625;0,0088125;null;0,010185714;0,0072125;0,0061125;0,0047125;0,0010375;0,002225;null;0,002785714;0,0076375;0,007675;0,0034;0,0022625;0,0075625;null;0,008957143;0,0103875;0,01355;0,0124;;;;;;;;;;;;
Суми;5093480;Завислі речовини;0,45;0,483333333;0,766666667;0,5;0,5;null;0,416666667;0,266666667;0,283333333;0,316666667;0,483333333;0,45;null;0,25;0,316666667;0,3;0,266666667;0,266666667;0,216666667;null;0,4;0,416666667;0,366666667;0,316666667;0,333333333;0,3;null;0,35;0,316666667;0,316666667;0,3;;;;;;;;;;;;
Суми;5093480;Дiоксид сiрки;0,065416667;0,064416667;0,064555556;0,074333333;0,073583333;null;0,074111111;0,062333333;0,052416667;0,055;0,0545;0,053;null;0,064666667;0,052416667;0,04975;0,047083333;0,047;0,04525;null;0,044111111;0,047083333;0,059833333;0,066666667;0,0765;0,068583333;null;0,058555556;0,056083333;0,059416667;0,065083333;;;;;;;;;;;;
Суми;5093480;Сульфати;0,02;0,015;0,02;0,02;0,03;null;0,015;0,005;0,01;0,005;0,015;0,005;null;0,02;0,005;0,01;0,005;0,005;0,005;null;0,015;0,005;0,02;0,02;0,02;0,015;null;0,015;0;0,015;0,025;;;;;;;;;;;;
Суми;5093480;Оксид вуглецю;1,666666667;2,333333333;4,666666667;2,333333333;2;null;1,5;1,333333333;2;2;2;1,5;null;2;1,833333333;2;1,666666667;1,5;2;null;1,5;2,166666667;1,833333333;1,666666667;1,833333333;1,666666667;null;2;1,833333333;1,5;1,833333333;;;;;;;;;;;;
Суми;5093480;Дiоксид азоту;0,1;0,106666667;0,126666667;0,118333333;0,103333333;null;0,112222222;0,088333333;0,100833333;0,098333333;0,105;0,066666667;null;0,082222222;0,086666667;0,073333333;0,07;0,078333333;0,071666667;null;0,086666667;0,09;0,089166667;0,1;0,12;0,083333333;null;0,092222222;0,09;0,0975;0,081666667;;;;;;;;;;;;
Суми;5093480;Оксид азоту;0,0425;0,04;0,066666667;0,0475;0,055;null;0,056666667;0,0325;0,0575;0,0425;0,0425;0,03;null;0,036666667;0,04;0,035;0,0325;0,035;0,03;null;0,026666667;0,0475;0,0425;0,05;0,05;0,045;null;0,036666667;0,0425;0,0375;0,03;;;;;;;;;;;;
Суми;5093480;Амiак;0,0175;0,02;0,023333333;0,02125;0,015;null;0,02;0,01875;0,0175;0,01625;0,0175;0,01875;null;0,011666667;0,01875;0,01375;0,01375;0,01125;0,015;null;0,013333333;0,015;0,01375;0,01625;0,0175;0,01375;null;0,015;0,0175;0,015;0,01625;;;;;;;;;;;;
Суми;5093480;Формальдегiд;0,005;0,005;0,004;0,006;0,004;null;0,004;0,003;0,006;0,004;0,004;0,005;null;0,005333333;0,003;0,003;0,003;0,00275;0,003;null;0,004;0,003;0,005;0,004;0,003;0,005;null;0,004;0,003;0,005;0,004;;;;;;;;;;;;
Тернопіль;4932530;Завислі речовини;0,08;0,105;0,0625;0;0;null;0,04;0,0725;0,11;0,12;0,055;0,04;null;0,035;0,0825;0,115;0,15;0,1475;0,155;null;0,1225;0,15;0,1475;0,13;0,1575;0,105;null;0,1075;0,095;0,02;0,0725;;;;;;;;;;;;
Тернопіль;4932530;Дiоксид сiрки;0,004725;0,0043125;0,002625;0,0015625;0,000225;null;0,003025;0,0035125;0,0051125;0,0037875;0,002025;0,00195;null;0,00345;0,0049375;0,0051125;0,004175;0,0040375;0,0040375;null;0,0047;0,0051125;0,00515;0,0040375;0,004375;0,0047125;null;0,0053875;0,005575;0,0024125;0,0045625;;;;;;;;;;;;
Тернопіль;4932530;Оксид вуглецю;2,975;4,05;4;1,925;2,6;null;3,225;3,6;3,575;3,15;3,775;3,025;null;2,95;3,075;3,025;3,3;2,8;3,05;null;3,1;3,7;2,575;3,05;3,25;3,15;null;4;5,025;4,85;4,025;;;;;;;;;;;;
Тернопіль;4932530;Дiоксид азоту;0,0405375;0,04035;0,0398625;0,0453875;0,0334375;null;0,04375;0,048375;0,046475;0,042375;0,0399625;0,0456;null;0,04725;0,0398875;0,038225;0,038025;0,0414875;0,04935;null;0,048075;0,0417375;0,0425125;0,0420875;0,0509;0,049;null;0,05595;0,05465;0,04705;0,046175;;;;;;;;;;;;
Тернопіль;4932530;Оксид азоту;0,022025;0,021375;0,021;0,024075;0,018275;null;0,02475;0,026;0,02525;0,02255;0,02195;0,024775;null;0,025425;0,0216;0,020525;0,020925;0,022675;0,026825;null;0,02695;0,02235;0,023325;0,023525;0,02835;0,027075;null;0,031975;0,031425;0,02665;0,025125;;;;;;;;;;;;
Тернопіль;4932530;Формальдегiд;0,0015625;0,0019;0,0014125;0,000775;0,000325;null;0,00205;0,002375;0,0019625;0,0019;0,000775;0,000875;null;0,001375;0,0028375;0,00305;0,0024625;0,0027;0,003225;null;0,0028125;0,003025;0,0029625;0,0023875;0,00245;0,0026;null;0,0033;0,0030625;0,001375;0,0019125;;;;;;;;;;;;
Харків;4993630;Завислі речовини;0,2016;0,19;0,1696;0,1468;0,1092;null;0,1116;0,0912;0,0876;0,095;0,089;0,0615;null;0,068;0,0725;0,0605;0,0665;0,0595;0,051875;null;0,0775;0,06875;0,07;0,06375;0,065625;0,06375;null;0,074285714;0,0696;0,0684;0,062;;;;;;;;;;;;
Харків;4993630;Дiоксид сiрки;0,0278;0,028096667;0,02732;0,02699;0,02949;null;0,020556667;0,02035;0,026556667;0,021754167;0,025383333;0,0236375;null;0,018954167;0,0185625;0,0195625;0,0190875;0,02;0,021477778;null;0,017127778;0,015705556;0,022666667;0,020077778;0,016177778;0,01495;null;0,020129167;0,02357;0,02255;0,02293;;;;;;;;;;;;
Харків;4993630;Сульфати;0;0,01;0,005;0,005;0,005;null;0;0,005;0,005;0;0;0,01;null;0,01;0;0,005;0;0,005;null;null;null;null;null;null;null;null;null;null;0,01;0;0,01;;;;;;;;;;;;
Харків;4993630;Оксид вуглецю;1,48;1,68;1,95;1,565;1,6;null;1,48;1,35;1,48;1,53125;1,26875;1,3;null;1,18125;1,19375;1,1875;1,08125;1,10625;1,033333333;null;0,925;1,116666667;1,041666667;1,15;1,091666667;1,108333333;null;1,16875;1,215;1,365;1,245;;;;;;;;;;;;
Харків;4993630;Дiоксид азоту;0,031931429;0,030468571;0,033268571;0,031305714;0,03366;null;0,03246;0,030914286;0,029054286;0,031003571;0,035814286;0,028539286;null;0,024175;0,02385;0,023707143;0,023421429;0,026982143;0,033804545;null;0,031572222;0,028013636;0,034336364;0,03235;0,03165;0,031272727;null;0,03055;0,03206;0,029931429;0,028485714;;;;;;;;;;;;
Харків;4993630;Оксид азоту;0,025075;0,02235;0,02255;0,0303;0,031275;null;0,026466667;0,022325;0,0187;null;null;null;null;null;null;null;null;null;null;null;null;null;null;null;null;null;null;0,028066667;0,02825;0,0247;0,023325;;;;;;;;;;;;
Харків;4993630;Сiрководень;0,001125;0,00065;0,001;0,00115;0,001225;null;0,001366667;0,0009;0,000975;0,000975;0,000475;0,000625;null;0,001433333;0,0011;0,001;0,00105;0,00065;0,0009;null;0,000733333;0,00135;0,0013;0,0009;0,000975;0,000875;null;0,000966667;0,0011;0,00105;0,000675;;;;;;;;;;;;
Харків;4993630;Фенол;0,002583333;0,001683333;0,002241667;0,002208333;0,002783333;null;0,002133333;0,00205;0,001908333;0,0025375;0,00225;0,00225;null;0,002533333;0,002975;0,002525;0,002025;0,0026375;0,0026125;null;0,001916667;0,0017625;0,001425;0,001725;0,00225;0,0021;null;0,001811111;0,002008333;0,001566667;0,001766667;;;;;;;;;;;;
Харків;4993630;Сажа;0,043333333;0,05;0,043333333;0,03;0,03;null;0,02;0,01;0,02;0,01;0,03;0,02;null;0,01;0,036666667;0,03;0,01;0,02;0;null;0,02;0,01;0,03;0,01;0,03;0,036666667;null;0,02;0,02;0,036666667;0,02;;;;;;;;;;;;
Харків;4993630;Амiак;0,0076375;0,00975;0,0058;0,0071375;0,0085125;null;0,006566667;0,007;0,00435;0,0079125;0,005325;0,00485;null;0,004583333;0,006475;0,006;0,005525;0,0042375;null;null;null;null;null;null;null;null;null;null;0,006866667;0,0067375;0,00695;;;;;;;;;;;;
Харків;4993630;Формальдегiд;0,002985714;0,00285;0,002982143;0,004207143;0,003082143;null;0,003557143;0,002332143;0,002321429;0,001520833;0,0020125;0,001204167;null;0,003272222;0,002816667;0,002995833;0,001720833;0,001620833;0,00109;null;0,0038;0,00296;0,00276;0,0021;0,001845;0,001565;null;0,002127778;0,002262963;0,001964286;0,001803571;;;;;;;;;;;;
Хмельницький;4942690;Завислі речовини;0,066;0,091;0,1005;0,07625;0,0595;null;0,058;0,0745;0,05925;0,10975;0,0765;0,0745;null;0,091;0,073;0,106;0,07225;0,0475;0,09525;null;0,0875;0,0645;0,0725;0,07925;0,072;0,05625;null;0,06575;0,08125;0,04975;0,05775;;;;;;;;;;;;
Хмельницький;4942690;Дiоксид сiрки;0,01755;0,019;0,0184625;0,019825;0,02075;null;0,018275;0,02025;0,0205625;0,0210125;0,0182;0,0208;null;0,0179;0,0169;0,0192125;0,0199125;0,0175875;0,0172625;null;0,0175;0,017725;0,0187375;0,019675;0,0187;0,0192;null;0,0180875;0,0192;0,0194625;0,01955;;;;;;;;;;;;
Хмельницький;4942690;Сульфати;0,008625;0,009675;0,008675;0,0083;0,0082;null;0,007675;0,0071;0,006525;0,00635;0,006725;0,00735;null;0,0084;0,0072;0,008175;0,00675;0,00675;0,00755;null;0,008575;0,009;0,00835;0,007575;0,007075;0,006875;null;0,0073;0,006575;0,00765;0,00795;;;;;;;;;;;;
Хмельницький;4942690;Оксид вуглецю;1,5325;1,525;1,95;2,02;1,575;null;1,4475;2,1575;1,685;1,725;1,5625;1,925;null;1,54;1,4975;1,8575;1,8075;2,12;1,87;null;2,1275;2,235;2,17;2,12;1,9275;1,7675;null;2,1175;2,2;2,0275;1,895;;;;;;;;;;;;
Хмельницький;4942690;Дiоксид азоту;0,0392875;0,0433;0,0376875;0,0507875;0,0271625;null;0,03205;0,047625;0,031375;0,033325;0,0297625;0,026275;null;0,0408;0,0541;0,034525;0,029075;0,039025;0,03915;null;0,0405375;0,042625;0,0303375;0,04445;0,049075;0,0366625;null;0,0312;0,021575;0,0225;0,0329;;;;;;;;;;;;
Хмельницький;4942690;Оксид азоту;0,030125;0,0357;0,0356375;0,0371;0,026675;null;0,024375;0,0349375;0,0444;0,04275;0,0246875;0,0260625;null;0,0222125;0,0411;0,02775;0,024925;0,0307875;0,0305;null;0,0503875;0,032775;0,0301875;0,039725;0,035725;0,04915;null;0,035075;0,021225;0,029475;0,0266125;;;;;;;;;;;;
Хмельницький;4942690;Фенол;0,000966667;0,000866667;0,001183333;0,0019;0,00135;null;0,0021;0,0015;0,00175;0,002183333;0,00225;0,001383333;null;0,00145;0,00095;0,0008;0,000366667;0,00095;0,000766667;null;0,001316667;0,000616667;0,0012;0,00095;0,0014;0,001033333;null;0,00155;0,001616667;0,001516667;0,001366667;;;;;;;;;;;;
Хмельницький;4942690;Хлористий водень;0,038125;0,038725;0,0677;0,14365;0,07895;null;0,0884;0,08695;0,08745;0,089725;0,129325;0,08535;null;0,08365;0,092575;0,069675;0,051975;0,05245;0,044;null;0,035425;0,050825;0,068525;0,083225;0,076225;0,056475;null;0,05695;0,03645;0,022725;0,0408;;;;;;;;;;;;
Хмельницький;4942690;Амiак;0,01115;0,007725;0,010525;0,010875;0,0074;null;0,012075;0,0107;0,011675;0,01305;0,010375;0,013625;null;0,01005;0,012325;0,00915;0,00825;0,00775;0,008825;null;0,00825;0,00545;0,016675;0,021575;0,010525;0,0085;null;0,007125;0,005525;0,00535;0,005575;;;;;;;;;;;;
Хмельницький;4942690;Формальдегiд;0,0011;0,001533333;0,001783333;0,00115;0,0013;null;0,001916667;0,000883333;0,001533333;0,0014;0,001033333;0,00125;null;0,0011;0,00135;0,001466667;0,0011;0,001083333;0,000966667;null;0,00135;0,00145;0,001483333;0,001833333;0,001066667;0,001083333;null;0,001366667;0,0026;0,0018;0,001516667;;;;;;;;;;;;
Херсон;4673270;Завислі речовини;0,1;0;0;0,025;null;null;0;0,025;0;0;0;null;null;0;0;0;0;0;null;null;0;0;0,075;0,025;0;null;null;0;0;0;0;;;;;;;;;;;;
Херсон;4673270;Дiоксид сiрки;0,001625;0,00575;0,0055;0;null;null;0,0015;0,00325;0;0;0,000875;null;null;0,002;0,00075;0,005125;0,0075;0,004125;null;null;0;0;0,0035;0,00025;0,0025;null;null;0,003666667;0,002875;0,00075;0;;;;;;;;;;;;
Херсон;4673270;Сульфати;0,005;0,015;0;0,01;null;null;0,005;0;0;0;0,005;null;null;0,005;0;0;0;0;null;null;0,005;0;0,005;0;0;null;null;0;0;0;0,01;;;;;;;;;;;;
Херсон;4673270;Оксид вуглецю;0,228333333;0,28;0,293333333;0,228333333;null;null;0,231666667;0,251666667;0,255;0,24;0,27;null;null;0,201666667;0,166666667;0,228333333;0,236666667;0,341666667;null;null;0,251666667;0,446666667;0,653333333;0,263333333;0,221666667;null;null;0,27;0,295;0,31;0,226666667;;;;;;;;;;;;
Херсон;4673270;Дiоксид азоту;0,12375;0,20625;0,1475;0,22;null;null;0,198333333;0,15;0,13625;0,19;0,175;null;null;0,191666667;0,15375;0,15625;0,175;0,17375;null;null;0,183333333;0,15625;0,185;0,1725;0,17;null;null;0,168333333;0,22;0,19875;0,26375;;;;;;;;;;;;
Херсон;4673270;Оксид азоту;0,085;0,0875;0,095;0,1375;null;null;0,153333333;0,09;0,095;0,1025;0,0875;null;null;0,12;0,1125;0,0725;0,08;0,0975;null;null;0,08;0,1;0,105;0,135;0,11;null;null;0,123333333;0,1075;0,1;0,1225;;;;;;;;;;;;
Херсон;4673270;Фенол;0,000875;0,000875;0,001375;0,0025;null;null;0,003666667;0,00275;0,00075;0,001375;0,0015;null;null;0,001;0,002125;0,000375;0;0,002;null;null;0,001166667;0,002;0,00025;0,001625;0,0015;null;null;0,001833333;0,001125;0,001125;0,001375;;;;;;;;;;;;
Херсон;4673270;Формальдегiд;0;0;0;0;null;null;0;0;0,0025;0;0;null;null;0;0;0;0;0;null;null;0;0;0;0;0;null;null;0;0;0;0;;;;;;;;;;;;
Черкаси;4933200;Завислі речовини;0,1;0,2;0,25;0,166666667;0,05;null;0;0,1;0,1;0,15;0,116666667;0;null;0,05;0,1;0,1;0,125;0,125;0,15;null;0,1;0,15;0,15;0,1;0,15;0,15;null;0,15;0,1;0,1;0,15;;;;;;;;;;;;
Черкаси;4933200;Дiоксид сiрки;0,0253;0,0242;0,0188;0,0176;0,0182;null;0,01575;0,0162;0,0173;0,0179;0,0207;0,0168;null;0,0166;0,019333333;0,022;0,020166667;0,02;0,021166667;null;0,02;0,035166667;0,0395;0,021666667;0,021333333;0,019166667;null;0,0222;0,020166667;0,0205;0,021;;;;;;;;;;;;
Черкаси;4933200;Сульфати;0,015;0,015;0,015;0,015;0,015;null;0,01;0,01;0,01;0,01;0,01;0,015;null;0,01;0,01;0,01;0,015;0,01;0,01;null;0,01;0,01;0,01;0,01;0,01;0,01;null;0,01;0,01;0,015;0,01;;;;;;;;;;;;
Черкаси;4933200;Оксид вуглецю;2;2,833333333;2,833333333;1;1,333333333;null;1,166666667;1,333333333;1,166666667;1;1,166666667;1,333333333;null;1;1;1;1;1,75;1,5;null;1,5;1,5;1,25;1;1;1;null;1,25;2;1,5;1;;;;;;;;;;;;
Черкаси;4933200;Дiоксид азоту;0,033333333;0,043333333;0,040833333;0,029166667;0,0375;null;0,026666667;0,024166667;0,025;0,025833333;0,029166667;0,0275;null;0,031666667;0,02625;0,02625;0,0325;0,0225;0,03;null;0,04;0,04375;0,04125;0,04125;0,0375;0,0325;null;0,023333333;0,02875;0,0325;0,02875;;;;;;;;;;;;
Черкаси;4933200;Оксид азоту;0,02;0,0275;0,0375;0,0325;0,0325;null;0,02;0,025;0,0225;0,02;0,03;0,02;null;null;null;null;null;null;null;null;null;null;null;null;null;null;null;null;null;null;null;;;;;;;;;;;;
Черкаси;4933200;Сiрководень;0,002;0,001833333;0,002666667;0,002583333;0,002;null;0,002;0,001916667;0,002;0,002416667;0,002166667;0,001916667;null;0,002166667;0,002;0,001875;0,001625;0,001375;0,002;null;0,002166667;0,002;0,002;0,002125;0,00175;0,002;null;0,002;0,002125;0,002125;0,0015;;;;;;;;;;;;
Черкаси;4933200;Амiак;0,034166667;0,035833333;0,043333333;0,043333333;0,061666667;null;0,036666667;0,036666667;0,033333333;0,0375;0,049166667;0,044166667;null;0,036666667;0,03625;0,035;0,035;0,03;0,04375;null;0,031666667;0,0325;0,04;0,04625;0,0425;0,04125;null;0,036666667;0,03;0,03625;0,03875;;;;;;;;;;;;
Черкаси;4933200;Формальдегiд;0,00975;0,0095;0,00725;0,00725;0,00625;null;0,013;0,00875;0,014;0,01575;0,01425;0,00575;null;0,006666667;0,00525;0,007;0,003;0,0055;0,00825;null;0,013666667;0,01025;0,01175;0,014;0,006;0,0105;null;0,003666667;0,0085;0,0095;0,00725;;;;;;;;;;;;
Чернівці;4832590;Завислі речовини;0;0;0,05;0,025;0,083333333;null;0,033333333;0;0;0;0;0;null;0;0;0,016666667;0,016666667;0,033333333;0;null;0,016666667;0,033333333;0,033333333;0,016666667;0;0;null;0,033333333;0,033333333;0,033333333;0;;;;;;;;;;;;
Чернівці;4832590;Дiоксид сiрки;0,00138;0,0010625;0,000425;0,001125;0,001954545;null;0,002208333;0,002766667;0,002975;0,003241667;0,003258333;0,007091667;null;0,006216667;0,003825;0,000425;0,002816667;0,001283333;0,000833333;null;0,001558333;0,001416667;0,002266667;0,002541667;0,001516667;0,000841667;null;0,001575;0,001766667;0,00115;0,00305;;;;;;;;;;;;
Чернівці;4832590;Оксид вуглецю;0,142857143;0,125;0,125;0,375;0,243;0,1125;0,366;0,168;0,352;0,243;0,141;0,2;0,75;0,3;0,7;0,5;0,3;0,7;0,7;1;0,8;0,8;0,8;0,9;0,8;0,7;1;1;0,9;0,9;0,6;;;;;;;;;;;;
Чернівці;4832590;Дiоксид азоту;0,0127;0,016791667;0,017058333;0,0167;0,013946667;0,004375;0,02860625;0,02554375;0,01463125;0,02419375;0,0248625;0,0218875;0,014725;0,0312625;0,0188625;0,0165875;0,01715;0,03398125;0,0335875;0,0208;0,03145;0,03815;0,02940625;0,02755;0,032575;0,0293625;0,021325;0,02831875;0,01541875;0,0170125;0,0160375;;;;;;;;;;;;
Чернівці;4832590;Оксид азоту;0,003075;0,007025;0,013025;0,021825;0,018185714;0,0031;0,0172;0,01875;0,0114875;0,0151375;0,0190875;0,0099125;0,00515;0,009425;0,0109375;0,0072375;0,0127875;0,0253;0,0391375;0,013225;0,0435125;0,0185125;0,0159625;0,022575;0,0390375;0,02055;0,012;0,01665;0,007375;0,0076875;0,0020625;;;;;;;;;;;;
Чернівці;4832591;Озон;null;null;null;null;0;null;0,000225;0,00095;0,00375;0,001125;0,0019;0,00165;null;0,0009;0,000875;0,0039;0,001225;0,0006;0,000375;null;0,00165;0,00405;0,00285;0,002275;0,003075;0,003925;null;0,0026;0,001175;0,0019;0,000825;;;;;;;;;;;;
Чернівці;4832590;Фенол;0,00036;0;0;0,0016875;0,000125;null;0;0,000775;0,000475;0,0001625;0;0,000125;null;0,000125;0,00045;0,0003875;0,0007;0;0,00175;null;0,0009375;0,000775;0;0,0011375;0,0014625;0;null;0;0,0001625;0,0008625;0;;;;;;;;;;;;
Чернівці;4832590;Фтористий водень;0;0,101925;0,143575;0,166275;0,14605;null;0,118275;0,109225;0,1233;0,034425;0,19415;0;null;0,1691;0,129275;0,0401;0,0677;0,1167;0;null;0,0904;0,0783;0,096725;0,08105;0,077675;0,012425;null;0,103475;0,092575;0,146125;0,064875;;;;;;;;;;;;
Чернівці;4832590;Хлористий водень;0,006175;0,00385;0,00465;0,012375;0,014371429;null;0,0101125;0;0,000275;0,001975;0,0016625;0;null;0;0,0000875;0,0005375;0,000175;0;0;null;0;0,0009625;0,0006;0,0021875;0,001375;0;null;0,0008125;0,0006125;0,003475;0,0039;;;;;;;;;;;;
Чернівці;4832590;Формальдегiд;null;null;null;null;null;null;null;null;null;null;null;null;null;null;null;null;null;null;null;null;null;null;null;null;null;null;null;null;null;null;null;;;;;;;;;;;;
Ізмаїл;4542880;Завислі речовини;0,145;0,085;0,05;0,03;0,05;null;0,03;0,05;0,065;0,05;0,05;0,03;null;0,05;0,07;0,085;0,085;0,07;0,05;null;0,05;0,07;0,03;0,085000153;0,05;0,07;null;0,065;0,085;0,03;0,07;;;;;;;;;;;;
Ізмаїл;4542880;Дiоксид сiрки;0,02335;0,025775;0,020025;0,02105;0,0261;null;0,034033333;0,02425;0,028000055;0,0322;0,024825;0,020275;null;0,028766667;0,021375;0,0173;0,024875;0,025025;0,019575038;null;0,028333333;0,031125008;0,018150008;0,024875079;0,02055;0,02385;null;0,026733333;0,02582504;0,023675;0,018875;;;;;;;;;;;;
Ізмаїл;4542880;Сульфати;0,015;0,01;0,005;0;0,005;null;0;0,005;0,005;0,005;0;0;null;0,005;0,01;0,01;0,005;0,01;0,005;null;0;0,005;0;0,01;0,005;0,005;null;0,005;0,01;0;0,005;;;;;;;;;;;;
Ізмаїл;4542880;Оксид вуглецю;0,42;0,595;0,835;1,135;0,68;null;0,575;0,39;0,58;0,37;0,315;0,36;null;0,49;0,69;0,9;0,885;0,725;0,675001221;null;0,73;0,61;0,655;0,675;0,835;0,63;null;0,595;0,69;0,65;0,675;;;;;;;;;;;;
Ізмаїл;4542880;Дiоксид азоту;0,0606;0,03795;0,058225;0,06515;0,068725;null;0,061533333;0,063375;0,060650131;0,0622;0,0674;0,058725;null;0,079666667;0,063725031;0,0451;0,04735;0,069825;0,05812511;null;0,066533333;0,04725004;0,054150061;0,069275061;0,052325;0,0571;null;0,067066667;0,04985;0,06825;0,047775;;;;;;;;;;;;
Ізмаїл;4542880;Сiрководень;0,001325;0,00125;0,0011;0,001625;0,000725;null;0,0011;0,00135;0,001150001;0,0019;0,0011;0,00165;null;0,001533333;0,001425;0,00185;0,001275;0,000925;0,0014;null;0,0013;0,00105;0,001400001;0,001525;0,001575;0,001225;null;0,001733333;0,00165;0,001;0,00115;;;;;;;;;;;;
Ізмаїл;4542880;Формальдегiд;0,0021;0,0007;0,0014;0,00285;0,00145;null;0;0,0028;0,0018;0,0011;0,00105;0;null;0,0021;0,0007;0,0014;0,0017;0;0,001000002;null;0,00205;0,002050003;0,00105;0,00105;0,0007;0,00175;null;0,00175;0,00105;0;0,0014;;;;;;;;;;;;
Біла Церква;4983020;Завислі речовини;0,071;0,07075;0,0715;0,07275;0,07225;null;0,071;0,071;0,07175;0,07225;0,07275;0,07125;null;0,07025;0,06125;0,069;0,05125;0,06775;0,05975;null;0,05125;0,052;0,0865;0,05975;0,06075;0,078;null;0,05275;0,06125;0,0705;0,05275;;;;;;;;;;;;
Біла Церква;4983020;Дiоксид сiрки;0,042675;0,042625;0,032875;0,04465;0,0417375;null;0,0359125;0,0442375;0,0413375;0,0406375;0,0440375;0,0475125;null;0,0411625;0,03225;0,0356125;0,0350125;0,0337125;0,0296125;null;0,04285;0,0371875;0,0447625;0,0332;0,0418625;0,039175;null;0,0364375;0,03695;0,034625;0,0385875;;;;;;;;;;;;
Біла Церква;4983020;Оксид вуглецю;0,6;0,55;0,6;0,625;0,625;null;1,25;1,125;1,25;1,125;1,075;1,025;null;1,125;1,05;1;0,875;0,65;0,75;null;1,15;0,9;0,725;0,6;0,6;0,675;null;0,975;0,925;0,975;1,15;;;;;;;;;;;;
Біла Церква;4983020;Дiоксид азоту;0,088575;0,0813875;0,0825375;0,0819625;0,0892875;null;0,0933;0,0985;0,0939;0,097675;0,0888375;0,088125;null;0,112725;0,0975125;0,1022375;0,090775;0,0937875;0,0895125;null;0,1003875;0,0837375;0,1069;0,0907;0,0901375;0,084175;null;0,0941;0,0847375;0,08265;0,0826375;;;;;;;;;;;;
Олександрія;4843230;Завислі речовини;0,45;0,25;0,2;0,3;0,3;null;0,3;0,25;0,4;0,35;0,4;0,4;null;0,2;0,4;0,2;0,25;0,15;0,15;null;0,15;0,25;0,15;0,2;0,15;0,15;null;0,2;0,1;0,4;0,2;;;;;;;;;;;;
Олександрія;4843230;Дiоксид сiрки;0,019125;0,0156;0,0289;0,021525;0,022375;null;0,027533333;0,017875;0,038325;0,018175;0,02875;0,018875;null;0,022566667;0,017875;0,023525;0,017225;0,016825;0,0213;null;0,0166;0,01485;0,022125;0,01575;0,017025;0,0178;null;0,0185;0,025075;0,017375;0,026275;;;;;;;;;;;;
Олександрія;4843230;Сульфати;0;0,01;0;0,005;0,005;null;0,01;0,005;0,01;0,005;0,01;0,005;null;0,01;0,005;0,005;0,005;0,005;0,005;null;0,01;0,005;0,005;0,005;0;0,01;null;0,01;0;0,01;0,015;;;;;;;;;;;;
Олександрія;4843230;Дiоксид азоту;0,027975;0,0298;0,023975;0,0347;0,027975;null;0,0226;0,03525;0,032325;0,033875;0,028425;0,04695;null;0,029933333;0,0315;0,025025;0,02815;0,026425;0,030525;null;0,0308;0,033775;0,026425;0,032375;0,030275;0,02615;null;0,030366667;0,02495;0,0377;0,036975;;;;;;;;;;;;
Олександрія;4843230;Сажа;0,045;0,045;0,035;0,04;0,115;null;0,035;0,03;0,075;0,095;0,105;0,03;null;0,035;0,09;0,09;0,045;0,085;0,045;null;0,115;0,075;0,09;0,04;0,06;0,07;null;0,09;0,045;0,045;0,06;;;;;;;;;;;;
Горішні Плавні;4903360;Завислі речовини;null;null;null;null;null;null;null;null;null;null;null;0,16;null;0,08;0,155;0,075;0,125;0,175;0,075;null;0,075;0,125;0,1;0,125;0,175;0,075;null;0,13;0,1;0,155;0,105;;;;;;;;;;;;
Горішні Плавні;4903360;Дiоксид сiрки;null;null;null;null;null;null;null;null;null;null;null;0,0034;null;0,0041;0,004075;0,003725;0,0049;0,00605;0,006125;null;0,006725;0,0049;0,00465;0,00825;0,00185;0,002475;null;0,0031;0,003725;0,00335;0,003775;;;;;;;;;;;;
Горішні Плавні;4903360;Оксид вуглецю;null;null;null;null;null;null;null;null;null;null;null;0,25;null;0,1;0,2;0,1;0,15;0,05;0,6;null;0,15;0,35;0,25;0,15;0,15;0,15;null;0,2;0,25;0,25;0,15;;;;;;;;;;;;
Горішні Плавні;4903360;Дiоксид азоту;null;null;null;null;null;null;null;null;null;null;null;0,009333333;null;0,009425;0,0125;0,009925;0,015875;0,020675;0,021975;null;0,0305;0,02215;0,014925;0,037325;0,00615;0,00925;null;0,005575;0,006225;0,00795;0,00565;;;;;;;;;;;;
Горішні Плавні;4903360;Фенол;null;null;null;null;null;null;null;null;null;null;null;0,0002;null;0,0001;0;0,00085;0,0004;0,0003;0,0001;null;0;0,0004;0,0009;0;0,00015;0,0001;null;0,0001;0,0003;0,0007;0,0009;;;;;;;;;;;;
Горішні Плавні;4903360;Сажа;null;null;null;null;null;null;null;null;null;null;null;0,00265;null;0;0,0052;0,0026;0;0,01015;0,00765;null;0,00255;0,00765;0,00525;0,0051;0,00515;0,0026;null;0,00775;0;0,0025;0,0026;;;;;;;;;;;;
Горішні Плавні;4903360;Хлористий водень;null;null;null;null;null;null;null;null;null;null;null;0;null;0;0,0034;0;0,004466667;0,004166667;0;null;0,0032;0;0;0,006066667;0;0,0034;null;0;0,0041;0;0,0033;;;;;;;;;;;;
Горішні Плавні;4903360;Амiак;null;null;null;null;null;null;null;null;null;null;null;0,00145;null;0,00285;0;0,00865;0,0029;0,00985;0,00245;null;0,01115;0,0023;0,00435;0,01115;0;0;null;0,00405;0,00685;0,00385;0;;;;;;;;;;;;
Бровари;5053080;Завислі речовини;0,0355;0,0715;0,0715;0,0545;0,036;null;0,053;0,0535;0,053;0,072;0,036;0,054;null;0,035;0,0525;0,0515;0,0685;0,051;0,0685;null;0,0515;0,0515;0,0695;0,052;0,0525;0,052;null;0,0525;0,052;0,052;0,035;;;;;;;;;;;;
Бровари;5053080;Дiоксид сiрки;0,038275;0,0423;0,041525;0,03645;0,044875;null;0,039925;0,04065;0,0426;0,04545;0,0429;0,03795;null;0,033675;0,03035;0,0323;0,034;0,032375;0,038875;null;0,0365;0,0402;0,03295;0,04115;0,033225;0,037;null;0,032775;0,0338;0,03795;0,033925;;;;;;;;;;;;
Бровари;5053080;Оксид вуглецю;0,6;0,6;0,55;0,5;0,5;null;0,6;0,6;0,55;0,55;0,45;0,55;null;0,55;0,55;0,55;0,55;0,6;0,5;null;0,55;0,6;0,55;0,5;0,55;0,55;null;0,55;0,5;0,6;0,55;;;;;;;;;;;;
Бровари;5053080;Дiоксид азоту;0,0755;0,085025;0,08595;0,0773;0,085325;null;0,086275;0,0811;0,08245;0,091;0,08695;0,0786;null;0,06085;0,055475;0,061625;0,067325;0,065325;0,07515;null;0,06955;0,075625;0,06655;0,078525;0,068425;0,076725;null;0,06505;0,064025;0,072775;0,066275;;;;;;;;;;;;
Обухів;5013060;Завислі речовини;0,0885;0,107;0,107;0,054;0,09;null;0,0535;0,0355;0,0355;0,0725;0,0725;0,036;null;0,0525;0,035;0,0855;0,0685;0,0845;0,034;null;0,069;0,0685;0,07;0,069;0,035;0,052;null;0,087;0,1035;0,069;0,035;;;;;;;;;;;;
Обухів;5013060;Дiоксид сiрки;0,052275;0,055175;0,051725;0,0547;0,04455;null;0,04475;0,0535;0,054;0,050725;0,05855;0,05965;null;0,0434;0,055925;0,034375;0,033225;0,0419;0,036525;null;0,040675;0,037175;0,04585;0,032275;0,04535;0,034325;null;0,043475;0,0364;0,041375;0,0354;;;;;;;;;;;;
Обухів;5013060;Оксид вуглецю;1,95;1,3;1,4;1;1,4;null;1,1;1,8;0,95;0,8;0,75;0,75;null;1,1;0,85;1;0,7;0,75;0,95;null;0,7;0,85;0,9;0,95;1;0,85;null;0,85;0,95;1,2;0,7;;;;;;;;;;;;
Обухів;5013060;Дiоксид азоту;0,09765;0,103625;0,1136;0,085625;0,091375;null;0,076125;0,077225;0,1011;0,1057;0,0897;0,0756;null;0,09465;0,0794;0,057525;0,06485;0,05345;0,051675;null;0,066975;0,05765;0,08585;0,059775;0,05255;0,073575;null;0,0664;0,06755;0,0692;0,05665;;;;;;;;;;;;
Українка;5023080;Завислі речовини;0,0355;0,0535;0,0355;0,0545;0,054;null;0,035;0,0535;0,0355;0,054;0,0365;0,035;null;0,035;0,035;0,069;0,034;0,0505;0,034;null;0,0685;0,034;0,0685;0,034;0,051;0,0515;null;0,0345;0,0345;0,0345;0,035;;;;;;;;;;;;
Українка;5023081;Дiоксид сiрки;0,04675;0,05245;0,05485;0,045375;0,05045;null;0,039775;0,0392;0,047475;0,04235;0,0419;0,051025;null;0,054225;0,0543;0,052925;0,05285;0,045;0,038575;null;0,035975;0,044125;0,0462;0,051525;0,047125;0,047175;null;0,04445;0,0357;0,039925;0,03395;;;;;;;;;;;;
Українка;5023082;Оксид вуглецю;1,27;0,86;0,92;1,055;0,795;null;0,495;0,795;0,85;0,87;0,89;0,815;null;0,815;0,675;0,715;0,51;0,575;0,645;null;0,795;0,725;0,7;0,73;0,545;0,715;null;0,7;0,935;0,91;0,88;;;;;;;;;;;;
Українка;5023083;Дiоксид азоту;0,0851;0,089075;0,10515;0,0804;0,0878;null;0,084625;0,0742;0,071325;0,068975;0,07285;0,094275;null;0,088925;0,0894;0,095175;0,09555;0,083575;0,0745;null;0,069325;0,084825;0,08505;0,094725;0,08655;0,0891;null;0,0837;0,073575;0,0745;0,0676;;;;;;;;;;;;
Житомир;5022870;Завислі речовини;0,07975;0,089;0,09025;0,0815;0,09;null;0,08;0,0805;0,0805;0,082;0,10075;0,08;null;0,07925;0,07925;0,07775;0,07675;0,077;0,0685;null;0,08575;0,0695;0,0875;0,06875;0,09575;0,0695;null;0,088;0,0805;0,0795;0,07975;;;;;;;;;;;;
Житомир;5022871;Дiоксид сiрки;0,035975;0,0392;0,0375125;0,0375375;0,0382125;null;0,0383;0,0385375;0,0383;0,0373375;0,038125;0,038725;null;0,0625375;0,0370125;0,03615;0,0356625;0,0378875;0,0357375;null;0,0367875;0,0382125;0,037175;0,036475;0,038275;0,036575;null;0,03605;0,03905;0,03795;0,0376625;;;;;;;;;;;;
Житомир;5022872;Оксид вуглецю;0,4675;0,655;0,725;0,5825;0,42;null;0,52;0,575;0,56;0,4725;0,605;0,4475;null;0,525;0,565;0,58;0,5325;0,7625;0,54;null;1,1025;0,965;0,825;0,6225;0,6775;0,6025;null;0,72;0,6475;0,6375;0,5825;;;;;;;;;;;;
Житомир;5022873;Дiоксид азоту;0,101225;0,1012375;0,1006;0,105925;0,10765;null;0,0975625;0,1023625;0,1000375;0,1055875;0,108425;0,0995375;null;0,1042;0,0996;0,099225;0,0980375;0,1008125;0,093875;null;0,0971375;0,094425;0,105375;0,1047125;0,09505;0,106325;null;0,1028;0,11085;0,1027875;0,1007375;;;;;;;;;;;;
Чернігів;5143130;Завислі речовини;0,1055;0,07925;0,066;0,09375;0,12;null;0,0795;0,11825;0,1185;0,09375;0,12075;0,06625;null;0,10475;0,065;0,103;0,1015;0,101;0,101;null;0,11325;0,08975;0,1035;0,051;0,1035;0,07725;null;0,1035;0,11525;0,0695;0,10425;;;;;;;;;;;;
Чернігів;5143131;Дiоксид сiрки;0,0426625;0,0357;0,0306375;0,0265125;0,031175;null;0,0337875;0,0373125;0,0376875;0,0291;0,0322;0,0293375;null;0,037325;0,042325;0,0408;0,0338;0,0419;0,0362;null;0,0405125;0,04225;0,0418875;0,0377875;0,0436625;0,046375;null;0,04605;0,0456875;0,04315;0,0461625;;;;;;;;;;;;
Чернігів;5143132;Оксид вуглецю;0,4375;0,415;0,4025;0,425;0,4625;null;0,3625;0,3875;0,4325;0,375;0,35;0,3125;null;0,285;0,325;0,3625;0,335;0,37;0,3425;null;0,6725;0,5075;0,435;0,435;0,6775;0,4125;null;0,55;0,5375;0,4075;0,3725;;;;;;;;;;;;
Чернігів;5143133;Дiоксид азоту;0,0711875;0,0650625;0,0662625;0,0674875;0,0642;null;0,072525;0,0697625;0,0518875;0,0742375;0,0738375;0,0758;null;0,062525;0,0680125;0,0603375;0,050175;0,0658375;0,0564625;null;0,074525;0,0797875;0,0800625;0,0712125;0,081675;0,0702125;null;0,0654875;0,0679;0,0737375;0,06725;;;;;;;;;;;;
