city;coordinateNumber;nameImpurity;1June;3June;4June;5June;6June;7June;8June;10June;11June;12June;13June;14June;15June;17June;18June;19June;20June;21June;22June;24June;25June;26June;27June;28June;29June
Київ;5053050;Завислі речовини;0,077863636;0,07825;0,073368421;0,0785;0,07845;0,079478261;0,0788;0,0782;0,080888889;0,080518519;0,079035714;0,076678571;0,079833333;0,076428571;0,079772727;0,078130435;0,076416667;0,076884615;0,0792;0,076454545;0,078833333;0,080666667;0,080045455;0,080176471;0,0775
Київ;5053050;Дiоксид сiрки;0,057739474;0,061361111;0,063044118;0,066054054;0,060591667;0,061394595;0,066169231;0,0600975;0,063773171;0,050164286;0,063283333;0,061307143;0,0558425;0,05892619;0,055336842;0,053958974;0,054060526;0,057759524;0,0578425;0,059593939;0,061245714;0,06170625;0,060060606;0,064591429;0,067693939
Київ;5053050;Сульфати;0,013;0,014;null;0,02;0,014;0,0185;0,14;0,0175;0,0125;0,0115;0,016;0,015;0,011;0,0185;0,0225;0,0225;0,015;0,016;0,0165;0,017;0,0175;null;0,0205;0,021;0,0225
Київ;5053050;Оксид вуглецю;0,868666667;0,963666667;1,183333333;0,925;1,066666667;1,036333333;1,088;1,087666667;0,6721875;0,500625;0,6175;0,6821875;0,685;0,995;1,01375;0,9715625;0,765;0,7784375;1,2525;0,823666667;0,87;0,929333333;1,110666667;1,337333333;1,103571429
Київ;5053050;Дiоксид азоту;0,133578947;0,136511111;0,121455882;0,131724324;0,138536111;0,137240541;0,131448718;0,1300675;0,125356098;0,087988095;0,120011905;0,124757143;0,1347025;0,132278571;0,141210526;0,159628205;0,130771053;0,128611905;0,1380375;0,16156875;0,145922857;0,158229032;0,157071875;0,165368571;0,177734375
Київ;5053050;Сiрководень;0,00235;0,002125;0,001975;0,002475;0,002375;0,0023;0,002825;0,0018;0,0019;0,001483333;0,00215;0,002016667;0,001633333;0,0023;0,002333333;0,003;0,001766667;0,002283333;0,002616667;0,00214;0,002133333;0,002625;0,00284;0,00264;0,0029
Київ;5053050;Фенол;0,00363;0,00394;0,0041;0,00472;0,0047625;0,004963636;0,004563636;0,005191667;0,004864286;0,005292308;0,005271429;0,004785714;0,004691667;0,005114286;0,005372727;0,005216667;0,005375;0,005276923;0,005430769;0,005266667;0,00549;0,00533;0,005438462;0,005888889;0,005583333
Київ;5053050;Фтористий водень;0,00084;0,001036364;0,001072727;0,000888889;0,001181818;0,0012;0,000983333;0,001218182;0,001057143;0,000728571;0,000985714;0,000957143;0,000830769;0,000957143;0,001;0,000983333;0,000938462;0,000969231;0,000914286;0,001042857;0,00108;0,001145455;0,001057143;0,001218182;0,001076923
Київ;5053050;Хлористий водень;0,063888235;0,08493125;0,084464706;0,0922625;0,087988235;0,092211111;0,077133333;0,079764706;0,07591;0,06162;0,076595;0,0756;0,05965;0,079115;0,085373684;0,092968421;0,079221053;0,082968421;0,087145;0,078073684;0,089311111;0,08638;0,0936;0,097388235;0,091161111
Київ;5053050;Амiак;0,006635714;0,007413333;0,007161538;0,007633333;0,007121429;0,0079125;0,00765;0,007475;0,007544444;0,007316667;0,007644444;0,007466667;0,007582353;0,007661111;0,007625;0,008188235;0,007317647;0,008311765;0,007211111;0,0074125;0,007561538;0,008064286;0,008666667;0,009384615;0,008676471
Київ;5053050;Формальдегiд;0,004925;0,004353846;0,004767568;0,004676316;0,004826316;0,00464;0,004127907;0,004074419;0,003053333;0,002017778;0,003104348;0,002526087;0,001981395;0,003243478;0,003963415;0,004704878;0,003;0,003095455;0,003463636;0,003078378;0,004111765;0,004069697;0,004862162;0,004652941;0,004917647
Вінниця;4922860;Завислі речовини;0,1;0,1;0,075;0,05;0;0,1;0,275;0,25;0,15;0,05;0,025;0,05;0,05;0,175;0,225;0,225;0,15;0,05;0,125;0,55;0,275;0,425;0,4;0,275;0,525
Вінниця;4922860;Дiоксид сiрки;0,0011;0;0,00055;0,000275;0,0011;0,003775;0,0005375;0,00055;0;0,000275;0,0005375;0,0005375;0,0010875;0,00055;0,0013625;0,0016625;0,0008125;0,00135;0,0002625;0,0029875;0,0010875;0,002175;0,0024875;0,000825;0,0016625
Вінниця;4922860;Оксид вуглецю;0,8;0,85;0,95;0,75;0,7;0,925;0,8;0,85;0,825;0,825;0,8;0,725;0,875;1,65;1,075;0,85;0,85;1,05;0,875;0,7;0,9;1;0,95;0,9;0,75
Вінниця;4922860;Дiоксид азоту;0,0603125;0,0784875;0,0970875;0,0548875;0,066575;0,1207;0,0722125;0,0389875;0,094525;0,0696375;0,0622125;0,059175;0,0445625;0,0598625;0,0888625;0,0519625;0,079775;0,0645125;0,071825;0,074275;0,0398375;0,079525;0,0781875;0,073975;0,0521875
Вінниця;4922860;Фтористий водень;0,0094125;0,007625;0,0049375;0,0101875;0,005675;0,005275;0,0138625;0,0015125;0,005425;0,0087;0,009725;0;0,007525;0,0049125;0,0045;0,0102875;0,011775;0,0056625;0,01455;0,006775;0,009075;0,00645;0,0102;0,012275;0,0072875
Вінниця;4922860;Амiак;0,0075;0,036275;0,024875;0,023;0,02295;0,015;0,00385;0,0134;0,0038;0,0228;0,02825;0,013175;0,020725;0,018975;0,017175;0,01925;0,0229;0;0,023025;0,00565;0,017075;0,02655;0,0096;0,0039;0,0096
Вінниця;4922860;Формальдегiд;0,00835;0,0105;0,01455;0;0;0,0103;0,00205;0;0,0021;0,0021;0,00815;0,00615;0,0103;0,01035;0,00845;0,01265;0,0104;0;0,0021;0,0062;0,01235;0,0125;0,01465;0;0,01265
Луцьк;5082530;Завислі речовини;0,033333333;0,1;0,05;0,033333333;0,066666667;0,1;0,066666667;0,083333333;0,066666667;0,1;0,066666667;0,05;0,083333333;null;null;null;null;null;null;null;null;null;null;null;null
Луцьк;5082530;Дiоксид сiрки;0,001608333;0,002541667;0,00245;0,002208333;0,002166667;0,00145;0,001983333;0,002091667;0,002741667;0,003208333;0,00215;0,001691667;0,00105;null;null;null;null;null;null;null;null;null;null;null;null
Луцьк;5082530;Сульфати;0,005;0,005;0;0,005;0,01;0,01;0,005;0,005;0,01;0,01;0,005;0,005;0,005;null;null;null;null;null;null;null;null;null;null;null;null
Луцьк;5082530;Оксид вуглецю;0;0;0,166666667;0,166666667;0;0,166666667;0;0,5;0;0;0;0,333333333;0;null;null;null;null;null;null;null;null;null;null;null;null
Луцьк;5082530;Дiоксид азоту;0,05995;0,10265;0,115566667;0,077291667;0,054208333;0,039275;0,051808333;0,057116667;0,103633333;0,136975;0,071333333;0,070383333;0,053041667;null;null;null;null;null;null;null;null;null;null;null;null
Луцьк;5082530;Оксид азоту;0,024325;0,03565;0,0609;0,03335;0,011625;0,015025;0,020825;0,018475;0,0668;0,0666;0,032125;0,024275;0,0194;null;null;null;null;null;null;null;null;null;null;null;null
Луцьк;5082530;Фенол;0,005891667;0,00845;0,007391667;0,0069;0,007808333;0,0077;0,006041667;0,006033333;0,007933333;0,008558333;0,00775;0,007025;0,006033333;null;null;null;null;null;null;null;null;null;null;null;null
Луцьк;5082530;Формальдегiд;0,0086875;0,0079125;0,0070375;0,0060875;0,0059625;0,006225;0,005375;0,006125;0,0108125;0,0100375;0,0056375;0,0054125;0,0055875;null;null;null;null;null;null;null;null;null;null;null;null
Ужгород;4862230;Завислі речовини;0,1225;0,1675;0,12;0,125;0,105;0,0975;0,12;0,09;0,0875;0,095;0,1075;0,1075;0,086666667;0,125;0,1575;0,153333333;0,19;0,2425;0,23;0,2075;0,18;0,13;0,1625;0,1375;0,155
Ужгород;4862230;Дiоксид сiрки;0,012125;0,01725;0,015714286;0,0122;0,0132;0,012857143;0,014142857;0,013571429;0,01525;0,012125;0,012125;0,01275;0,012571429;0,015;0,01775;0,015142857;0,017166667;0,0185;0,018125;0,017571429;0,014166667;0,015833333;0,015875;0,015625;0,016166667
Ужгород;4862230;Сульфати;0,004;0,0035;0,005;null;null;0,0035;0,0065;0,005;0,0045;0,005;0,006;0,011;0,003;0,007;0,0085;0,01;null;0,0075;0,008;0,011;null;0,0085;0,01;0,012;0,0105
Ужгород;4862230;Оксид вуглецю;0,79;0,87;0,693333333;1,045;0,77;0,865;0,7525;0,753333333;0,7225;0,6575;0,605;0,625;0,816666667;0,7025;0,7275;0,93;1,265;1,0125;1;0,7325;0,9;0,665;0,65;0,715;0,7125
Ужгород;4862230;Дiоксид азоту;0,047;0,142875;0,076857143;0,0618;0,0696;0,047142857;0,055285714;0,056571429;0,055125;0,048125;0,046;0,048875;0,063428571;0,055625;0,086;0,060857143;0,107666667;0,1485;0,09825;0,086;0,090666667;0,0545;0,106;0,067125;0,114666667
Ужгород;4862230;Оксид азоту;0,033;0,0715;0,05375;0,0375;0,04025;0,0275;0,03475;0,035;0,02975;0,027;0,0245;0,03575;0,02925;0,0295;0,072;0,04025;0,05475;0,0815;0,048;0,039;0,05425;0,0295;0,0475;0,03;0,076
Ужгород;4862230;Формальдегiд;0,009625;0,006375;0,005142857;0,0076;0,0066;0,007285714;0,007857143;0,008285714;0,0055;0,005375;0,005125;0,00625;0,008142857;0,008375;0,007625;0,007285714;0,007833333;0,013875;0,0095;0,008285714;0,008833333;0,007;0,008875;0,008125;0,007666667
Запоріжжя;4793510;Завислі речовини;0,1;0,18;0,1;0,09;0,09;0,11;0,13;0,18;0,13;0,06;0,13;0,111;0,1;0,17;0,1;0,11;0,24;0,24;0,18;0,31;0,23;0,17;0,1;0,19;0,17
Запоріжжя;4793510;Дiоксид сiрки;0,0073;0,006975;0,007764286;0,008614286;0,007871429;0,00635;0,006735714;0,007930769;0,009085714;0,00775;0,007442857;0,0079;0,006907143;0,007961538;0,007792857;0,008678571;0,009021429;0,008264286;0,006914286;0,007915385;0,008957143;0,008907143;0,007814286;0,007907143;0,008578571
Запоріжжя;4793510;Сульфати;0,01;0,015;0,01;0,01;0,01;0,01;0,01;0,01;0,01;0,01;0,015;0,01;0,015;0,01;0,01;0,015;0,01;0,015;0,015;0,01;0,01;0,015;0,01;0,015;0,01
Запоріжжя;4793510;Оксид вуглецю;0,97;1,03;0,69;0,54;0,45;0,77;1,06;0,61;0,53;0,51;0,42;0,7;0,85;0,37;0,58;0,51;0,41;0,7;0,98;0,32;0,5;0,3;0,39;0,87;1,13
Запоріжжя;4793510;Дiоксид азоту;0,061921429;0,072825;0,066728571;0,069935714;0,076085714;0,048921429;0,044121429;0,058107692;0,064221429;0,047628571;0,060521429;0,058864286;0,086221429;0,0691;0,074478571;0,069442857;0,06705;0,069535714;0,083171429;0,076338462;0,078735714;0,071321429;0,065207143;0,067435714;0,048178571
Запоріжжя;4793510;Оксид азоту;0,0491;0,040166667;0,049833333;0,052233333;0,054433333;0,037733333;0,033;0,042766667;0,045133333;0,0356;0,042233333;0,038133333;0,0538;0,0468;0,0515;0,0448;0,0502;0,0416;0,053933333;0,047066667;0,0512;0,050966667;0,044666667;0,0493;0,042566667
Запоріжжя;4793510;Сiрководень;0,002954545;0,002977778;0,003118182;0,003118182;0,003527273;0,003;0,002990909;0,002933333;0,003836364;0,003118182;0,002781818;0,002772727;0,003336364;0,0029;0,003272727;0,003181818;0,0032;0,003672727;0,0032;0,002622222;0,003581818;0,004018182;0,003245455;0,003327273;0,003772727
Запоріжжя;4793510;Фенол;0,00578;0,0066375;0,00464;0,00526;0,00524;0,00503;0,00381;0,004055556;0,00666;0,00525;0,00386;0,00419;0,00615;0,005766667;0,00579;0,00523;0,0059;0,00571;0,00747;0,007044444;0,00795;0,00641;0,00616;0,00606;0,00565
Запоріжжя;4793510;Фтористий водень;0;0,000233333;0,000275;0;0;0;0;0,000233333;0,000575;0;0,000175;0;0,000675;0;0,000425;0,0004;0,0004;0,00045;0,000575;0,000366667;0,000575;0,000775;0;0,0004;0
Запоріжжя;4793510;Хлористий водень;0,04395;0,03244;0,03925;0,052875;0,040575;0,0417375;0,0336375;0,0343;0,056725;0,0338625;0,0388375;0,036625;0,04295;0,035683333;0,0482125;0,0429875;0,039425;0,0433875;0,0413875;0,0449;0,0478875;0,0423125;0,0388125;0,045425;0,044425
Запоріжжя;4793510;Формальдегiд;0,00665;0,006933333;0,00575;0,0049;0,00365;0,006575;0,004475;0,003433333;0,0078;0,004375;0,004125;0,003475;0,008075;0,004533333;0,0043;0,005025;0,00485;0,00305;0,0055;0,005966667;0,0058;0,0066;0,006;0,005125;0,005025
Івано-Франківськ;4892470;Завислі речовини;0,145;0,12;0,15;0,14;0,14;0,16;0,155;0,15;0,14;0,17;0,14;0,145;0,16;0,145;0,15;0,15;0,15;0,14;0,15;null;0,16;0,15;0,14;0,15;0,215
Івано-Франківськ;4892470;Дiоксид сiрки;0,00405;0,00365;0,003625;0,00405;0,003766667;0,018433333;0,004425;0,0043;0,0036;0,002633333;0,0037;0,003925;0,0028;0,00285;0,00245;0,01455;0,004266667;0,003625;0,004;0,0024;0,00405;0,00365;0,0045;0,0033;0,00325
Івано-Франківськ;4892470;Оксид вуглецю;1,75;1,5;1,95;1,75;1,7;2;2,05;1,9;2,2;2,6;1,9;1,9;2,2;1,8;2,05;2;1,8;1,75;1,9;null;2,2;1,85;1,85;2,5;3
Івано-Франківськ;4892470;Дiоксид азоту;0,037725;0,052675;0,060025;0,04235;0,058733333;0,085966667;0,056525;0,033266667;0,0554;0,055;0,042666667;0,056775;0,0508;0,046825;0,08085;0,07675;0,061133333;0,04945;0,053375;0,047;0,0383;0,040425;0,0479;0,053125;0,0329
Івано-Франківськ;4892470;Оксид азоту;0,025675;0,034;0,0381;0,0285;0,037266667;0,042666667;0,03675;0,022333333;0,02985;0,035533333;0,0275;0,0353;0,0332;0,03085;0,0512;0,049475;0,0393;0,03165;0,0348;0,03095;0,025625;0,02695;0,0323;0,035025;0,0228
Дніпро;4863510;Завислі речовини;0,1875;0,2875;0,2625;0,2875;0,275;0,2875;0,225;0,2875;0,3375;0,375;0,3125;0,3125;0,225;0,225;0,225;0,275;0,2875;0,3125;0,2125;0,3125;0,271428571;0,275;0,2875;0,2875;0,2625
Дніпро;4863510;Дiоксид сiрки;0,007208333;0,009333333;0,008909091;0,011666667;0,016458333;0,019833333;0,011458333;0,006944444;0,00675;0,01075;0,015375;0,011083333;0,0055;0,007888889;0,010333333;0,007625;0,014125;0,031541667;0,011583333;0,017882353;0,011347826;0,019333333;0,012708333;0,006083333;0,0075
Дніпро;4863510;Оксид вуглецю;1,916666667;2,166666667;1,833333333;1,833333333;2,166666667;2,083333333;1,833333333;1,916666667;2;2,25;2,083333333;2,083333333;1,75;1,833333333;2;1,666666667;1,666666667;1,833333333;1,916666667;2,166666667;2;1,916666667;1,75;1,916666667;1,833333333
Дніпро;4863510;Дiоксид азоту;0,065833333;0,088333333;0,072727273;0,075416667;0,065;0,072083333;0,079166667;0,087222222;0,065833333;0,064583333;0,060833333;0,062916667;0,055833333;0,063888889;0,057083333;0,063333333;0,057916667;0,061666667;0,06;0,065294118;0,052608696;0,05375;0,054166667;0,06875;0,061666667
Дніпро;4863510;Оксид азоту;0,04;0,04;0,04;0,04;0,035;0,0375;0,0375;0,04;0,0325;0,035;0,0425;0,0425;0,0275;0,026666667;0,0325;0,0375;0,025;0,0325;0,0325;0,046666667;0,0275;0,0275;0,03;0,03;0,03
Дніпро;4863510;Сiрководень;0,001791667;0,0025;0,000863636;0,000791667;0,00275;0,003;0,002791667;0,001388889;0,001291667;0,001333333;0,00225;0,00175;0,001;0,0025;0,002125;0,001458333;0,001416667;0,005041667;0,002375;0,003058824;0,003521739;0,004083333;0,002583333;0,001208333;0,001791667
Дніпро;4863510;Фенол;0,001666667;0,002111111;0,002416667;0,002666667;0,002916667;0,001;0,00275;0,001444444;0,001333333;0,001666667;0,00275;0,002416667;0,00225;0,001666667;0,002333333;0,002083333;0,001916667;0,0025;0,001583333;0,001888889;0,001833333;0,001666667;0,0025;0,002666667;0,002166667
Дніпро;4863510;Амiак;0,04625;0,041666667;0,04;0,0425;0,03625;0,04;0,0475;0,041666667;0,04125;0,04375;0,0525;0,04875;0,0425;0,05;0,05;0,05875;0,0525;0,0475;0,04375;0,043333333;0,04625;0,04375;0,0625;0,055;0,04375
Дніпро;4863510;Формальдегiд;0,015;0,015222222;0,013416667;0,012666667;0,012833333;0,013166667;0,013333333;0,015777778;0,016;0,01425;0,01325;0,013333333;0,014166667;0,015222222;0,014666667;0,012166667;0,013416667;0,014166667;0,012833333;0,013333333;0,011545455;0,011666667;0,012666667;0,015083333;0,016916667
Кривий Ріг;4793340;Завислі речовини;0,43;0,4375;0,6375;0,2625;0,6625;0,5375;0,525;0,3375;0,45;0,15;0,35;0,175;0;0,33;0,44;0,41;0,18;0,49;0,69;0,688888889;0,642857143;0,55;0,61;0,488888889;0,71
Кривий Ріг;4793340;Дiоксид сiрки;0,040076923;0,035625;0,0492;0,0316;0,0366;0,0457;0,0384;0,037375;0,046;0,0395;0,0358;0,0309;0,0105;0,0299;0,033384615;0,042923077;0,024846154;0,029230769;0,039230769;0,031111111;0,040666667;0,039692308;0,034076923;0,0285;0,031
Кривий Ріг;4793340;Оксид вуглецю;1,4;1,5;1,75;1,5;1,625;1,625;1,5;2;3,625;1,75;1,375;1,25;1,375;1,6;1,3;1,8;1,5;1,2;1,7;1,5;1,7;1,3;1,4;1,3;1,7
Кривий Ріг;4793340;Дiоксид азоту;0,028461538;0,02875;0,05;0,024;0,035;0,032;0,032;0,03625;0,053;0,035;0,028;0,031;0,02;0,045;0,041538462;0,036923077;0,031538462;0,020769231;0,036153846;0,028888889;0,026666667;0,03;0,026153846;0,0275;0,031538462
Кривий Ріг;4793340;Оксид азоту;0,013333333;null;null;null;null;null;null;null;null;null;null;null;null;0,02;0,026666667;0,016666667;0,01;0,013333333;0,016666667;0,01;0,02;0,016666667;0,013333333;0,02;0,016666667
Кривий Ріг;4793340;Сiрководень;0,0016;0,001375;0,00225;0,0015;0,00175;0,001125;0,001125;0,0015;0,003;0,001625;0,001;0,001;0,001125;0,0016;0,0017;0,0018;0,0018;0,0012;0,0015;0,001222222;0,001;0,001;0,0011;0,001777778;0,0015
Кривий Ріг;4793340;Фенол;0,00295;0,0035;0,00475;0,002625;0,003875;0,003;0,002625;0,003666667;0,00525;0,0034375;0,002375;0,0025625;0,002625;0,002933333;0,00275;0,00455;0,00315;0,0022;0,00365;0,003428571;0,002642857;0,0024;0,00235;0,003;0,0028
Кривий Ріг;4793340;Амiак;0,01;0,01;0,0125;0,00875;0,010625;0,009375;0,010625;0,0125;0,02;0,01625;0,01;0,00875;0,01;0,011333333;0,012;0,0155;0,0115;0,009;0,011;0,012857143;0,010714286;0,01;0,01;0,008947368;0,012
Кривий Ріг;4793340;Формальдегiд;0,0269;0,02325;0,0285625;0,018;0,0244375;0,021625;0,023375;0,035666667;0,033375;0,026;0,017125;0,021375;0,019125;0,016933333;0,02095;0,0123;0,0196;0,0227;0,0258;0,022857143;0,0215;0,0175;0,0178;0,021684211;0,0217
Кам'янське;4853460;Завислі речовини;0,3117125;0,2753875;0,262475;0,1178;0,2928375;0,2990375;0,177775;0,2683;0,334375;0,3100625;0,28895;0,2624375;0,0652875;0,2062;0,2551875;0,3245625;0,150675;0,170925;0,2747375;0,2554125;0,321575;0,29315;0,315725;0,3179375;0,26055
Кам'янське;4853460;Дiоксид сiрки;0,0093125;0,0095;0,009725;0,011975;0,0093875;0,007525;0,0069375;0,0073625;0,0099125;0,0099875;0,00845;0,009875;0,0082;0,0065875;0,007925;0,0101;0,0100125;0,008875;0,0087125;0,0079875;0,0079375;0,0079375;0,0098125;0,0112375;0,009475
Кам'янське;4853460;Оксид вуглецю;4;3,625;3,625;3,375;3,25;3,375;3,25;3,75;3,625;3,75;3,875;3,625;2,75;3;3,5;3,75;2,875;3,5;3,125;3,125;3,25;3,375;3,625;4,125;4
Кам'янське;4853460;Дiоксид азоту;0,1313375;0,081183333;0,16833125;0,16668125;0,08113125;0,10955;0,11331875;0,171316667;0,1198375;0,115975;0,08215;0,12490625;0,1505125;0,115758333;0,12826875;0,16329375;0,0917875;0,14475625;0,1722125;0,214141667;0,14021875;0,1300375;0,14905625;0,13386875;0,11998125
Кам'янське;4853460;Оксид азоту;0,05405;0,0415;0,0566;0,080875;0,0374;0,045775;0,064425;0,0812;0,0685;0,064925;0,0395;0,0596;0,069725;0,055433333;0,063025;0,0702;0,05495;0,061275;0,08795;0,093666667;0,064475;0,06545;0,073025;0,0529;0,052575
Кам'янське;4853460;Сiрководень;0,004986667;0,004390909;0,004366667;0,004273333;0,00376;0,00394;0,00412;0,005154545;0,00572;0,00422;0,004306667;0,00356;0,003693333;0,004681818;0,004446667;0,004426667;0,004226667;0,004053333;0,004533333;0,003763636;0,003746667;0,003673333;0,00424;0,004606667;0,004546667
Кам'янське;4853460;Фенол;0,00506875;0,004966667;0,00625625;0,00608125;0,00554375;0,0054125;0,0047875;0,005741667;0,006675;0,005575;0,006125;0,00494375;0,0042625;0,00595;0,0048125;0,00615625;0,0052;0,00718125;0,0083375;0,005425;0,0085875;0,00665;0,00505625;0,00535;0,004875
Кам'янське;4853460;Амiак;0,0563625;0,0514125;0,04845;0,052225;0,049475;0,05205;0,04675;0,0523125;0,0558;0,0536625;0,0498125;0,04915;0,041275;0,0447375;0,049525;0,05135;0,047875;0,047425;0,0447625;0,0391875;0,0432125;0,04815;0,0499;0,04485;0,0410875
Кам'янське;4853460;Формальдегiд;0,0207375;0,0148375;0,0124;0,0223875;0,0176625;0,0157625;0,0192125;0,01995;0,0304125;0,0253375;0,0176625;0,0136375;0,0090125;0,0072125;0,00745;0,0088125;0,0106625;0,012;0,011475;0,0092375;0,0096375;0,01165;0,0152;0,013075;0,012475
Краматорськ;4873760;Завислі речовини;0,1375;0,125;0,0875;0,1625;0,1;0,1125;0,075;0,1125;0,125;0,175;0,1375;0,075;0,125;0,125;0,1;0,0875;0,1;0,1125;0,125;0,1125;0,125;0,1;0,1;0,125;null
Краматорськ;4873760;Дiоксид сiрки;0,004525;0,0027875;0,003725;0,0028875;0,003325;0,0026625;0,0024875;0,002575;0,002;0,002225;0,0027125;0,002325;0,002475;0,0016125;0,0024375;0,00215;0,002725;0,0025375;0,0038875;0,00415;0,0033125;0,0033;0,0032625;0,0045;null
Краматорськ;4873760;Оксид вуглецю;1,75;1,875;3;2,125;1,625;2,75;4,875;3,5;2,375;2,5;3,75;3,125;2,375;2,375;2,625;1,625;1,75;2,375;1,75;1,875;1,875;4,25;2,125;1,75;null
Краматорськ;4873760;Дiоксид азоту;0,1180875;0,1349;0,1100125;0,0986;0,1065875;0,0827;0,0834125;0,05965;0,07095;0,079975;0,0843625;0,1019;0,0909125;0,0797125;0,0785625;0,0666625;0,072025;0,0558;0,06615;0,055725;0,0612125;0,0512375;0,0443625;0,0483;null
Краматорськ;4873760;Фенол;0,0053625;0,003;0,0031125;0,00355;0,0029375;0,003575;0,0025875;0,0043875;0,00185;0,00335;0,003925;0,004675;0,007075;0,002875;0,0049125;0,004625;0,0036125;0,0053375;0,003025;0,004425;0,0037625;0,0039875;0,0038;0,005;null
Краматорськ;4873760;Фтористий водень;0,0147;0,0171875;0,0125375;0,016;0,0118;0,0208125;0,016725;0,0158875;0,0136625;0,0116875;0,017375;0,0163625;0,013275;0,0200125;0,02715;0,032875;0,0314125;0,017975;0,011625;0,0125875;0,0071375;0,0064375;0,004775;0,00965;null
Краматорськ;4873760;Формальдегiд;0,013525;0,00995;0,0105625;0,0124;0,0108625;0,0117875;0,010325;0,00745;0,007675;0,0082;0,00525;0,0206;0,0187875;0,009125;0,0115625;0,0133375;0,0115125;0,007675;0,009325;0,007225;0,0069;0,0087875;0,0086;0,008625;null
Кропивницький;4853220;Завислі речовини;0,283333333;0,25;0,266666667;0,266666667;0,266666667;0,35;0,233333333;0,35;0,3;0,3;0,233333333;0,316666667;0,366666667;0,383333333;0,333333333;0,216666667;0,333333333;0,333333333;0,3;0,316666667;0,233333333;0,233333333;0,35;0,316666667;0,316666667
Кропивницький;4853220;Дiоксид сiрки;0,015866667;0,021488889;0,015566667;0,016158333;0,019208333;0,014841667;0,019083333;0,017011111;0,018783333;0,016475;0,017825;0,014083333;0,017583333;0,018988889;0,01765;0,016833333;0,016308333;0,015741667;0,016783333;0,019933333;0,018758333;0,013441667;0,016308333;0,017016667;0,020291667
Кропивницький;4853220;Сульфати;0,005;0,005;0,01;0,005;0,005;0,01;0,005;0,015;0;0;0,005;0,01;0,005;0,015;0,005;0,01;0,01;0,005;0,005;0,005;0,01;0,01;0;0,005;0,005
Кропивницький;4853220;Оксид вуглецю;3,166666667;3,5;3,666666667;3,166666667;4,333333333;3,333333333;2,833333333;3;3,666666667;3;2,5;5;3;3;3,833333333;3,333333333;2,833333333;4,166666667;2,5;4;2,833333333;3,666666667;3,666666667;2,166666667;3,166666667
Кропивницький;4853220;Дiоксид азоту;0,030491667;0,0245;0,025975;0,0297;0,025316667;0,028658333;0,022075;0,020677778;0,033741667;0,026325;0,029041667;0,022908333;0,0289;0,030477778;0,025958333;0,025725;0,0253;0,027358333;0,030691667;0,023055556;0,025225;0,023558333;0,028416667;0,023525;0,028383333
Кропивницький;4853220;Оксид азоту;0,01795;0,014833333;0,015675;0,013075;0,01255;0,02325;0,012125;0,012966667;0,016575;0,01255;0,018475;0,010875;0,0181;0,017066667;0,016025;0,01455;0,01405;0,021125;0,017925;0,010666667;0,0156;0,012025;0,011075;0,02095;0,013025
Кропивницький;4853220;Сажа;0,021666667;0,015;0,013333333;0,013333333;0,02;0,02;0,02;0,018333333;0,013333333;0,015;0,021666667;0,01;0,025;0,01;0,02;0,026666667;0,021666667;0,018333333;0,015;0,02;0,015;0,015;0,023333333;0,018333333;0,018333333
Кропивницький;4853220;Формальдегiд;0,002366667;0,004933333;0,006433333;0,0024;0,0041;0,008166667;0,003733333;0,004166667;0,002666667;0,005233333;0,002033333;0,003766667;0,002866667;0,008166667;0,004366667;0,004433333;0,0029;0,006066667;0,002666667;0,0062;0,0046;0,002333333;0,002966667;0,002933333;0,0044
Світловодськ;4903340;Завислі речовини;0,1;null;0,1;0;0,05;0;0,1;null;0,1;0,05;0,05;0,1;0;null;0;0;0,05;0;0,05;null;0,05;0,05;0;0,1;null
Світловодськ;4903340;Дiоксид сiрки;0,008866667;null;0,0067;0,017666667;0,0132;0,0088;0,011066667;null;0,013333333;0,078;0,0088;0,042366667;0,006566667;null;0,017633333;0,035566667;0,008933333;0,050366667;0,013333333;null;0,019766667;0,0087;0,0222;0,019833333;null
Світловодськ;4903340;Сульфати;0;null;0,005;0,005;0,01;0,01;0,005;null;0,005;0,01;0;0;0,005;null;0,01;0;0,005;0,01;0;null;0,005;0,005;0;0,01;null
Світловодськ;4903340;Оксид вуглецю;2;null;1;1;1;1;1,5;null;1;1;1;1;1;null;1;1;1;1;1;null;1;0;1;1;null
Світловодськ;4903340;Дiоксид азоту;0,0326;null;0,0295;0,018266667;0,014466667;0,043466667;0,036733333;null;0,011;0,022;0,021666667;0,0183;0,0325;null;0,021766667;0,0327;0,026033333;0,0362;0,054466667;null;0,028933333;0,025266667;0,018233333;0,018233333;null
Світловодськ;4903340;Оксид азоту;0,009966667;null;0,022633333;0,0347;0,009866667;0,019666667;0,0274;null;0,012433333;0,0224;0,012166667;0,012466667;0,022033333;null;0,0271;0,019866667;0,025066667;0,041633333;0,037033333;null;0,0197;0,017133333;0,0148;0,0222;null
Світловодськ;4903340;Формальдегiд;0,002333333;null;0,0035;0,0023;0,003433333;0,004533333;0,001166667;null;0,001166667;0,002333333;0,004566667;0,0035;0,001133333;null;0,003466667;0,0035;0,001166667;0,001133333;0,002333333;null;0,001133333;0,002266667;0,0023;0,001133333;null
Львів;4982410;Завислі речовини;0,1725;0,165;0,16375;0,1775;0,16875;0,17;0,175;0,17;0,165;0,1675;0,156666667;0,15125;0,17125;0,175;0,17875;0,185;0,17125;0,17875;0,18125;0,16;0,15625;0,175;0,18;0,1725;0,18
Львів;4982410;Дiоксид сiрки;0,0033375;0,0027375;0,0025125;0,002325;0,00244375;0,00284375;0,00264375;0,003258333;0,0026;0,0028;0,002707692;0,003157143;0,0028;0,002966667;0,00348125;0,007314286;0,006364286;0,003171429;0,0041625;0,002941667;0,0026875;0,003135714;0,002914286;0,003507143;0,00315
Львів;4982410;Оксид вуглецю;2,0875;1,8625;1,9;1,9375;2,1;1,95;2,025;1,9;1,7875;1,925;1,766666667;1,7125;1,9875;2;2,1;2,2;2,0375;2,1125;2,1;1,866666667;1,9;2,05;2,1375;2,125;2,8
Львів;4982410;Дiоксид азоту;0,041725;0,03815625;0,04486875;0,046225;0,03998125;0,04865;0,0452875;0,042158333;0,0399875;0,046058333;0,041907692;0,043071429;0,04959375;0,052816667;0,06535;0,055157143;0,048142857;0,057457143;0,05649375;0,043966667;0,04415;0,047921429;0,049528571;0,057064286;0,0536
Львів;4982410;Оксид азоту;0,028025;0,0245;0,028275;0,030675;0,02285;0,028375;0,0298125;0,0268;0,0240625;0,023125;0,024585714;0,025675;0,0305375;0,029366667;0,032825;0,0328;0,028483333;0,0409625;0,033975;0,023816667;0,0252;0,026016667;0,029;0,035825;0,0322375
Львів;4982410;Фтористий водень;0,0037125;0,00358125;0,00375625;0,003775;0,0039375;0,0035625;0,00409375;0,003691667;0,00386875;0,003725;0,003969231;0,003757143;0,00415;0,004375;0,00490625;0,005542857;0,00425;0,003521429;0,00433125;0,004383333;0,00393125;0,004428571;0,004242857;0,004478571;0,004325
Львів;4982410;Формальдегiд;0,01105625;0,0094;0,01065625;0,0101875;0,01075;0,01160625;0,00964375;0,010508333;0,01075625;0,010091667;0,011630769;0,010121429;0,0102875;0,011141667;0,0121875;0,01325;0,011521429;0,009307143;0,0108125;0,012733333;0,01196875;0,011835714;0,010785714;0,012164286;0,01199375
Миколаїв;4703200;Завислі речовини;0,075;0,05;0,075;0,0625;0,0625;0,05;0,0625;0,0375;0,025;0,0375;0,0625;0,0625;0,0125;0,05;0,05;0,0625;0,0375;0,025;0,0125;0,05;0,025;0,075;0,075;0,1125;0,075
Миколаїв;4703200;Дiоксид сiрки;0,007725;0,0063125;0,0055875;0,009825;0,007525;0,008525;0,009625;0,0058;0,0085375;0,004425;0,0029125;0,00265;0,0026125;0,0047125;0,008125;0,005025;0,0026125;0,0057;0,0057875;0,004625;0,003125;0,0042625;0,0079625;0,006275;0,0062875
Миколаїв;4703200;Оксид вуглецю;0,75;1,25;1,25;1,5;1,125;1,375;0,875;1,5;1,75;1,375;1,25;1,25;0,875;0,875;0,875;1,25;1,375;1,125;0,625;1,125;1,25;1,25;1,375;1,25;1
Миколаїв;4703200;Дiоксид азоту;0,0100125;0,00921875;0,0114625;0,03380625;0,03425;0,0356;0,01809375;0,0250125;0,009525;0,019875;0,031325;0,04455;0,01438125;0,02868125;0,0212375;0,02804375;0,019125;0,020875;0,008175;0,0138375;0,0156625;0,01615625;0,01898125;0,034275;0,02216875
Миколаїв;4703200;Оксид азоту;0,001625;0,011825;0,007725;0,03;0,029325;0,022825;0,0119;0,0078;0,002925;0,00665;0,003975;0,002;0,01095;0,00785;0,009475;0,0062;0,004125;0,002475;0,00165;0,003325;0,00285;0,00165;0,002075;0,001225;0,00165
Миколаїв;4703200;Фтористий водень;0,0007875;0,0012;0,00225;0,0022;0,0007;0,000525;0,0005;0,002;0,0027875;0,00255;0,00235;0,001625;0,001625;0,001525;0,001875;0,001725;0,00155;0,002075;0,0017125;0,002125;0,0029;0,001825;0,001225;0,0014;0,001425
Миколаїв;4703200;Формальдегiд;0,0017;0,0053875;0,00630625;0,00845;0,0075625;0,00926875;0,006225;0,01096875;0,00565;0,0103375;0,00776875;0,007875;0,004875;0,0088375;0,00880625;0,00808125;0,00796875;0,0082375;0,0036125;0,0056875;0,0065;0,00958125;0,0089375;0,00803125;0,00626875
Одеса;4643080;Завислі речовини;0,149857143;0,166916667;0,14;0,19775;0,213875;0,172;0,152;0,12825;0,159875;0,13925;0,086375;0,0955;0,11025;0,190375;0,192875;0,2365;0,280375;0,195125;0,152125;0,202;0,231;0,218125;0,27875;0,261375;0,221125
Одеса;4643080;Дiоксид сiрки;0,039454545;0,045455556;0,050636364;0,050736364;0,039054545;0,043518182;0,048645455;0,044790909;0,050045455;0,052018182;0,048009091;0,055845455;0,047390909;0,050045455;0,050454545;0,043863636;0,051118182;0,042054545;0,048527273;0,051027273;0,038072727;0,045454545;0,042281818;0,045772727;0,051809091
Одеса;4643080;Сульфати;0,0135;0,0205;0,013;0,0225;0,02;0,0155;0,016;0,0165;0,0215;0,0155;0,008;0,008;0,0125;0,0185;0,023;0,024;0,0225;0,0225;0,0185;0,018;0,021;0,019;0,0245;0,025;0,023
Одеса;4643080;Оксид вуглецю;2,45;2,716666667;2,166666667;2,6;2,233333333;2,133333333;2,4;2,527216667;2,46985;2,066666667;2,2;2,25;1,983333333;2,233333333;2,366666667;2,166666667;2,2;2,15;2,35;2,166666667;2,316666667;2,2;2,133333333;2,183333333;2,316666667
Одеса;4643080;Дiоксид азоту;0,058990909;0,055777778;0,0614;0,051309091;0,056827273;0,053263636;0,047554545;0,061363636;0,049472727;0,0587;0,059781818;0,061745455;0,060818182;0,058236364;0,061581818;0,062881818;0,0545;0,057290909;0,060054545;0,070990909;0,058354545;0,0515;0,051363636;0,066090909;0,057854545
Одеса;4643080;Оксид азоту;0,0318;0,03975;0,035975;0,03235;0,02925;0,037375;0,0298;0,032;0,043925;0,039525;0,02645;0,0414;0,039875;0,0374;0,042275;0,04165;0,03815;0,043875;0,037275;0,0397;0,0205;0,0345;0,045575;0,0375;0,04115
Одеса;4643080;Сiрководень;0,002075;0,0024625;0,0019375;0,001825;0,001575;0,0021125;0,0019375;0,001775;0,0011;0,0012875;0,0014625;0,0015625;0,0015;0,0011;0,0016125;0,001375;0,0013625;0,0015125;0,0015625;0,0015375;0,0010875;0,0016125;0,001975;0,002025;0,001725
Одеса;4643080;Фенол;0,00407619;0,004428571;0,004526667;0,004113333;0,003946667;0,00386;0,00356;0,003786667;0,004073333;0,003906667;0,00312;0,001393333;0,002613333;0,003153333;0,003553333;0,003626667;0,003;0,003126667;0,003913333;0,003993333;0,003366667;0,00306;0,003586667;0,003793333;0,005653333
Одеса;4643080;Сажа;0,039;0,05125;0,035;0,04;0,051666667;0,053333333;0,06;0,056666667;0,058333333;0,055;0,035;0,023333333;0,021666667;0,036666667;0,045;0,051666667;0,058333333;0,046666667;0,041666667;0,061666667;0,061666667;0,086666667;0,11;0,11;0,101666667
Одеса;4643080;Фтористий водень;0,00327;0,004025;0,0039;0,0044375;0,0033875;0,0045625;0,003175;0,003675;0,0039625;0,0043625;0,005075;0,0035625;0,0039375;0,0045125;0,0033625;0,00305;0,0038625;0,0061375;0,0083375;0,0092875;0,00425;0,0049375;0,0046;0,00295;0,00405
Одеса;4643080;Формальдегiд;0,00712;0,007861538;0,00818;0,01011;0,0089;0,01087;0,00687;0,00875;0,00876;0,00948;0,00873;0,00939;0,00756;0,00798;0,0091;0,00825;0,00791;0,01083;0,0084;0,00676;0,00916;0,00809;0,00822;0,0125;0,01001
Полтава;4963460;Завислі речовини;0,2875;0,2625;0,1125;0,2375;0,175;0,1;0,1875;0,2625;0,15;0,1375;0,1375;0,3375;0,175;0,0875;0,15;0,2;0,15;0,1375;0,1875;0,0625;0,125;0,1625;0,1125;0,1375;0,1375
Полтава;4963460;Дiоксид сiрки;0,00075;0,001666667;0,00125;0,0015;0,0015;0,0015;0,00075;0,001333333;0,00175;0,00125;0,00175;0,00075;0,00175;0,001;0,00125;0,00125;0,002;0,001;0,0015;0,001333333;0,0015;0,00175;0,00175;0,00175;0,00125
Полтава;4963460;Сульфати;0;0;0,005;0,005;0;0;0;0;0;0;0;0;0;0,005;0;0;0;0,005;0;0,005;0;0,005;0;0;0
Полтава;4963460;Оксид вуглецю;2,625;3,111111111;1,222222222;2,444444444;1,666666667;2,777777778;2;2,777777778;2,666666667;1,888888889;2,222222222;2,111111111;2,125;1,666666667;2;2,888888889;2,222222222;2,111111111;4,375;0,777777778;1,555555556;3,111111111;2,666666667;5;2,25
Полтава;4963460;Дiоксид азоту;0,044375;0,0625;0,04125;0,035625;0,04125;0,044375;0,048125;0,074166667;0,056875;0,045;0,03875;0,0425;0,0325;0,04;0,0325;0,05625;0,048125;0,029375;0,048125;0,038333333;0,031875;0,036875;0,035625;0,045;0,053125
Полтава;4963460;Оксид азоту;0,02;0,036666667;0,0275;0,02;0,02;0,0175;0,03;0,033333333;0,0375;0,025;0,02;0,025;0,01;0,016666667;0,03;0,0325;0,0225;0,0175;0,035;0,02;0,015;0,02;0,015;0,03;0,03
Полтава;4963460;Фтористий водень;0,002625;0,006;0,003875;0,0015;0,00225;0,003;0,002;0,006333333;0,00375;0,004;0,001875;0,00225;0,00075;0,003;0,0025;0,00425;0,00225;0,00175;0,003;0,0015;0,00225;0,00225;0,002625;0,003375;0,00475
Полтава;4963460;Хлористий водень;0,025;0,05;0,03;0,025;0,025;0,03;0,035;0,053333333;0,0475;0,04;0,025;0,025;0,015;0,026666667;0,0325;0,0575;0,025;0,02;0,035;0,026666667;0,02;0,015;0,03;0,0425;0,055
Полтава;4963460;Амiак;0,015;0,023333333;0,02;0,01;0,0125;0,0225;0,02;0,036666667;0,025;0,02;0,02;0,0125;0,0125;0,013333333;0,015;0,025;0,015;0,015;0,0225;0,013333333;0,015;0,0125;0,015;0,02;0,0225
Полтава;4963460;Формальдегiд;0,007833333;0,015111111;0,008083333;0,005833333;0,005166667;0,0085;0,009166667;0,016888889;0,011;0,01;0,008666667;0,005833333;0,003;0,004777778;0,004416667;0,017333333;0,003666667;0,00375;0,0105;0,004888889;0,004333333;0,006583333;0,005;0,011416667;0,010833333
Кременчук;4813330;Завислі речовини;0,10375;0,12;0,16;0,104;0,15;0,16875;0,1325;0,1575;0,0925;0,11375;0,09;0,105;0,1175;0,136666667;0,12;0,11;0,083333333;0,063333333;0,071666667;0,078333333;0,07;0,098;0,088333333;0,14;0,126666667
Кременчук;4813330;Дiоксид сiрки;0,00948125;0,008813333;0,0090375;0,008861538;0,006573333;0,00775625;0,0120625;0,00905625;0,00784375;0,01026875;0,00905625;0,00751875;0,006175;0,005683333;0,005375;0,011863636;0,008416667;0,006375;0,007975;0,007216667;0,008327273;0,006481818;0,005041667;0,008675;0,008033333
Кременчук;4813330;Сульфати;0,005;0,005;0,005;0,01;0;0;0,01;0,005;0;0,01;0,01;0,005;0,01;0,005;0,01;0,01;0;0;0,005;0,01;0;0,005;0,005;0,005;0
Кременчук;4813330;Оксид вуглецю;1,225;0,85;0,6875;0,44;0,9625;0,9;0,925;0,9875;0,9625;0,7;0,6;0,9625;1,525;0,8;0,6;0,883333333;0,95;1,083333333;1;0,733333333;0,766666667;0,616666667;0,566666667;1,3;1,483333333
Кременчук;4813330;Дiоксид азоту;0,0392125;0,046866667;0,046525;0,039646154;0,04602;0,04805;0,05061875;0,03920625;0,0340625;0,041375;0,03634375;0,03618125;0,036925;0,033241667;0,026816667;0,033772727;0,032116667;0,02905;0,03945;0,033675;0,029990909;0,024690909;0,021658333;0,038241667;0,036808333
Кременчук;4813330;Оксид азоту;0,04155;0,038975;0,044075;0,044333333;0,035425;0,037275;0,04135;0,03915;0,037225;0,0394;0,028;0,023575;0,02925;0,019725;0,0245;0,028275;0,028825;0,0241;0,03135;0,032225;0,0329;0,0245;0,027575;0,03695;0,04105
Кременчук;4813330;Фенол;0,001608333;0,000736364;0,000691667;0,00124;0,000772727;0,0005;0,000658333;0,000966667;0,000425;0,001016667;0,000183333;0,000833333;0,000616667;0,0003375;0,0003875;0,000214286;0,0013375;0,0023;0,001125;0,0014;0,0023;0,001471429;0,001725;0,00085;0,0022625
Кременчук;4813330;Сажа;0,01095;0,012275;0,00545;0,0018;0,013675;0,015;0,0136;0,006875;0,00415;0,004125;0,006775;0,01095;0,013575;0,00825;0,01095;0,00825;0,00275;0,0054;0,00275;0,0027;0;0,0055;0,0082;0;0,0055
Кременчук;4813330;Амiак;0,00755;0,008875;0,0065;0,004666667;0,001825;0,00295;0,008125;0,001075;0,004225;0,004175;0,004;0,005975;0,005275;0,00455;0,008875;0,007125;0,007225;0,006825;0,0059;0,0051;0,00555;0,006;0,004675;0,0048;0,001825
Кременчук;4813330;Формальдегiд;0,00771;0,0132;0,01193;0,010214286;0,00831;0,00863;0,00986;0,01164;0,01026;0,00984;0,01349;0,01201;0,00854;0,0093;0,0162125;0,015625;0,0122125;0,0117375;0,0114875;0,016025;0,01645;0,022657143;0,0142375;0,01215;0,0121875
Рівне;5062620;Завислі речовини;0,05458;0,02174;0,041525;0,045616667;0;0,072966667;0,04384;0;0;0,02186;0;0,02705;0,0268;0,013975;0;0,0547;0;0;0;0,05465;0;0,036133333;0,01405;0,04245;0
Рівне;5062620;Дiоксид сiрки;0;0;0;0,000616667;0,000416667;0;0,000916667;0,001558333;0,006683333;0,006541667;0,000733333;0,00235;0,002433333;0,002891667;0,002;0,001663636;0;0,007166667;0,005972727;0,002433333;0;0,000558333;0;0,000566667;0,001225
Рівне;5062620;Оксид вуглецю;0,935;0,966666667;0,758333333;0,6;0,893333333;1,185;1,186666667;1,118333333;1,016666667;0,95;0,993333333;1,201666667;1,091666667;1,001666667;1,123333333;1,081666667;0,948333333;1,131666667;1,245;1,021666667;0,971666667;1,068333333;1,135;1,318333333;1,436666667
Рівне;5062620;Дiоксид азоту;0,017375;0,043475;0,047791667;0,034058333;0,071975;0,076583333;0,029375;0,054491667;0,0399;0,021533333;0,0485;0,040616667;0,040633333;0,05335;0,031416667;0,024972727;0,017025;0,034525;0,039463636;0,039666667;0,012058333;0,019583333;0,031491667;0,030516667;0,042616667
Рівне;5062620;Оксид азоту;0,00066;0,049433333;0,06324;0,02578;0,02273;0,03405;0,01124;0,029788889;0,02445;0,01721;0,03655;0,02301;0,02123;0,008277778;0,0184;0,040166667;0,02008;0,01509;0,003188889;0;0,00745;0,01481;0,01566;0,00971;0,00422
Рівне;5062620;Сiрководень;0;0;0,002275;0,00085;0;0,0012;0,00095;0,002014286;0,001425;0,003825;0,0022625;0,00165;0;0;0,0034375;0,0017;0,000825;0,0004625;0;0,001314286;0,0033;0,0006625;0,0007375;0,0018125;0
Рівне;5062620;Фенол;0,00075;0;0,00263;0,00513;0,00343;0,001;0;0;0,0021;0,002;0,00159;0,0012;0;0,00341;0,00317;0;0,00035;0,00221;0,002144444;0;0;0,00098;0,00029;0,00063;0,0012
Рівне;5062620;Фтористий водень;0,0018125;0,001028571;0,001175;0,0047;0,0022;0,0010375;0,0018625;0,0017;0,0010875;0,0002625;0,0005625;0,0016375;0,0006375;0,000257143;0,001375;0;0,0006375;0,0011875;0,004642857;0,002385714;0,003425;0,0027;0,0003125;0,0030375;0,0063625
Рівне;5062620;Хлористий водень;0,0173;0,041825;0,0701125;0,06175;0,0462875;0,0245375;0,032;0,13265;0,096125;0,043475;0;0,0514375;0,0934125;0,0620125;0,0306;0,076842857;0,0919375;0,0735875;0,088714286;0,038875;0,0946875;0,15305;0,0322;0,0594625;0,113825
Рівне;5062620;Амiак;0;0;0;0;0;0;0;0;0;0;0;0;0;0;0;0;0;0,003;0;0;0;0;0;0;0
Рівне;5062620;Формальдегiд;0,0045375;0,001271429;0,004825;0,0126625;0,0117625;0,0147;0,012275;0,012185714;0,0127125;0,0095875;0,0127125;0,0060625;0,002725;0,011271429;0,0133;0,009228571;0,0110625;0,0082375;0,011357143;0,008214286;0,007725;0,0117875;0,00665;0,006975;0,00365
Суми;5093480;Завислі речовини;0,433333333;0,316666667;0,333333333;0,233333333;0,366666667;0,25;0,3;0,283333333;0,316666667;0,316666667;0,216666667;0,283333333;0,183333333;0,283333333;0,3;0,316666667;0,283333333;0,316666667;0,266666667;0,316666667;0,266666667;0,316666667;0,266666667;0,316666667;0,283333333
Суми;5093480;Дiоксид сiрки;0,06125;0,053222222;0,055583333;0,055083333;0,061583333;0,06125;0,062666667;0,055555556;0,05925;0,055083333;0,052666667;0,051833333;0,05475;0,052555556;0,054083333;0,058083333;0,051083333;0,054583333;0,056583333;0,051666667;0,047583333;0,0495;0,057166667;0,063083333;0,058583333
Суми;5093480;Сульфати;0,025;0,02;0,03;0,01;0,025;0,03;0,03;0,015;0,03;0,015;0,02;0,015;0,015;0,015;0,015;0,015;0,01;0,02;0,015;0,015;0,015;0,02;0,02;0,02;0,01
Суми;5093480;Оксид вуглецю;2,166666667;1,333333333;2;1,333333333;2;1,666666667;2,166666667;1,333333333;1,333333333;1,666666667;1,5;1,333333333;1,666666667;2;1,166666667;1,5;1,333333333;2,166666667;1,833333333;1,333333333;1,5;1,833333333;1,666666667;2;1,666666667
Суми;5093480;Дiоксид азоту;0,068333333;0,103333333;0,110833333;0,081666667;0,0925;0,059166667;0,065;0,092222222;0,091666667;0,084166667;0,0725;0,070833333;0,0725;0,07;0,0675;0,073333333;0,085833333;0,065833333;0,081666667;0,084444444;0,069166667;0,079166667;0,0875;0,083333333;0,095
Суми;5093480;Оксид азоту;0,0325;0,06;0,055;0,04;0,045;0,025;0,03;0,036666667;0,0375;0,04;0,04;0,035;0,0325;0,04;0,035;0,0425;0,0425;0,03;0,04;0,04;0,03;0,035;0,0525;0,0375;0,05
Суми;5093480;Амiак;0,02;0,013333333;0,01625;0,01625;0,01375;0,01875;0,02;0,018333333;0,0175;0,01875;0,01;0,01125;0,01;0,01;0,01375;0,01625;0,01125;0,0125;0,0125;0,011666667;0,01625;0,02;0,015;0,02;0,01875
Суми;5093480;Формальдегiд;0,004;0,005333333;0,00525;0,003;0,004;0,004;0,002;0,008333333;0,00325;0,00525;0,003;0,005;0,003;0,004;0,00525;0,005;0,00525;0,004;0,00625;0,004;0,00525;0,004;0,005;0,00625;0,006
Тернопіль;4932530;Завислі речовини;null;0,12;0,02;0,0675;0,15;0,15;0,0275;0,035;0,045;0,045;0,055;0;0,065;0,145;0,215;0,14;0,1575;0,1875;0,075;0,08;0,085;0,13;0,16;0,13;0,065
Тернопіль;4932530;Дiоксид сiрки;null;0,0041625;0,0033;0,004125;0,0058375;0,0043875;0,0020625;0,0027875;0,002125;0,0025125;0,003425;0,00205;0,0045875;0,0046125;0,0044125;0,0054625;0,0057625;0,0068;0,004425;0,0060125;0,0045875;0,0051125;0,0063625;0,0073125;0,004
Тернопіль;4932530;Оксид вуглецю;null;3,2;3,275;2,85;2,575;2,95;2,725;2,825;3,15;2,65;3,475;3,05;2,95;2,15;3,05;2,8;2,525;2,8;2,3;2,55;2,8;3,375;2,9;2,55;2,3
Тернопіль;4932530;Дiоксид азоту;null;0,0476;0,0417875;0,040375;0,044975;0,0443625;0,053775;0,048;0,0482125;0,0407375;0,0407875;0,048;0,051;0,05795;0,0580375;0,055825;0,0511875;0,045725;0,0405;0,056925;0,054325;0,0485625;0,0531;0,0509375;0,0454375
Тернопіль;4932530;Оксид азоту;null;0,0259;0,022575;0,022725;0,024425;0,0248;0,0294;0,026075;0,0262;0,0212;0,022;0,02595;0,027625;0,0326;0,03265;0,030875;0,029475;0,0251;0,0212;0,03195;0,029775;0,0265;0,02935;0,027425;0,024375
Тернопіль;4932530;Формальдегiд;null;0,002475;0,0019375;0,002475;0,0028375;0,0025875;0,001575;0,001825;0,001575;0,0019125;0,001675;0,001225;0,0028;0,0034;0,0028125;0,0026375;0,0039125;0,00375;0,001825;0,0030375;0,0028125;0,002825;0,00275;0,0039;0,00205
Харків;4993630;Завислі речовини;0,094;0,1072;0,1144;0,0848;0,0816;0,0792;0,0928;0,115909091;0,098181818;0,082727273;0,073181818;0,094090909;0,052272727;0,0736;0,0796;0,0744;0,0792;0,0776;0,092;0,085;0,084545455;0,064090909;0,069090909;0,096818182;0,078636364
Харків;4993630;Дiоксид сiрки;0,01218;0,012036667;0,010486667;0,01138;0,0115;0,01074;0,010956667;0,011477778;0,011503704;0,013022222;0,01327037;0,011685185;0,01127037;0,01026;0,011143333;0,011163333;0,011933333;0,01269;0,011373333;0,00957037;0,014948148;0,014314815;0,013207407;0,014959259;0,011237037
Харків;4993630;Сульфати;0,01;0;0,005;0;0,01;0;0,01;0;0;0,005;0,01;0,005;0;0;0,01;0;0,005;0,01;0,005;0;0;0,005;0,01;0;0
Харків;4993630;Оксид вуглецю;1,275;1,35;1,455;1,44;1,37;1,34;1,325;1,461111111;1,283333333;1,327777778;1,294444444;1,261111111;1,111111111;1,265;1,27;1,39;1,235;1,27;1,3;1,388888889;1,272222222;1,283333333;1,366666667;1,411111111;1,327777778
Харків;4993630;Дiоксид азоту;0,028985714;0,02788;0,02498;0,030534286;0,025477143;0,025977143;0,030317143;0,024248148;0,028570968;0,026645161;0,024316129;0,023909677;0,021580645;0,03241;0,041591429;0,0365;0,034388571;0,03498;0,032345714;0,036677778;0,030109677;0,030929032;0,030874194;0,030348387;0,032441935
Харків;4993630;Оксид азоту;0,0251;0,0258;0,030075;0,026225;0,0287;0,025275;0,022025;0,0188;0,021275;0,018175;0,01895;0,020525;0,020075;0,017066667;0,02575;0,02225;0,030275;0,0222;0,020875;0,028066667;0,024075;0,020225;0,023625;0,027325;0,0228
Харків;4993630;Сiрководень;0,00095;0,001433333;0,0022;0,0015;0,001675;0,0025;0,001375;0,001433333;0,00165;0,001225;0,0014;0,001525;0,0013;0,000966667;0,0018;0,001;0,00145;0,001575;0,001575;0,0017;0,00135;0,001125;0,001725;0,001875;0,001375
Харків;4993630;Фенол;0,002675;0,002755556;0,002658333;0,003016667;0,00265;0,003058333;0,002533333;0,002933333;0,00295;0,002775;0,0028125;0,0028625;0,003125;0,002355556;0,002383333;0,002458333;0,0028;0,002483333;0,002133333;0,001611111;0,002283333;0,002175;0,002375;0,002358333;0,002191667
Харків;4993630;Сажа;0,01;0,036666667;0,02;0,043333333;0,02;0,02;0,03;0,036666667;0,02;0,026666667;0,03;0,033333333;0,02;0,036666667;0,043333333;0,01;0,026666667;0,03;0,02;0,036666667;0,02;0,033333333;0,03;0,036666667;0,02
Харків;4993630;Амiак;0,0064375;0,007383333;0,0059625;0,0091125;0,00725;0,0054625;0,0104875;0,005583333;0,0087875;0,0050625;0,010875;0,01;0,0077875;0,00735;0,00735;0,010575;0,007275;0,006325;0,0081875;0,011016667;0,00535;0,0053375;0,0099375;0,006425;0,0054875
Харків;4993630;Формальдегiд;0,002003571;0,003319048;0,003314286;0,003567857;0,003067857;0,002957143;0,002310714;0,003433333;0,003129167;0,003058333;0,0030125;0,0029125;0,001608333;0,002819048;0,003285714;0,002225;0,00225;0,002796429;0,002175;0,004027778;0,002941667;0,002725;0,002775;0,003129167;0,003079167
Хмельницький;4942690;Завислі речовини;0,0775;0,08625;0,06;0,086;0,06875;0,08625;0,0945;0,078;0,09525;0,05975;0,0855;0,051;0,06;0,052;0,13725;0,14875;0,0685;0,10275;0,0605;0,05125;0,08575;0,043;0,0785;0,0605;0,061
Хмельницький;4942690;Дiоксид сiрки;0,0164625;0,01565;0,018475;0,0145125;0,0151625;0,0168625;0,0192125;0,018025;0,020275;0,0192;0,016675;0,0135625;0,014475;0,0146;0,014175;0,016175;0,014275;0,0135;0,0155;0,018975;0,0180125;0,015225;0,0184375;0,0206625;0,01955
Хмельницький;4942690;Сульфати;0,009725;0,01225;0,0121;0,01315;0,012925;0,0133;0,013775;0,01385;0,014875;0,014425;0,014975;0,014525;0,015175;0,01415;0,013175;0,013325;0,01275;0,01355;0,014025;0,0134;0,0144;0,01525;0,0123;0,010925;0,009875
Хмельницький;4942690;Оксид вуглецю;2,12;2,155;2,4025;2,295;2,3475;2,3875;2,325;2,745;2,54;2,2525;2,4725;2,0175;2,1575;2,5025;2,53;2,4875;2,37;2,5575;2,43;2,41;2,5325;2,375;2,565;2,7125;2,5875
Хмельницький;4942690;Дiоксид азоту;0,0287625;0,049175;0,0408875;0,023475;0,027625;0,0306375;0,0265;0,049325;0,042875;0,05385;0,041075;0,0227125;0,0215375;0,0250875;0,0317125;0,0282875;0,0287875;0,029525;0,04085;0,0363625;0,036225;0,036625;0,0272375;0,0358625;0,038775
Хмельницький;4942690;Оксид азоту;0,0241;0,034825;0,03135;0,0209;0,0237875;0,0236;0,025025;0,02685;0,032675;0,0395375;0,0307875;0,018625;0,0185125;0,0210875;0,02495;0,028;0,0241;0,02285;0,03135;0,0281625;0,0342;0,0262;0,0252375;0,028775;0,0271625
Хмельницький;4942690;Фенол;0,000816667;0,001233333;0,001566667;0,001;0,000983333;0,001116667;0,0013;0,001516667;0,001866667;0,001583333;0,001066667;0,001066667;0,001366667;0,00135;0,00135;0,001533333;0,0012;0,000983333;0,000983333;0,001383333;0,001;0,001283333;0,00165;0,002033333;0,0013
Хмельницький;4942690;Хлористий водень;0,0393;0,032825;0,0323;0,03315;0,02815;0,026375;0,02665;0,033525;0,03255;0,030275;0,031125;0,031975;0,02985;0,032425;0,0338;0,035525;0,039075;0,039575;0,0366;0,035325;0,038175;0,02955;0,031225;0,035975;0,0359
Хмельницький;4942690;Амiак;0,012475;0,012725;0,0097;0,01105;0,008025;0,01055;0,0105;0,022425;0,022625;0,010725;0,013775;0,011225;0,011275;0,0167;0,01395;0,016575;0,015425;0,015975;0,01615;0,01455;0,009625;0,004475;0,01205;0,012025;0,0112
Хмельницький;4942690;Формальдегiд;0,0008;0,001183333;0,0017;0,002366667;0,0017;0,001066667;0,0013;0,001333333;0,0012;0,00105;0,00145;0,00105;0,001066667;0,002366667;0,0017;0,00265;0,001916667;0,001833333;0,001716667;0,001316667;0,002233333;0,001833333;0,001716667;0,002233333;0,001733333
Херсон;4673270;Завислі речовини;null;0,1;0;0;null;0;null;0;0,025;0,033333333;0;0;null;null;null;0;0;0,05;null;null;null;0;0,05;null;null
Херсон;4673270;Дiоксид сiрки;null;0,0028;0,001714286;0,000666667;null;0;null;0,002142857;0,003333333;0,00175;0,0012;0,0034;null;null;null;0;0;0,0014;null;null;null;0;0;0;null
Херсон;4673270;Сульфати;null;0,01;0;0;null;0,005;null;0;0,01;0,01;null;null;null;null;null;null;null;null;null;null;null;null;null;null;null
Херсон;4673270;Оксид вуглецю;null;0,673333333;0,225;0,584285714;null;0,707142857;null;0,233857143;0,174285714;0,331666667;0,212;0,178;null;null;null;0,208;0,262;0,168;null;null;null;0,098;0,182;0,29;null
Херсон;4673270;Дiоксид азоту;null;0,146;0,161428571;0,15;null;0,195714286;null;0,2;0,233333333;0,2275;0,178;0,234;null;null;null;0,205;0,18;0,19;null;null;null;0,1725;0,18;0,175;null
Херсон;4673270;Оксид азоту;null;0,15;0,08;0,1;null;0,096666667;null;0,123333333;0,135;0,15;0,1275;0,125;null;null;null;0,146666667;0,14;0,1025;null;null;null;0,12;0,163333333;0,17;null
Херсон;4673270;Фенол;null;0,0038;0,016571429;0,005888889;null;0,001428571;null;0,003142857;0,001888889;0,005375;0,0044;0,0022;null;null;null;0,002;0,0022;0,0024;null;null;null;0,0025;0;0,0025;null
Херсон;4673270;Формальдегiд;null;0;0;0;null;0,001428571;null;0;0;0;0;0;null;null;null;0;0;0;null;null;null;0;0,0025;0;null
Черкаси;4933200;Завислі речовини;0,15;0,12;0,133333333;0,166666667;0,133333333;0,2;0,066666667;0,05;0,1;0,116666667;0,116666667;0,1;0;0,1;0,15;0,133333333;0,266666667;0,183333333;0,1;0,15;0,1;0,1;0,106666667;0,183333333;0,116666667
Черкаси;4933200;Дiоксид сiрки;0,01125;0,012625;0,0105;0,0098;0,0112;0,013333333;0,013666667;0,011;0,01;0,0086;0,01;0,0098;0,0098;0,011142857;0,0084;0,0124;0,012;0,0109;0,0116;0,010285714;0,011125;0,011375;0,0127;0,01475;0,0169
Черкаси;4933200;Сульфати;0,01;0,01;0,01;0,01;0,01;0,01;0,01;0,015;0,01;0,01;0,01;0,01;0,015;0,01;0,01;0,01;0,01;0,015;0,015;0,015;0,01;0,01;0,01;0,01;0,01
Черкаси;4933200;Оксид вуглецю;1,166666667;1,833333333;1,166666667;1,333333333;1,333333333;2,666666667;1,333333333;1,166666667;1,666666667;1,166666667;1;1,166666667;1,333333333;1;1;1,166666667;1,333333333;1,333333333;1,333333333;1,166666667;1;1;1,166666667;1,166666667;2,333333333
Черкаси;4933200;Дiоксид азоту;0,039;0,031111111;0,029166667;0,027272727;0,035833333;0,025454545;0,032727273;0,04;0,038333333;0,033333333;0,0325;0,031666667;0,029166667;0,0375;0,035833333;0,041666667;0,036666667;0,031818182;0,0325;0,03125;0,024444444;0,028;0,045833333;0,048;0,050833333
Черкаси;4933200;Оксид азоту;0,035;0,09;0,025;0,045;0,0225;0,0225;0,03;0,056666667;0,0525;0,06;0,06;0,04;0,0425;0,066666667;0,0825;0,0575;0,0525;0,025;0,0225;0,046666667;0,0375;0,03;0,0375;0,065;0,0425
Черкаси;4933200;Сiрководень;0,0022;0,001666667;0,001416667;0,001909091;0,002;0,001636364;0,002;0,001777778;0,00175;0,001833333;0,001583333;0,001416667;0,00175;0,001875;0,002166667;0,00225;0,002111111;0,001272727;0,001666667;0,001625;0,001444444;0,0014;0,002166667;0,0024;0,00225
Черкаси;4933200;Амiак;0,041;0,07;0,046666667;0,032727273;0,0375;0,035555556;0,068888889;0,084444444;0,073333333;0,080833333;0,0675;0,0525;0,061666667;0,07375;0,054166667;0,050833333;0,054444444;0,052727273;0,058333333;0,035;0,034444444;0,047;0,0625;0,056;0,075833333
Черкаси;4933200;Формальдегiд;0,0085;0,009;0,01525;0,01375;0,0105;0,010333333;0,011333333;0,007666667;0,00425;0,00775;0,007;0,005;0,004;0,006;0,008;0,0125;0,013;0,0065;0,008;0,008;0,006666667;0,0255;0,0155;0,014;0,011
Чернівці;4832590;Завислі речовини;0;0;0;0;0;0;0;0;0;0,016666667;0;0;0,033333333;0;0;0;0;0;0;0;0;0;0;0;0
Чернівці;4832590;Дiоксид сiрки;0,003608333;0,002108333;0,0009;0,001208333;0,002141667;0,0009;0,00075;0,003075;0,001525;0,0018;0,003283333;0,002341667;0,000891667;0,0018;0,0011125;0,001875;0,007442857;0,0047625;0,0016;0,0001375;0,0018125;0,0011375;0,0004625;0,0020625;0,0011375
Чернівці;4832590;Оксид вуглецю;0;0;0,166666667;0;0;0;0,166666667;0;0,333333333;0;0,166666667;0;0;0,25;0;0;0;0;0;0;0,25;0;0;0;0,25
Чернівці;4832590;Дiоксид азоту;0,012541667;0,022416667;0,022308333;0,015233333;0,017333333;0,020058333;0,0325;0,025491667;0,02155;0,009366667;0,007766667;0,012575;0,01005;0,01945;0,008;0,014025;0,0072;0,0152875;0,011025;0,0165375;0,00615;0,006475;0,013475;0,01955;0,0196625
Чернівці;4832590;Оксид азоту;0,0025;0,00365;0,02565;0,0073;0,01035;0,02705;0,021125;0,005125;0,004325;0,0054;0,002475;0,004225;0,01225;null;null;null;null;null;null;null;null;null;null;null;null
Чернівці;4832590;Фенол;0,001925;0,0038;0,002525;0;0,00145;0,001375;0,003025;0,002125;0,00005;0,00075;0,001675;0,001425;0,00025;null;null;null;null;null;null;null;null;null;null;null;null
Чернівці;4832590;Фтористий водень;0,0001625;0,0003375;0;0;0,0003375;0;0;0;0;0,0001625;0,0001;0;0;0,000475;0,0002;0,0003375;0;0;0;0;0;0;0,0003125;0;0,0001375
Чернівці;4832590;Хлористий водень;0,032925;0,063275;0,090225;0;0,024975;0,067825;0,112375;0,0663;0,066775;0,1087;0,083875;0,039825;0;0,117775;0,1059;0,0145;0,1367;0,1061;0,00975;0,072475;0,04445;0,149525;0,0897;0,0903;0,033625
Чернівці;4832590;Формальдегiд;0;0,0000875;0,001125;0,001325;0,0019;0,0013125;0,00095;0,00175;0,004175;0,0027625;0,0044;0,003125;0,0020875;0,0057;0,004425;0,007125;0,0042;0,00055;0,006375;0,003575;0,003775;0,00285;0,00755;0,00405;0,0025
Ізмаїл;4542880;Завислі речовини;0,05;0,065;0,1;0,03;0,05;0,065;0,05;0,115;0,1;0,05;0,05;0,1;0,07;0,05;0,03;0,065;0,08;0,07;0,05;0,07;0,065;0,03;0,05;0,05;0,07
Ізмаїл;4542880;Дiоксид сiрки;0,018850047;0,027066667;0,026366772;0,013066667;0,02790004;0,02105;0,02505;0,032233333;0,035600031;0,02337502;0,01645;0,022750003;0,02167504;0,018533333;0,01797504;0,02465;0,019925017;0,02490004;0,03437504;0,02773336;0,025525079;0,0347;0,034066667;0,02155002;0,018166693
Ізмаїл;4542880;Сульфати;0,005;0,005;0,01;0;0,005;0,005;0,005;0,015;0,01;0,005;0,005;0,015;0,01;0,005;0;0,005;0,01;0,01;0;0,01;0,005;0;0,005;0,005;0,01
Ізмаїл;4542880;Оксид вуглецю;1,075;0,35;0,4;0,92;0,47;1,050002747;0,69;0,920001221;0,86;1,11;0,96;0,970002747;0,69000061;0,98500061;0,925;0,830000305;0,915;0,86;0,985001221;0,6;0,51;0,560001221;1,060001221;0,57;0,50500061
Ізмаїл;4542880;Дiоксид азоту;0,0545;0,073666667;0,068333333;0,040800106;0,076550235;0,064125156;0,074575;0,057366667;0,062000076;0,065575122;0,05285004;0,057425;0,05525014;0,049466748;0,04675;0,06365004;0,057175061;0,058000101;0,04785;0,085533333;0,059875092;0,068750122;0,073266748;0,053175;0,0834
Ізмаїл;4542880;Сiрководень;0,001925;0,0013;0,0018;0,001733333;0,002025001;0,001925;0,001175002;0,0015;0,001400002;0,001900002;0,001475;0,001175;0,001575002;0,001766669;0,00155;0,0017;0,00185;0,00095;0,001575001;0,001566667;0,001775002;0,00075;0,001733333;0,000575001;0,001766668
Ізмаїл;4542880;Формальдегiд;0,00255;0,00145;0,0007;0,0021;0,001400002;0,0014;0;0,002200006;0,00075;0,0007;0,00145;0,00145;0,001450003;0,001450002;0,00145;0,00145;0;0,0025;0,0018;0,0007;0,001450003;0,0014;0;0,0007;0,00105
Біла Церква;4983020;Завислі речовини;0,08275;0,09125;0,074;0,08225;0,07325;0,07275;0,08225;0,084;0,084;0,08225;0,0815;0,07275;0,09975;0,07375;0,0825;0,0735;0,08225;0,08075;0,07375;0,1;0,073;0,07375;0,07375;0,07375;0,07375
Біла Церква;4983020;Дiоксид сiрки;0,0466125;0,0413125;0,0415375;0,04255;0,035125;0,0348625;0,03845;0,03915;0,0363875;0,0382625;0,044975;0,0478;0,036025;0,0427125;0,04235;0,0384125;0,0357125;0,04115;0,0452125;0,0345375;0,042975;0,0389125;0,041025;0,0389875;0,0441875
Біла Церква;4983020;Оксид вуглецю;null;null;null;null;null;null;null;null;null;null;null;null;null;null;null;null;null;null;0,525;0,6;0,55;0,525;0,675;0,5;0,4
Біла Церква;4983020;Дiоксид азоту;0,1073375;0,106475;0,1142625;0,1062;0,1089125;0,1141375;0,115875;0,1184875;0,1203125;0,09915;0,1030125;0,1120125;0,1077625;0,1145;0,1094625;0,0928125;0,112625;0,117325;0,09875;0,1222875;0,09905;0,1191125;0,0947625;0,1221;0,0817125
Слов'янськ;4883760;Завислі речовини;0,075;0,1;0,075;0,125;0,1;0,075;0,075;0,1;0,075;0,1;0,125;0,05;0,15;0,125;0,125;0,175;0,125;0,1;0,15;0,1;0,125;0,075;0,1;0,05;null
Слов'янськ;4883760;Дiоксид сiрки;0,002375;0,00175;0,00185;0,00265;0,00155;0,001675;0,001;0,0007;0,0011;0,0013;0,001475;0,0012;0,001675;0,00275;0,00265;0,002;0,0013;0,0017;0,001375;0,0025;0,00205;0,003475;0,002425;0,00485;null
Слов'янськ;4883760;Оксид вуглецю;2,25;3,5;2,75;2;6,75;2,75;3,75;2,25;1,5;2;4,25;1,5;2,75;2,5;1,5;1,75;2;5;2;2,25;1,75;1,75;1,75;2;null
Слов'янськ;4883760;Дiоксид азоту;0,041875;0,0612;0,087725;0,0465;0,0469;0,0333;0,04125;0,065375;0,052675;0,048625;0,078425;0,12105;0,087275;0,081175;0,083475;0,0749;0,063475;0,055275;0,02955;0,04325;0,049925;0,049675;0,036225;0,05155;null
Слов'янськ;4883760;Фенол;0,0036;0,004075;0,00295;0,004225;0,002275;0,003875;0,003725;0,0039;0,0015;0,0018;0,0018;0,00225;0,000625;0,00425;0,00535;0,00545;0,003075;0,003425;0,002;0,00335;0,00345;0,005975;0,004825;0,00325;null
Слов'янськ;4883760;Фтористий водень;0,018675;0,01605;0,01375;0,0043;0,01295;0,019175;0,021;0,0106;0,014125;0,01785;0,011225;0,014875;0,0048;0,01865;0,025575;0,031675;0,02605;0,01255;0,010725;0,005275;0,004625;0,004025;0,005475;0,0111;null
Слов'янськ;4883760;Формальдегiд;0,010225;0,008075;0,01565;0,008175;0,007075;0,00575;0,004;0,00855;0,007275;0,012775;0,009425;0,008475;0,007025;0,00975;0,009;0,00935;0,006475;0,003825;0,006225;0,00485;0,004775;0,007425;0,005075;0,0088;null
Олександрія;4843230;Завислі речовини;0,35;0,25;0,3;0,25;0,35;0,4;0,4;0,25;0,25;0,3;0,25;0,2;0,35;null;null;null;null;null;null;null;null;null;null;null;null
Олександрія;4843230;Дiоксид сiрки;0,02335;0,0226;0,018225;0,0136;0,014725;0,0182;0,015125;0,027933333;0,01875;0,012525;0,0216;0,026125;0,0142;null;null;null;null;null;null;null;null;null;null;null;null
Олександрія;4843230;Сульфати;0,005;0,015;0,01;0;0,005;0,01;0,005;0;0;0,01;0,005;0;0,005;null;null;null;null;null;null;null;null;null;null;null;null
Олександрія;4843230;Дiоксид азоту;0,02365;0,0427;0,023875;0,01925;0,03145;0,02095;0,041225;0,0282;0,02405;0,0249;0,033475;0,02375;0,01725;null;null;null;null;null;null;null;null;null;null;null;null
Олександрія;4843230;Сажа;0,04;0,035;0,025;0,03;0,04;0,045;0,055;0,07;0,025;0,03;0,035;0,115;0,04;null;null;null;null;null;null;null;null;null;null;null;null
Горішні Плавні;4903360;Завислі речовини;0,165;0,105;0,11;0,215;0,08;null;null;null;null;0,135;0,08;0,05;0,11;0,14;0,165;0,08;0,055;0,025;0,085;0,08;0,135;0,115;0,16;0,05;0,11
Горішні Плавні;4903360;Дiоксид сiрки;0,004275;0,0079;0,00455;0,0085;0,006875;null;null;null;null;0,003066667;0,0039;0,004925;0,005525;0,00785;0,00885;0,007575;0,007225;0,0071;0,005575;0,0046;0,00585;0,005225;0,006525;0,005875;0,0066
Горішні Плавні;4903360;Оксид вуглецю;0,15;0,15;0,2;0,15;0,1;null;null;null;null;0,25;0,2;0,1;0,15;0,2;0,2;0,15;0,1;0,15;0,15;0,2;0,1;0,1;0,2;0,1;0,2
Горішні Плавні;4903360;Дiоксид азоту;0,0073;0,030325;0,022925;0,040725;0,030875;null;null;null;null;0,0079;0,01175;0,009175;0,0182;0,028775;0,040075;0,03165;0,036025;0,03245;0,033525;0,020375;0,022775;0,02665;0,030675;0,02875;0,0284
Горішні Плавні;4903360;Фенол;0;0,001;0,0005;0;0;null;null;null;null;0,0013;0,00205;0,00105;0,00015;0,0005;0,0008;0,00025;0;0,0019;0,00145;0,0008;0,0017;0,0023;0,0022;0,0009;0,00155
Горішні Плавні;4903360;Сажа;0;0;0,00545;0,00275;0;null;null;null;null;0;0,00275;0,00275;0,0054;0,00275;0,0027;0;0,00275;0,0027;0,0027;0,00275;0,0027;0,0027;0,00545;0,00545;0,00835
Горішні Плавні;4903360;Хлористий водень;0;0,004766667;0;0,003466667;0;null;null;null;null;0;0,005466667;0;0,0034;0,003433333;0,0047;0;0;0,004833333;0,007266667;0,003433333;0;0;0,0054;0,006433333;0
Горішні Плавні;4903360;Амiак;0,0049;0,01195;0,001;0,0105;0,0033;null;null;null;null;0,0046;0,0047;0,0043;0,00795;0,00685;0,00575;0;0,00585;0,00615;0,00465;0,0023;0;0,0092;0,00945;0,00455;0,0043
Бровари;5053080;Завислі речовини;0,0555;0,073;0,0365;0,0365;0,055;0,0725;0,0365;0,074;0,0355;0,036;0,0355;0,0365;0,0545;0,0725;0,0365;0,0365;0,0365;0,055;0,0735;0,0365;0,0365;0,0545;0,0555;0,0735;0,074
Бровари;5053080;Дiоксид сiрки;0,0463;0,02095;0,032025;0,02825;0,03565;0,03615;0,0446;0,05445;0,020975;0,046775;0,0419;0,0514;0,04525;0,051325;0,047;0,049225;0,0432;0,048925;0,045125;0,035275;0,045;0,047125;0,053525;0,0611;0,062325
Бровари;5053080;Оксид вуглецю;0,35;0,35;0,35;0,4;0,35;0,35;0,4;0,4;0,35;0,35;0,5;0,45;0,45;0,35;0,4;0,4;0,45;0,35;0,45;0,4;0,45;0,4;0,4;0,45;0,5
Бровари;5053080;Дiоксид азоту;0,088025;0,073525;0,079925;0,0789;0,0961;0,0901;0,090425;0,094425;0,0516;0,101625;0,0854;0,101275;0,09205;0,09985;0,098475;0,096575;0,0797;0,09065;0,086825;0,056425;0,086475;0,0892;0,106225;0,111775;0,111725
Обухів;5013060;Завислі речовини;0,0925;0,11;0,1105;0,0915;0,0925;0,0915;0,1285;0,111;0,112;0,1095;0,091;0,109;0,072;0,1095;0,092;0,074;0,1285;0,0915;0,1475;0,0725;0,091;0,128;0,0735;0,1285;0,1475
Обухів;5013060;Дiоксид сiрки;0,0388;0,033;0,0363;0,0294;0,03445;0,039175;0,051625;0,0479;0,04455;0,02535;0,035375;0,040125;0,030425;0,035925;0,04055;0,032225;0,034725;0,031675;0,036825;0,0362;0,035625;0,0427;0,0454;0,050225;0,054875
Обухів;5013060;Оксид вуглецю;0,6;0,65;0,75;0,6;0,75;0,6;0,6;0,75;0,55;0,7;0,6;0,75;0,75;0,9;0,75;0,7;0,8;0,8;0,9;0,65;0,85;0,8;0,6;0,8;0,75
Обухів;5013060;Дiоксид азоту;0,06215;0,051525;0,054775;0,0457;0,052475;0,065275;0,075925;0,0794;0,06925;0,043125;0,057275;0,0642;0,046725;0,055475;0,0662;0,055525;0,054875;0,0487;0,05425;0,0573;0,05635;0,067625;0,073325;0,0803;0,08165
Українка;5023080;Завислі речовини;0,0365;0,055;0,055;0,055;0,073;0,073;0,036;0,0555;0,036;0,036;0,055;0,0545;0,036;0,055;0,072;0,074;0,036;0,054;0,0365;0,0545;;0,055;;0,072;0,0735
Українка;5023081;Дiоксид сiрки;0,043;0,0485;0,052125;0,05315;0,055725;0,0691;0,0411;0,037175;0,024366667;0,037675;0,046125;0,05855;0,0556;0,04975;0,0542;0,0696;0,056033333;0,0436;0,0546;0,048233333;0,05;0,0464;0,05645;0,0462;0,058475
Українка;5023083;Дiоксид азоту;0,093275;0,096025;0,076075;0,09555;0,101;0,1237;0,08655;0,0834;0,092033333;0,080375;0,09815;0,097575;0,103825;0,106025;0,1186;0,1539;0,116566667;0,097466667;0,10515;0,0937;0,1023;0,0986;0,11425;0,095866667;0,1108
Житомир;5022870;Завислі речовини;0,08325;0,08275;0,121;0,0825;0,1105;0,0725;0,09175;0,10275;0,084;0,0815;0,082;0,1095;0,073;0,11125;0,0735;0,10175;0,092;0,08175;0,09225;0,08175;0,08275;0,08225;0,10125;0,0925;0,075
Житомир;5022871;Дiоксид сiрки;0,0410375;0,0383625;0,03985;0,0418875;0,039475;0,03865;0,039775;0,0400875;0,0406;0,039325;0,039875;0,0379;0,039375;0,0369625;0,03905;0,0420375;0,0401625;0,0369875;0,040325;0,039075;0,0375875;0,0419125;0,0391875;0,0390375;0,03905
Житомир;5022872;Оксид вуглецю;0,585;0,5475;0,6275;0,5325;0,595;0,6225;0,6425;0,5875;0,5925;0,5125;0,4825;0,5575;0,21;0,5025;0,5725;0,5325;0,615;0,565;0,5525;0,4925;0,545;0,5125;0,5975;0,545;0,5
Житомир;5022873;Дiоксид азоту;0,1128625;0,1122625;0,114525;0,1079375;0,1087875;0,1062125;0,11335;0,1160125;0,1105375;0,115525;0,1106375;0,1063875;0,11025;0,118675;0,1065625;0,1141875;0,108575;0,1100875;0,109025;0,109875;0,1088;0,1125875;0,1118875;0,1108875;0,1178875
Чернігів;5143130;Завислі речовини;0,12325;0,14975;0,096;0,08225;0,15;0,08175;0,09525;0,13825;0,15125;0,1625;0,135;0,09475;0,149;0,10925;0,09625;0,06875;0,082;0,095;0,15125;0,10875;0,109;0,09575;0,0965;0,1645;0,06925
Чернігів;5143131;Дiоксид сiрки;0,0457125;0,0404;0,0356875;0,0367625;0,04515;0,0385;0,033975;0,03655;0,0439125;0,037325;0,035975;0,034025;0,0367;0,039675;0,0334875;0,0383375;0,0333625;0,0410875;0,0386125;0,0295625;0,0429375;0,035875;0,035825;0,045525;0,0401875
Чернігів;5143132;Оксид вуглецю;0,38;0,3425;0,3575;0,41;0,35;0,345;0,38;0,3825;0,3375;0,2925;0,255;0,305;0,36;0,3675;0,3775;0,3825;0,3975;0,395;0,37;0,4;0,34;0,3725;0,41;0,385;0,445
Чернігів;5143133;Дiоксид азоту;0,07595;0,1007125;0,0923;0,1028375;0,1119875;0,08815;0,0930125;0,108125;0,1062625;0,1123625;0,1072625;0,105225;0,09885;0,107525;0,1123375;0,103075;0,1047125;0,1101875;0,1009625;0,0982875;0,1109125;0,0963375;0,1031625;0,1005;0,1226125
