city;coordinateNumber;nameImpurity;1March;2March;4March;5March;6March;7March;8March;9March;11March;12March;13March;14March;15March;16March;18March;19March;20March;21March;22March;23March;25March;26March;27March;28March;29March;30March
Київ;5053050;Завислі речовини;0,078384615;0,075615385;0,079961538;0,077807692;0,080653846;0,077;0,080615385;0,078384615;0,075638462;0,077615385;0,080961538;0,077615385;0,077730769;0,075461538;0,077576923;0,076875;0,076875;0,077291667;0,079666667;0,08225;0,078333333;0,081730769;0,078769231;0,078230769;0,081115385;0,081230769
Київ;5053050;Дiоксид сiрки;0,091884211;0,093178947;0,096665789;0,092294737;0,094160526;0,094407895;0,089742105;0,089060526;0,090660526;0,089326316;0,092228947;0,087905263;0,091439474;0,094463158;0,078015789;0,088988889;0,081702778;0,097511111;0,089869444;0,095647222;0,097416667;0,094921053;0,095044737;0,091657895;0,080810526;0,076873684
Київ;5053050;Сульфати;0,019;0,018;0,0195;0,023;0,0205;0,0205;0,021;0,016;0,0175;0,0115;0,013;0,016;0,0185;0,016;0,01;0,016;0,015;0,02;0,021;0,0185;0,0165;0,023;0,023;0,023;0,0155;0,0115
Київ;5053050;Оксид вуглецю;0,9778125;0,7965625;1,0096875;0,90303125;0,7975;0,795;0,7675;0,6428125;0,8828125;0,6146875;0,5821875;0,6334375;0,78125;0,6165625;0,944516129;0,797142857;null;null;null;null;null;null;null;null;null;null
Київ;5053050;Дiоксид азоту;0,115013158;0,121226316;0,12485;0,124926316;0,120452632;0,121939474;0,115165789;0,115305263;0,106752632;0,095818421;0,101428947;0,113281579;0,111186842;0,107534211;0,095652632;0,088925;0,094316667;0,122852778;0,124238889;0,112519444;0,111777778;0,116110526;0,120234211;0,120628947;0,107063158;0,160365789
Київ;5053050;Сiрководень;0,001716667;0,001616667;0,001883333;0,0019;0,0015;0,001383333;0,0015;0,001733333;0,0011;0,00125;0,001483333;0,001183333;0,001616667;0,001683333;0,00115;0,00155;0,0012;0,001816667;0,002366667;0,0022;0,0018;0,001466667;0,002166667;0,0019;0,001616667;0,002166667
Київ;5053050;Фенол;0,002671429;0,0026;0,002614286;0,002835714;0,002842857;0,003028571;0,002635714;0,002428571;0,002457143;0,002514286;0,002321429;0,002307143;0,0024;0,0025;0,002392857;0,002328571;0,001921429;0,002457143;0,002614286;0,002292857;0,002142857;0,002528571;0,002278571;0,00245;0,002235714;0,002628571
Київ;5053050;Фтористий водень;0,000764286;0,000742857;0,000814286;0,000785714;0,000928571;0,000971429;0,000907143;0,000685714;0,000778571;0,000535714;0,000478571;0,000471429;0,000571429;0,000514286;0,0006;0,00067;0,00078;0,0008;0,00058;0,00042;0,00048;0,000528571;0,001135714;0,00055;0,000564286;0,000771429
Київ;5053050;Хлористий водень;0,061505;0,06;0,077355;0,07637;0,0767;0,08513;0,0797;0,080715;0,07666;0,06215;0,05338;0,06543;0,057335;0,04777;0,04077;0,053261111;0,049516667;0,056622222;0,056216667;0,04375;0,064027778;0,060755;0,0605;0,049125;0,037495;0,045275
Київ;5053050;Амiак;0,006855556;0,006844444;0,006638889;0,007438889;0,007333333;0,006572222;0,007261111;0,007105556;0,006861111;0,006933333;0,007088889;0,007205556;0,007461111;0,007122222;0,007105556;0,0069125;0,00648125;0,0075625;0,0073375;0,0071625;0,00748125;0,0074;0,007405556;0,008572222;0,007111111;0,007677778
Київ;5053050;Формальдегiд;0,004665217;0,00541087;0,006302174;0,006791304;0,005458696;0,004269565;0,004432609;0,004519565;0,003765217;0,003221739;0,003697826;0,003723913;0,00403913;0,003347826;0,00266087;0,002959524;0,00362619;0,0051;0,004890476;0,003804762;0,004552381;0,004784783;0,005186957;0,005678261;0,00546087;0,005767391
Вінниця;4922860;Завислі речовини;0,3;0,175;null;0,125;0;0,125;0,225;0,325;0,15;0,075;0;0,025;0,075;0,125;0,025;0,1;0,175;0,65;0,125;0,15;0,275;0,175;0,1;0,025;0;0,025
Вінниця;4922860;Дiоксид сiрки;0,001025;0,000525;null;0,001025;0,0015;0;0,001525;0,000525;0;0,0005;0,0010125;0,0005;0;0,0002625;0,0007625;0,0005;0,001025;0,000525;0,0002625;0,00105;0,000525;0,000525;0,0034;0,0008125;0,000525;0,0018875
Вінниця;4922860;Оксид вуглецю;0,85;0,9;null;0,85;0,4;0,6;0,6;0,8;0,6;0,825;0,925;0,95;1;1,225;0,925;0,975;1;0,9;1,45;0,85;0,75;1,375;0,825;0,85;0,625;0,725
Вінниця;4922860;Дiоксид азоту;0,069175;0,075475;null;0,211475;0,134075;0,068425;0,062225;0,09705;0,080925;0,0822;0,0727;0,0573375;0,0532625;0,0469875;0,0405375;0,062075;0,045375;0,06445;0,101375;0,0627625;0,07595;0,095075;0,063325;0,06675;0,1049625;0,0863625
Вінниця;4922860;Фтористий водень;0,013525;0,002875;null;0,009275;0,00285;0;0,009225;0,002175;0;0,005625;0,0053;0,00245;0,0010625;0,0110875;0,0024875;0,00035;0,010025;0,0014375;0,0021625;0,014225;0,004725;0,000725;0,007225;0,00185;0,0014875;0,0040625
Вінниця;4922860;Амiак;0,0125;0,0036;null;null;null;null;null;null;null;0,00355;0,00355;0,00355;0;0;0,014325;0,014275;0,028725;0,0072;0,005525;0,003725;0;0,016375;0,0073;0;0,0185;0,020375
Вінниця;4922860;Формальдегiд;null;null;null;0;0,00775;0,00975;0,0078;0,00195;0,00585;0,00775;0;0,00385;0,00195;0,0078;0,0214;0;0,00195;0,0157;0;0;0,006;0,0079;0,01185;0,0121;0,00605;0,004
Луцьк;5082530;Завислі речовини;0,05;0,083333333;0,066666667;0,116666667;0,033333333;0,1;0,066666667;0,05;0,083333333;0,1;0,1;0,1;0,116666667;0,066666667;0,066666667;0,05;0,1;0,1;0,066666667;0,066666667;0,1;0,1;0,083333333;0,050466667;0,066666667;0,083333333
Луцьк;5082530;Дiоксид сiрки;0,0022;0,002166667;0,003233333;0,002433333;0,002358333;0,001766667;0,001733333;0,0017;0,00225;0,002;0,002225;0,002033333;0,002875;0,001716667;0,002483333;0,001725;0,002433333;0,001883333;0,002033333;0,001908333;0,002133333;0,001633333;0,001416667;0,001475;0,002266667;0,001183333
Луцьк;5082530;Сульфати;0,01;0,005;0,01;0,01;0,005;0,01;0,01;0,005;0,005;0,01;0,01;0,01;0,015;0,005;0,01;0,01;0,01;0,005;0,01;0,005;0,01;0,01;0,01;0,01;0,01;0,005
Луцьк;5082530;Оксид вуглецю;0,166666667;0;0;0;0;0,166666667;0,333333333;0,166666667;0,333333333;0,5;0,666666667;0,666666667;0,5;0;0;0;0;0,166666667;0,166666667;0;0,5;0,666666667;0,5;0,666666667;0,333333333;0
Луцьк;5082530;Дiоксид азоту;0,132266667;0,068341667;0,050833333;0,112025;0,117358333;0,064591667;0,070058333;0,067341667;0,107;0,103508333;0,096033333;0,1224;0,156108333;0,101891667;0,136766667;0,100208333;0,104258333;0,1148;0,118266667;0,084583333;0,124458333;0,081808333;0,085691667;0,057091667;0,091891667;0,074225
Луцьк;5082530;Оксид азоту;0,08225;0,04015;0,035375;0,0631;0,0509;0,0228;0,025525;0,0158;0,052025;0,061225;0,04275;0,026275;0,08345;0,05535;0,073075;0,049375;0,03275;0,04715;0,05355;0,0351;0,047375;0,03755;0,0525;0,03025;0,053725;0,0478
Луцьк;5082530;Фенол;0,006616667;0,005566667;0,00625;0,006691667;0,00795;0,007533333;0,0074;0,006183333;0,007591667;0,0065;0,009083333;0,008175;0,007691667;0,0057;0,007291667;0,00835;0,0084;0,006025;0,006333333;0,005508333;0,0068;0,006375;0,005875;0,005766667;0,0071;0,004941667
Луцьк;5082530;Формальдегiд;0,00565;0,00535;0,005225;0,0051375;0,0051625;0,00405;0,0032625;0,003825;0,00645;0,005625;0,00495;0,007725;0,0063625;0,003425;0,003375;0,00405;0,0059625;0,0043375;0,003975;0,0036375;0,0049;0,00535;0,0042;0,004425;0,004075;0,0040125
Ужгород;4862230;Завислі речовини;0,1625;0,125;0,1225;0,1575;0,1225;0,125;0,1225;0,12;0,1325;0,1175;0,105;0,0875;0,1075;0,1175;0,11;0,125;0,1325;0,1225;0,1275;0,1025;0,0975;0,11;0,12;0,1175;0,12;0,1425
Ужгород;4862230;Дiоксид сiрки;0,017;0,01525;0,016875;0,01475;0,0145;0,013875;0,013625;0,014625;0,01625;0,015;0,01425;0,012875;0,013;0,013625;0,01525;0,013875;0,014375;0,01525;0,014;0,012625;0,0135;0,01375;0,012375;0,01225;0,011875;0,013625
Ужгород;4862230;Сульфати;0,0065;0,011;0,0095;0,0075;0,0075;0,0055;0,0085;0,01;0,009;0,0055;0,0035;0,0055;0,004;0,0085;0,007;0,0075;0,0065;0,007;0,0045;0,0045;0,004;0,0045;0,006;0,0055;0,006;0,0075
Ужгород;4862230;Оксид вуглецю;1,4425;0,895;1,2175;1,015;0,7375;0,7;0,7275;0,8975;0,8275;0,95;0,7425;0,6725;0,885;1,005;0,64;0,75;0,805;0,79;1,05;0,8275;0,7025;0,71;0,83;0,6675;0,855;0,78
Ужгород;4862230;Дiоксид азоту;0,071625;0,069375;0,06;0,05725;0,05675;0,061;0,06025;0,046125;0,06625;0,0715;0,045125;0,03775;0,048;0,06375;0,067375;0,058625;0,048375;0,0495;0,057125;0,052625;0,042125;0,050875;0,05475;0,046875;0,040625;0,057625
Ужгород;4862230;Оксид азоту;0,024;0,0415;0,04175;0,03725;0,03225;0,02875;0,028;0,02825;0,02725;0,0415;0,02575;0,0225;0,0245;0,03475;0,03625;0,04;0,03025;0,02775;0,02525;0,036;0,0225;0,02875;0,03;0,0345;0,0325;0,05375
Ужгород;4862230;Формальдегiд;0,009375;0,0085;0,006625;0,005625;0,00725;0,006625;0,008375;0,006;0,0055;0,007125;0,006;0,005875;0,005;0,005875;0,007375;0,00675;0,006625;0,006375;0,0065;0,007;0,007375;0,00675;0,007375;0,0065;0,008;0,00875
Запоріжжя;4793510;Завислі речовини;0,15;0,25;0,15;0,13;0,19;0,17;0,13;0,16;0,22;0,12;0,16;0,22;0,15;0,21;0,15;0,14;0,13;0,08;0,1;0,1;0,12;0,13;0,1;0,12;0,08;0,11
Запоріжжя;4793510;Дiоксид сiрки;0,007557143;0,00715;0,0064;0,006164286;0,0068;0,006857143;0,006835714;0,006421429;0,008438462;0,006864286;0,007035714;0,006707143;0,006771429;0,006935714;0,006792308;0,006335714;0,008057143;0,008214286;0,006984615;0,006164286;0,005892308;0,0063;0,006128571;0,005842857;0,006564286;0,006107143
Запоріжжя;4793510;Сульфати;0,015;0,01;0,01;0,015;0,01;0,015;0,015;0,01;0,025;0,01;0,015;0,01;0,02;0,01;0,01;0,015;0,01;0,01;0,015;0,01;0,015;0,02;0,015;0,01;0,01;0,01
Запоріжжя;4793510;Оксид вуглецю;0,39;0,15;0,25;0,19;0,14;0,16;0,25;0,25;0,18;0,42;0,33;0,79;0,37;0,26;0,27;0,16;0,23;0,29;0,2;0,26;0,15;0,44;0,21;0,25;0,22;0,32
Запоріжжя;4793510;Дiоксид азоту;0,074778571;0,052207143;0,058415385;0,0743;0,072392857;0,081071429;0,074492857;0,059342857;0,094638462;0,067414286;0,058878571;0,07045;0,070685714;0,068807143;0,058661538;0,046607143;0,050814286;0,083785714;0,076984615;0,057371429;0,071153846;0,088071429;0,079814286;0,0553;0,057242857;0,042714286
Запоріжжя;4793510;Оксид азоту;0,054433333;0,043666667;0,039666667;0,0463;0,0678;0,052;0,058333333;0,042;0,066966667;0,0411;0,039433333;0,041633333;0,034833333;0,037133333;0,050933333;0,040033333;0,033266667;0,061433333;0,0475;0,0398;0,0607;0,0518;0,049166667;0,0406;0,018366667;0,029566667
Запоріжжя;4793510;Сiрководень;0,002927273;0,002945455;0,002633333;0,003690909;0,004054545;0,004036364;0,0044;0,003436364;0,003466667;0,002563636;0,004672727;0,004363636;0,003709091;0,002672727;0,002933333;0,0036;0,002890909;0,003018182;0,003545455;0,002945455;0,003622222;0,003463636;0,002936364;0,002809091;0,002663636;0,002236364
Запоріжжя;4793510;Фенол;0,00487;0,00742;0,006288889;0,00714;0,00562;0,006;0,00745;0,00403;0,007811111;0,00511;0,0053;0,00466;0,00602;0,00613;0,006522222;0,00706;0,00639;0,00765;0,00663;0,00461;0,006477778;0,00741;0,00603;0,00419;0,00516;0,00558
Запоріжжя;4793510;Фтористий водень;0,0004;0,000425;0,0002;0,000575;0,000425;0,000475;0,000525;0,000425;0,000966667;0;0,00015;0,000575;0,0003;0,00015;0;0,0003;0,000725;0,0003;0,0004;0;0;0,000475;0,000475;0;0,00035;0
Запоріжжя;4793510;Хлористий водень;0,03885;0,0341;0,027933333;0,0344125;0,0414875;0,04125;0,03265;0,0430625;0,041883333;0,0266;0,0476;0,0416375;0,0426125;0,031725;0,031466667;0,044725;0,0425625;0,0301125;0,038042857;0,0349875;0,037883333;0,0398125;0,0394625;0,0394875;0,0352875;0,0271
Запоріжжя;4793510;Формальдегiд;0,0063;0,00665;0,004233333;0,0043;0,0043;0,00585;0,0069;0,0069;0,007966667;0,0068;0,00475;0,0016;0,0044;0,006525;0,0077;0,00565;0,00565;0,003375;0,006325;0,006125;0,009466667;0,005925;0,007825;0,005925;0,00585;0,00365
Івано-Франківськ;4892470;Завислі речовини;0,105;0,15;0,155;0,14;0,135;0,145;0,16;0,14;0,105;0,15;0,105;0,14;0,105;0,15;0,105;0,145;0,14;0,115;0,115;0,15;0,145;0,14;0,15;0,15;0,13;0,145
Івано-Франківськ;4892470;Дiоксид сiрки;0,0084;0,00885;0,0077;0,007625;0,0068;0,00745;0,007125;0,005675;0,00685;0,007275;0,007225;0,016975;0,0083;0,00765;0,005625;0,004875;0,00525;0,0068;0,013425;0,0082;0,0031;0,00385;0,00315;0,00395;0,00315;0,00395
Івано-Франківськ;4892470;Оксид вуглецю;1,8;1,65;1,95;1,7;1,6;1,85;1,9;1,7;1,3;1,85;1,25;1,7;1,3;1,85;1,3;1,9;1,75;1,45;1,5;1,85;1,75;1,65;1,8;1,75;1,6;1,95
Івано-Франківськ;4892470;Дiоксид азоту;0,042825;0,0353;0,056975;0,0406;0,040275;0,041975;0,0404;0,045875;0,041625;0,041225;0,041525;0,036425;0,038175;0,0562;0,038575;0,040425;0,04585;0,04365;0,04135;0,0383;0,04035;0,033;0,037875;0,04305;0,043475;0,039525
Івано-Франківськ;4892470;Оксид азоту;0,028275;0,02335;0,03615;0,027675;0,02635;0,027375;0,0271;0,0301;0,027925;0,02805;0,02785;0,025475;0,0254;0,036425;0,026;0,026075;0,029375;0,0291;0,027375;0,0256;0,0268;0,021925;0,024925;0,0281;0,027975;0,025575
Дніпро;4863510;Завислі речовини;0,2875;0,175;0,225;0,325;0,3125;0,275;0,275;0,25;0,2625;0,25;0,25;0,225;0,175;0,225;0,2375;0,225;0,275;0,2625;0,242857143;0,2125;0,2375;0,2375;0,2875;0,2375;0,275;0,25
Дніпро;4863510;Дiоксид сiрки;0,017708333;0,016;0,013055556;0,016416667;0,010208333;0,008916667;0,013625;0,019083333;0,011888889;0,018041667;0,014416667;0,01325;0,008458333;0,007916667;0,011222222;0,013208333;0,012083333;0,014625;0,010727273;0,008958333;0,0135;0,00975;0,022291667;0,012083333;0,011875;0,019291667
Дніпро;4863510;Оксид вуглецю;2,25;2,166666667;2,25;1,666666667;2,083333333;2;1,916666667;1,75;1,833333333;2,166666667;2,083333333;2;2,5;1,833333333;2,083333333;1,916666667;2,25;2,416666667;2,25;1,583333333;2;2,583333333;1,833333333;1,833333333;2,333333333;2,25
Дніпро;4863510;Дiоксид азоту;0,06;0,067083333;0,063888889;0,05375;0,056666667;0,052916667;0,062083333;0,05625;0,063333333;0,05375;0,054583333;0,05625;0,060416667;0,060416667;0,066111111;0,06;0,060833333;0,055;0,059545455;0,057083333;0,056111111;0,057083333;0,065416667;0,06;0,062083333;0,061666667
Дніпро;4863510;Оксид азоту;0,0375;0,0375;0,03;0,035;0,03;0,035;0,03;0,0325;0,036666667;0,0275;0,0275;0,035;0,0275;0,0325;0,043333333;0,0325;0,04;0,03;0,026666667;0,035;0,04;0,03;0,035;0,0375;0,03;0,0275
Дніпро;4863510;Сiрководень;0,002041667;0,002333333;0,001222222;0,001916667;0,001833333;0,001;0,002416667;0,002833333;0,001055556;0,00125;0,001333333;0,001791667;0,001875;0,001375;0,001555556;0,002583333;0,001416667;0,001875;0,002090909;0,001541667;0,0015;0,001583333;0,004125;0,001833333;0,002333333;0,003125
Дніпро;4863510;Фенол;0,002166667;0,002166667;0,002111111;0,001333333;0,002416667;0,002416667;0,00125;0,001416667;0,002222222;0,001916667;0,001166667;0,002083333;0,001833333;0,001416667;0,002111111;0,001083333;0,00175;0,00225;0,002454545;0,00075;0,002555556;0,001833333;0,00325;0,002583333;0,001916667;0,001916667
Дніпро;4863510;Амiак;0,03875;0,03875;0,041666667;0,0325;0,0375;0,035;0,03875;0,02625;0,033333333;0,0225;0,03125;0,035;0,0275;0,0275;0,036666667;0,02125;0,0275;0,03375;0,035;0,03375;0,028333333;0,02875;0,0225;0,02625;0,03375;0,03625
Дніпро;4863510;Формальдегiд;0,010833333;0,009666667;0,011555556;0,008666667;0,009;0,008583333;0,008666667;0,009;0,009;0,009916667;0,010333333;0,008833333;0,009083333;0,007833333;0,011444444;0,009916667;0,01;0,0095;0,008916667;0,009;0,010222222;0,011583333;0,010583333;0,0095;0,01125;0,011583333
Кривий Ріг;4793340;Завислі речовини;0,41;0,32;0,38;0,4;0,3;0,34;0,23;0,3;0,36;0,3615;0,2412;0,13;0;0,18;0,18;0,36;0;0,01;0,27;0,36;0,16;0;0,22;0,3;0,53;0,43
Кривий Ріг;4793340;Дiоксид сiрки;0,027538462;0,028153846;0,0248;0,023461538;0,023769231;0,028;0,020923077;0,024307692;0,027;0,021153846;0,015923077;0,021153846;0,017923077;0,021307692;0,0163;0,019076923;0,002461538;0,005461538;0,018615385;0,033769231;0,0258;0,007;0,018923077;0,031846154;0,027615385;0,025769231
Кривий Ріг;4793340;Оксид вуглецю;1,7;1,6;1,5;1,6;1,8;1;0,9;1,4;1,3;1,4;1,1;1,2;1,3;1;1,4;1;1,2;1,2;1,2;1,7;1,3;1;1;1,5;1,2;1,8
Кривий Ріг;4793340;Дiоксид азоту;0,024615385;0,020769231;0,035;0,029230769;0,026153846;0,029230769;0,023076923;0,026153846;0,052;0,037692308;0,029230769;0,035384615;0,031538462;0,022307692;0,071;0,053076923;0,023076923;0,041538462;0,026923077;0,042307692;0,07;0,018769231;0,019230769;0,033076923;0,034615385;0,031538462
Кривий Ріг;4793340;Оксид азоту;0,013333333;0,01;0,02;0,016666667;0,01;0,016666667;0,016666667;0,013333333;0,035;0,023333333;0,043333333;0,023333333;0,016666667;0,013333333;0,04;0,033333333;0,013333333;0,026666667;0,02;0,03;0,025;0,013333333;0,006666667;0,016666667;0,013333333;0,023333333
Кривий Ріг;4793340;Сiрководень;0,001;0,001;0,0016;0,0009;0,0008;0,0009;0,0006;0,0015;0,0018;0,0015;0,0014;0,0008;0,0011;0,001;0,0016;0,0013;0,0008;0,0009;0,0011;0,0015;0,0013;0,0007;0,0009;0,0022;0,0011;0,0014
Кривий Ріг;4793340;Фенол;0,0021;0,0019;0,0036;0,00345;0,002;0,00165;0,0015;0,00185;0,001866667;0,00195;0,00165;0,00155;0,0019;0,00175;0,002933333;0,00205;0,00115;0,00185;0,00275;0,0026;0,002266667;0,0012;0,00155;0,0027;0,0021;0,00215
Кривий Ріг;4793340;Амiак;0,01;0,01;0,012666667;0,0105;0,0075;0,007;0,01;0,0105;0,01;0,0105;0,0105;0,009;0,0095;0,01;0,010666667;0,01;0,009;0,0085;0,0105;0,0115;0,012;0,009;0,01;0,0105;0,01;0,0085
Кривий Ріг;4793340;Формальдегiд;0,00735;0,00755;0,014133333;0,0142;0,01135;0,009655;0,00775;0,00945;0,008466667;0,00965;0,00765;0,0071;0,0076;0,00915;0,014266667;0,0102;0,0055;0,00745;0,0105;0,01105;0,008466667;0,0069;0,00915;0,01275;0,0123;0,01415
Кам'янське;4853460;Завислі речовини;0,272075;0,221;0,25;0,290075;0,2751;0,2734375;0,2475;0,222725;0,2439;0,2746;0,2599875;0,1359125;0,1273375;0,236975;0,1422375;0,058475;0,13045;0,194525;0,29435;0,29795;0,330825;0,259;0,2903;0,3631;0,2483;0,1993
Кам'янське;4853460;Дiоксид сiрки;0,0062;0,0059;0,005175;0,00535;0,0060625;0,0066625;0,0064625;0,006275;0,0067375;0,00725;0,0090875;0,006275;0,005475;0,0057;0,00565;0,0053375;0,005225;0,006975;0,005925;0,0074;0,00785;0,00685;0,0077;0,00725;0,007875;0,006
Кам'янське;4853460;Оксид вуглецю;2,75;2,5;2,25;2,5;3;2,875;3,25;3,125;3,125;3,5;3,125;3,25;3,25;2,875;3,25;2,875;3,25;3,25;3,5;3,5;3,25;3,25;3,5;4;3,25;4
Кам'янське;4853460;Дiоксид азоту;0,1011875;0,0858125;0,1717;0,0953875;0,099075;0,063475;0,0819125;0,08524375;0,101558333;0,105125;0,1528;0,0975125;0,09103125;0,09541875;0,134966667;0,09856875;0,0988375;0,109675;0,112225;0,12155;0,09865;0,062475;0,0683;0,0882375;0,1085375;0,0906
Кам'янське;4853460;Оксид азоту;null;null;null;null;0,04845;0,0364;0,041125;0,043675;0,053666667;0,04165;0,061925;0,043875;0,04845;0,042;0,051933333;0,0516;0,04255;0,0551;0,05105;0,0548;0,051566667;0,046575;0,0317;0,041375;0,042075;0,042175
Кам'янське;4853460;Сiрководень;0,004228571;0,003642857;0,00368;0,0059;0,005773333;0,004246667;0,004986667;0,00464;0,004527273;0,00396;0,004673333;0,003873333;0,00432;0,00466;0,003372727;0,00314;0,004;0,00445;0,0043875;0,003475;0,009116667;0,005525;0,003425;0,0042375;0,004875;0,004375
Кам'янське;4853460;Фенол;0,0057125;0,0045875;0,005983333;0,00505;0,00545625;0,00575625;0,00576875;0,005775;0,005016667;0,00534375;0,0051125;0,00495;0,00458125;0,00479375;0,0049;0,004625;0,0051625;0,004825;0,0060625;0,0062125;0,00555;0,00465;0,0045625;0,0054375;0,004525;0,005025
Кам'янське;4853460;Амiак;0,051375;0,050975;0,0507;0,049;0,0518125;0,0467375;0,044;0,044825;0,049575;0,0491625;0,050675;0,0440875;0,0478;0,051475;0,04855;0,047075;0,04785;0,04905;0,04735;0,047975;0,054;0,049475;0,0533;0,04685;0,0549;0,0475
Кам'янське;4853460;Формальдегiд;0,006175;0,0072;0,0051;0,005625;0,0073125;0,0115875;0,009;0,0087375;0,01025;0,0083875;0,00785;0,0109625;0,005975;0,005625;0,0057;0,0073625;0,005625;0,00785;0,007625;0,0066;0,009075;0,00865;0,008425;0,0092;0,009925;0,01075
Краматорськ;4873760;Завислі речовини;0,075;0,1;0,15;0,15;0,125;0,15;0,175;0,075;0,1;0,15;0,05;0,1;0,325;0,075;0,075;0,125;0,125;0,125;0,1;0,1;0,1;0,075;0,05;0,1;0,15;0,175
Краматорськ;4873760;Дiоксид сiрки;0,006275;0,005675;0,0028;0,002425;0,0029;0,006475;0,0029;0,001875;0,00235;0,00315;0,001;0,0019;0,0007;0,00065;0,00195;0,002475;0,00165;0,002525;0,001275;0,002725;0,003275;0,001775;0,000375;0,0014;0,00105;0,0015
Краматорськ;4873760;Оксид вуглецю;2;1,5;2,25;1,5;1,5;1,5;2,75;2,5;2;1,25;1,25;2;1,5;5;1,5;1,25;1,25;1;2,5;3,25;1,25;1,25;1,75;1,5;4,75;3,25
Краматорськ;4873760;Дiоксид азоту;0,1058;0,080675;0,08225;0,097575;0,06765;0,132475;0,130875;0,0449;0,094925;0,0369;0,05145;0,11955;0,08185;0,065025;0,103475;0,1122;0,05845;0,07475;0,10415;0,115325;0,092675;0,029975;0,038025;0,048625;0,08055;0,104225
Краматорськ;4873760;Фенол;0,000825;0,00145;0,001775;0,00255;0,0029;0,005275;0,005325;0,005225;0,004525;0,0021;0,0033;0,0023;0,004925;0,003175;0,003275;0,00475;0,003325;0,001575;0,000925;0,00065;0,001975;0,002725;0,00185;0,001875;0,00285;0,000925
Краматорськ;4873760;Фтористий водень;0,00735;0,008375;0,011475;0,007325;0,00725;0,007475;0,0077;0,006675;0,0076;0,009175;0,0074;0,010975;0,0069;0,00845;0,009525;0,005775;0,006475;0,0125;0,01265;0,01095;0,009175;0,0069;0,003725;0,00595;0,0043;0,005125
Краматорськ;4873760;Формальдегiд;0,0006;0,022525;0,0049;0,0043;0,0047;0,0041;0,010675;0,00635;0,01185;0,004575;0,00415;0,007;0,005;0,0053;0,017475;0,011;0,012725;0,00915;0,006675;0,00765;0,006575;0,003675;0,004975;0,004875;0,004625;0,0034
Кропивницький;4853220;Завислі речовини;0,166666667;0,216666667;0,233333333;0,2;0,2;0,183333333;0,233333333;0,2;0,2;0,233333333;0,166666667;0,25;0,15;0,25;0,216666667;0,183333333;0,2;0,216666667;0,2;0,216666667;0,2;0,2;0,2;0,183333333;0,35;0,266666667
Кропивницький;4853220;Дiоксид сiрки;0,0193;0,020016667;0,016022222;0,0173;0,019341667;0,017391667;0,016508333;0,020991667;0,016177778;0,018825;0,0217;0,016925;0,016716667;0,017583333;0,016577778;0,017583333;0,017791667;0,022041667;0,015125;0,018566667;0,0212;0,014391667;0,016775;0,022133333;0,016758333;0,016075
Кропивницький;4853220;Сульфати;0,005;0,005;0;0,005;0,005;0,005;0,01;0;0,01;0,005;0,005;0,005;0,005;0,005;0,01;0,005;0;0,005;0,005;0,005;0,005;0;0;0;0,01;0,02
Кропивницький;4853220;Оксид вуглецю;2,666666667;1,5;1,666666667;1,833333333;1,166666667;1,5;2,166666667;1,833333333;1,5;2,166666667;1,333333333;1,666666667;1,5;2,333333333;1,833333333;2,166666667;2,166666667;2,5;2,333333333;2,5;2;1,833333333;2;2,166666667;2,833333333;3,333333333
Кропивницький;4853220;Дiоксид азоту;0,026166667;0,033366667;0,025622222;0,026766667;0,029433333;0,030583333;0,028008333;0,031675;0,027422222;0,031866667;0,028133333;0,030233333;0,027733333;0,027;0,0264;0,0339;0,024275;0,026141667;0,033841667;0,02835;0,026144444;0,026833333;0,035608333;0,026033333;0,031791667;0,029966667
Кропивницький;4853220;Оксид азоту;0,0147;0,02475;0,012633333;0,01485;0,021025;0,01445;0,0141;0,02355;0,0134;0,019075;0,0128;0,022925;0,012475;0,01995;0,0136;0,01725;0,01095;0,021225;0,013675;0,0182;0,0182;0,016325;0,021675;0,014525;0,0189;0,019975
Кропивницький;4853220;Сажа;0,041666667;0,031666667;0,053333333;0,05;0,026666667;0,031666667;0,028333333;0,025;0,026666667;0,026666667;0,023333333;0,035;0,03;0,035;0,016666667;0,015;0,02;0,031666667;0,016666667;0,035;0,02;0,021666667;0,02;0,026666667;0,018333333;0,018333333
Кропивницький;4853220;Формальдегiд;0,003766667;0,0043;0,006333333;0,003033333;0,001733333;0,003;0,002533333;0,004533333;0,0038;0,004033333;0,003;0,002533333;0,004;0,0028;0,001766667;0,002833333;0,0041;0,0018;0,0018;0,003133333;0,002633333;0,003333333;0,0036;0,002333333;0,0013;0,0021
Світловодськ;4903340;Завислі речовини;0,15;0,1;null;0;0,1;0;0,05;0,05;null;0,1;0,1;0;0;0;null;0,05;0;0,1;0,05;0,05;null;0;0,1;0;0;null
Світловодськ;4903340;Дiоксид сiрки;0,008266667;0,004133333;null;0,012366667;0,006166667;0,022466667;0,038666667;0,0041;null;0,022466667;0,010333333;0,024766667;0,0349;0,0041;null;0,016566667;0,010366667;0,020733333;0,008233333;0,006233333;null;0,0211;0,010433333;0,0191;0,027866667;null
Світловодськ;4903340;Сульфати;0;0,005;null;0,005;0,01;0;0,01;0,01;null;0,005;0,005;0,005;0,005;0,015;null;0,01;0,01;0,005;0;0;null;0,005;0,005;0,01;0,005;null
Світловодськ;4903340;Оксид вуглецю;1;1,5;null;1;1;1,5;1,5;1;null;1;1;1;1;1;null;1,5;1;1;1;1;null;1;1;1;1,5;null
Світловодськ;4903340;Дiоксид азоту;0,047666667;0,027233333;null;0,027166667;0,0271;0,026833333;0,030233333;0,027133333;null;0,016833333;0,0238;0,0443;0,044;0,023766667;null;0,0342;0,027366667;0,058733333;0,027166667;0,038166667;null;0,0591;0,058466667;0,0318;0,0356;null
Світловодськ;4903340;Оксид азоту;0,020066667;0,033333333;null;0,015533333;0,0221;0,013166667;0,021933333;0,0199;null;0,0198;0,0178;0,0199;0,035366667;0,019933333;null;0,049033333;0,029066667;0,026966667;0,028833333;0,042833333;null;0,052166667;0,0517;0,025233333;0,014;null
Світловодськ;4903340;Формальдегiд;0,0011;0;null;0,0022;0;0;0,001066667;0;null;0,005366667;0,0022;0,0011;0,002133333;0;null;0,003266667;0,002166667;0,001066667;0,0011;0,0011;null;0,0011;0;0;0,002233333;null
Львів;4982410;Завислі речовини;0,1575;0,16125;0,15;0,16125;0,14625;0,15875;0,16375;0,15625;0,14875;0,14375;0,14375;0,155;0,1525;0,1525;0,145;0,14625;0,14;0,15375;0,1525;0,15625;0,155;0,16375;0,16625;0,1575;0,1475;0,1675
Львів;4982410;Дiоксид сiрки;0,0048;0,00435625;0,0042875;0,00505;0,00485;0,004725;0,004725;0,0041875;0,00463125;0,00433125;0,00418125;0,003775;0,0040625;0,004225;0,0036375;0,00408125;0,00386875;0,00599375;0,00951875;0,00535;0,0052375;0,004575;0,005425;0,005125;0,0055375;0,00658125
Львів;4982410;Оксид вуглецю;1,7625;1,9;1,575;1,775;1,5375;1,8375;1,9125;1,8625;1,475;1,4875;1,4875;1,65;1,75;1,6125;1,475;1,5;1,5;1,7;1,725;1,725;1,7875;1,9125;1,925;1,8625;1,6875;1,9625
Львів;4982410;Дiоксид азоту;0,03923125;0,03815625;0,0347875;0,034225;0,03605625;0,03465;0,03345;0,0365875;0,039325;0,0379;0,0333375;0,0427125;0,0426625;0,04791875;0,045675;0,03749375;0,040175;0,04280625;0,0464625;0,05289375;0,0389875;0,0448375;0,0439;0,04556875;0,05010625;0,04943125
Львів;4982410;Оксид азоту;0,0248125;0,0238125;0,0225875;0,0230875;0,0246125;0,01935;0,0201125;0,0209875;0,02485;0,0236125;0,0220125;0,0274375;0,027625;0,0277875;0,0285375;0,0243875;0,0240875;0,02795;0,0327;0,03205;0,0266375;0,029075;0,0268125;0,030125;0,0286375;0,0306625
Львів;4982410;Фтористий водень;0,0031;0,00301875;0,00306875;0,00375625;0,003225;0,003275;0,00298125;0,00324375;0,00363125;0,00349375;0,00318125;0,00365;0,0034125;0,003725;0,003375;0,003425;0,00340625;0,00398125;0,00334375;0,0036625;0,0035875;0,0039125;0,0033;0,00373125;0,0034;0,0032875
Львів;4982410;Формальдегiд;0,00903125;0,0085625;0,00835625;0,008825;0,00923125;0,00856875;0,0079;0,0087375;0,0095;0,00851875;0,0103375;0,00874375;0,0086375;0,0089375;0,0086625;0,00939375;0,0089375;0,0090375;0,0091625;0,00911875;0,0090875;0,00940625;0,00914375;0,00921875;0,0096875;0,00933125
Миколаїв;4703200;Завислі речовини;0,1375;0,1;0,125;0,1125;0,075;0,05;0,0625;0,0625;0,1;0,0875;0,075;0,1;0,125;0,075;0,05;0,0875;0,0875;0,1;0,125;0,0875;0,075;0,0875;0,1;0,1;0,125;0,1
Миколаїв;4703200;Дiоксид сiрки;0,0037625;0,0038625;0,0052125;0,006225;0,00555;0,0034375;0,0037;0,0038;0,00225;0,0008125;0,0033875;0,0077875;0,006175;0,0061625;0,00895;0,0033875;0,0029;0,001775;0,0026125;0,0027125;0,0043625;0,0058625;0,0023625;0,002475;0,003675;0,00355
Миколаїв;4703200;Оксид вуглецю;1,75;1,375;1,75;1;1,25;1,5;1,25;1;1,375;1,125;1,25;1,25;1,375;1,625;1,625;1,375;1,25;1,5;1,25;1;1,125;1,375;1;1;1;1,25
Миколаїв;4703200;Дiоксид азоту;0,02249375;0,01953125;0,021975;0,01440625;0,0150625;0,02498125;0,02826875;0,01443125;0,0185375;0,01769375;0,02985625;0,0451625;0,04083125;0,0211625;0,024925;0,01865;0,03610625;0,0437625;0,0418625;0,024875;0,02739375;0,0187625;0,02670625;0,02215625;0,02583125;0,01271875
Миколаїв;4703200;Оксид азоту;0,00225;0,0053;0,00265;0,003825;0,0042;0,0038;0,00265;0,00375;0,0042;0,009425;0,004175;0,005;0,004575;0,0107;0,005025;0,006525;0,011175;0,01195;0,015825;0,014425;0,011;0,0151;0,0128;0,013075;0,03865;0,011525
Миколаїв;4703200;Фтористий водень;0,0020125;0,0017125;0,002025;0,0016875;0,0018;0,002025;0,00225;0,0023;0,001325;0,00165;0,0022375;0,001775;0,00085;0,00085;0,001425;0,0006625;0,001725;0,0023;0,0015125;0,0015125;0,0030875;0,003125;0,002975;0,0031375;0,0020875;0,00205
Миколаїв;4703200;Формальдегiд;0,01105;0,0087;0,00843125;0,006625;0,007425;0,0077;0,0034;0,00265;0,0064125;0,007375;0,00759375;0,0066;0,0075125;0,00825;0,00625;0,00558125;0,0046125;0,0061875;0,00658125;0,005125;0,0063625;0,0047625;0,00554375;0,0044375;0,00481875;0,00619375
Одеса;4643080;Завислі речовини;0,2041;0,2072;0,2434;0,2081;0,2264;0,257428571;0,251214286;0,257071429;0,241;0,193;0,144214286;0,110428571;0,170928571;0,2025;0,180714286;0,158071429;0,151642857;0,189142857;0,187;0,195428571;0,0773;0,117214286;0,146071429;0,199428571;0,213642857;0,209214286
Одеса;4643080;Дiоксид сiрки;0,042476471;0,042070588;0,043652941;0,039670588;0,038582353;0,039672727;0,037495455;0,040181818;0,0391;0,040504545;0,039022727;0,036695455;0,041913636;0,041713636;0,04145;0,040513636;0,045763636;0,043540909;0,041645455;0,043968182;0,038811765;0,032209091;0,032759091;0,048190909;0,056909091;0,045140909
Одеса;4643080;Сульфати;0,0215;0,0155;0,016;0,0155;0,0195;0,023;0,0185;0,018;0,021;0,022;0,0165;0,016;0,013;0,0175;0,0105;0,0115;0,018;0,02;0,021;0,0185;0,008;0,0085;0,013;0,0135;0,0175;0,0135
Одеса;4643080;Оксид вуглецю;1,833333333;1,65;2,016666667;1,916666667;1,55;2,07;1,88;1,93;2,31;1,95;1,8;1,68;1,85;1,8;2,17;1,79;1,8;1,82;2,02;2,04;1,99;1,89;2,12;2,03;2,41;2,23
Одеса;4643080;Дiоксид азоту;0,052170588;0,053658824;0,047223529;0,046270588;0,047011765;0,049404545;0,053372727;0,056331818;0,053827273;0,051590909;0,046777273;0,051995455;0,049572727;0,048990909;0,046686364;0,047631818;0,046863636;0,044404545;0,048831818;0,050213636;0,046411765;0,044059091;0,047363636;0,057090909;0,056772727;0,051827273
Одеса;4643080;Оксид азоту;null;null;null;null;null;0,034425;0,0417;0,0344;0,0367;0,040425;0,041;0,037525;0,040675;0,026325;0,039275;0,0389;0,039375;0,034375;0,034275;0,026575;null;0,039475;0,034675;0,0441;0,052125;0,03285
Одеса;4643080;Сiрководень;0,0012;0,001075;0,001225;0,001475;0,0013;0,0011125;0,0009875;0,0011875;0,0017125;0,0025125;0,0020875;0,001825;0,001825;0,001675;0,00205;0,001675;0,00155;0,0015375;0,0015875;0,0011625;0,001075;0,0013125;0,0012;0,00105;0,0012;0,001175
Одеса;4643080;Фенол;0,0031;0,003528571;0,0031;0,003207143;0,003278571;0,0032;0,003485714;0,003552381;0,003419048;0,003152381;0,003766667;0,003214286;0,002709524;0,002852381;0,003133333;0,002885714;0,003271429;0,003185714;0,0029;0,003009524;0,003235714;0,003209524;0,0033;0,003209524;0,003352381;0,003395238
Одеса;4643080;Сажа;0,055;0,05125;0,05625;0,075;0,075;0,049;0,068;0,057;0,047;0,034;0,039;0,039;0,033;0,041;0,037;0,023;0,031;0,034;0,027;0,034;0,02;0,038;0,039;0,042;0,05;0,054
Одеса;4643080;Фтористий водень;0,002733333;0,00235;0,004466667;0,003466667;0,004666667;0,00375;0,00479;0,00364;0,00268;0,00289;0,00447;0,00404;0,00519;0,00356;0,00336;0,00312;0,00423;0,00431;0,00461;0,00509;0,005316667;0,00566;0,00543;0,00446;0,00492;0,003
Одеса;4643080;Формальдегiд;0,010811111;0,009688889;0,008477778;0,007622222;0,007866667;0,012946667;0,014146667;0,01282;0,010453333;0,009306667;0,009173333;0,007553333;0,007673333;0,0072;0,007606667;0,007433333;0,008433333;0,007993333;0,00816;0,00848;0,010188889;0,010106667;0,00922;0,011073333;0,009426667;0,01068
Полтава;4963460;Завислі речовини;0,2;0,1375;0,175;0,25;0,25;0,25;0,2;0,225;0,2;0,15;0,1875;0,125;0,1;0,15;0,1125;0,1375;0,1;0,0875;0,1375;0,15;0,1;0,1;0,15;0,175;0,125;0,1625
Полтава;4963460;Дiоксид сiрки;0,0035;0,0036875;0,003166667;0,003875;0,00375;0,004125;0,003125;0,003;0,002333333;0,0020625;0,003875;0,00325;0,0021875;0,0035;0,002;0,0029375;0,0033125;0,003;0,0030625;0,002625;0,001333333;0,003875;0,00375;0,003;0,00225;0,00275
Полтава;4963460;Сульфати;0,01;0,01;null;null;null;null;null;0,01;0,01;0,005;0,01;0,005;0,01;0,015;0,01;0,005;0,01;0,01;0,01;0,005;null;null;null;0,01;0,01;0,005
Полтава;4963460;Оксид вуглецю;1,333333333;1,25;1,5;1,75;1,25;0,75;1,75;1,875;1,555555556;1,444444444;1,111111111;1,555555556;1,666666667;1,125;1,222222222;2;1;1,333333333;1,666666667;1,875;1,5;3;1,25;1,333333333;1,888888889;1,75
Полтава;4963460;Дiоксид азоту;0,043125;0,035;0,035;0,035;0,02875;0,035;0,0225;0,032142857;0,0325;0,0225;0,02875;0,03125;0,0275;0,038125;0,030833333;0,0325;0,0275;0,0325;0,029375;0,03;0,031666667;0,0275;0,0375;0,032142857;0,038125;0,036875
Полтава;4963460;Оксид азоту;0,0275;0,02;null;null;null;null;null;0,023333333;0,016666667;0,02;0,0175;0,02;0,015;0,02;0,013333333;0,02;0,01;0,0175;0,02;0,01;null;null;null;0,016666667;0,0175;0,025
Полтава;4963460;Фтористий водень;0,002375;0,00175;0,002666667;0,00325;0,00225;0,00275;0,00275;0,003428571;0,002666667;0,001875;0,00275;0,002;0,0025;0,002375;0,002833333;0,0015;0,00175;0,003375;0,001375;0,00125;0,002;0,00325;0,00325;0,001714286;0,002;0,002125
Полтава;4963460;Хлористий водень;0,025;0,03;0,026666667;0,015;0,02;0,025;0,015;0,025;0,013333333;0,03;0,025;0,015;0,025;0,035;0,026666667;0,03;0,02;0,035;0,025;0,015;0,02;0,02;0,03;0,02;0,02;0,02
Полтава;4963460;Амiак;0,0125;0,015;null;null;null;null;null;0,016666667;0,016666667;0,0125;0,01;0,01;0,01;0,015;0,013333333;0,0125;0,01;0,0075;0,015;0,01;null;null;null;0,013333333;0,0125;0,0075
Полтава;4963460;Формальдегiд;0,0045;0,00425;0,009666667;0,006375;0,0045;0,004125;0,004375;0,004363636;0,003777778;0,004166667;0,005;0,00425;0,00375;0,00625;0,005;0,00475;0,006416667;0,003583333;0,003;0,006416667;0,0045;0,00425;0,00675;0,005545455;0,004333333;0,005666667
Кременчук;4813330;Завислі речовини;0,1425;0,11375;0,1;0,1375;0,10625;0,105;0,1025;0,13;0,13625;0,14;0,11375;0,1225;0,155;0,2425;0,126;0,152;0,077142857;0,12;0,072857143;0,1175;0,09625;0,14375;0,14375;0,11375;0,1025;0,12875
Кременчук;4813330;Дiоксид сiрки;0,0095625;0,0049375;0,00679375;0,00831875;0,00619375;0,00641875;0,008275;0,00710625;0,0071875;0,00760625;0,00706875;0,00580625;0,0049;0,0104;0,00767;0,007854545;0,009292857;0,012486667;0,01094;0,00850625;0,00756875;0,0064875;0,0085375;0,0089125;0,00804375;0,00726875
Кременчук;4813330;Сульфати;0,005;0,005;0;0,005;0,005;0;0,005;0,005;0,005;0,01;0,01;0;0,01;null;null;null;0;0,005;0,005;0,005;0,005;0;0,005;0,01;0,005;0,005
Кременчук;4813330;Оксид вуглецю;0,5875;0,4375;0,4125;0,45;0,975;0,3625;0,4;0,475;0,425;0,3375;0,4125;0,5125;0,5;0,6;0,36;0,52;0,614285714;0,514285714;0,4;0,4375;0,45;0,52565;1,018425;0,3375;0,6875;0,9625
Кременчук;4813330;Дiоксид азоту;0,04680625;0,02006875;0,02753125;0,03325;0,03006875;0,027325;0,03555;0,03680625;0,0380375;0,0473;0,0348875;0,017875;0,021069231;0,0290375;0,02229;0,021290909;0,031357143;0,044726667;0,040546667;0,04104375;0,0398875;0,0337625;0,03910625;0,0351;0,03628125;0,04011875
Кременчук;4813330;Оксид азоту;0,031375;0,01335;0,017075;0,023125;0,019325;0,017575;0,0164;0,008;0,02175;0,0444;0,0278;0,00915;0,011;null;null;null;0,019866667;0,04515;0,03955;0,028;0,027775;0,02945;0,03665;0,028925;0,02655;0,0165
Кременчук;4813330;Фенол;0,000433333;0,00075;0,000141667;0,0005;0,000216667;0;0,000483333;0,000683333;0,00085;0,00055;0,000525;0,000958333;0,000736364;0,0002375;0,00094;0,002563636;0,000609091;0,000218182;0,000409091;0,0004;0,001516667;0,000241667;0,000025;0,00025;0,000441667;0,000808333
Кременчук;4813330;Сажа;0,019025;0,008875;0,01145;0,010175;0,010075;0,007575;0,0038;0,01405;0,01125;0,0076;0,00885;0,006375;0,0119;0,02035;0,003433333;0,001733333;0,0017;0,003433333;0,0017;0,009;0,009225;0,0065;0,0155;0,002625;0,00655;0,0159
Кременчук;4813330;Амiак;0,007475;0,0018;0,004175;0,00475;0,00195;0,002325;0,005425;0;0,004975;0,00495;0,001075;0,003275;0;null;null;null;0,0031;0,002875;0,003975;0,005625;0,005;0,00195;0,005525;0,008325;0,0064;0,00095
Кременчук;4813330;Формальдегiд;0,00586;0,00387;0,00259;0,00143;0,00137;0,00284;0,00339;0,00194;0,00237;0,00388;0,00418;0,00269;0,0029375;0,0055;0,0071;0,002457143;0,002177778;0,004544444;0,005244444;0,00511;0,00725;0,00504;0,00563;0,00417;0,00275;0,00337
Рівне;5062620;Завислі речовини;0,095033333;0,043916667;0,0393;0,181516667;0;0,198316667;0,232933333;0,2354;0,1981;0;0;0;0,052333333;0;0;0,192766667;0,137866667;0,138333333;0;0;0,1557;0,298666667;0,26;0,02655;0,1755;0,095
Рівне;5062620;Дiоксид сiрки;0;9,16667E-05;0;0;0;0;0,000258333;0;0,000491667;0;0;0;0;0;0;0;0,000258333;0,000291667;0;0,003216667;0,000258333;0;0;0,0003;0,003716667;0,004591667
Рівне;5062620;Оксид вуглецю;1,093333333;1,126666667;1,116666667;1,088333333;1;1,111666667;1,36;1,3;0,99;0,988333333;1,006666667;0,965;1,428333333;1,166666667;1,181666667;1,1;1,103333333;1,591666667;1,15;1,13;1,291666667;1,32;0,825;0,838333333;1,146666667;0,985
Рівне;5062620;Дiоксид азоту;0,024566667;0,019591667;0,023625;0,024541667;0,011458333;0,015133333;0,027058333;0,0229;0,036516667;0,0448;0,030741667;0,032558333;0,031466667;0,02365;0,034675;0,0316;0,02595;0,027741667;0,0212;0,021875;0,04335;0,048875;0,0216;0,037333333;0,028258333;0,028308333
Рівне;5062620;Оксид азоту;0,02622;0,02219;0,021522222;0,02419;0,02376;0,02554;0,02523;0,02044;0,039111111;0,04167;0,01966;0,01831;0,03537;0,02609;0,028677778;0,01599;0,02063;0,02215;0,02039;0,02235;0,0495;0,04902;0,03641;0,0136;0,02676;0,03288
Рівне;5062620;Сiрководень;0,00165;0,0036875;0,004157143;0,0009;0,00095;0,0006125;0,00065;0,002;0,000442857;0,0003375;0,0007625;0;0,0004;0,00175;0,000542857;0,002625;0;0,001975;0,0039375;0,0024625;0,000428571;0,0036125;0,0015625;0;0,002775;0,006925
Рівне;5062620;Фенол;0,00109;0,00217;0,00522;0,00388;0,00101;0,00498;0,00656;0,00671;0,00462;0,0026;0,00462;0,00603;0,00292;0;0,00212;0,00176;0;0,00098;0,00364;0,00477;0,00283;0;0,00074;0,00256;0,00198;0,00151
Рівне;5062620;Фтористий водень;0,0054875;0,0050875;0,009885714;0,0112625;0,0132125;0,0017;0,0017;0,00325;0,004114286;0,001875;0,0044625;0,0018375;0,0055;0,0069375;0,0041;0,00125;0,0007375;0,0022;0,0014375;0,00315;0,003371429;0,0056625;0,00535;0,004225;0,0012875;0,0013625
Рівне;5062620;Хлористий водень;0,028475;0,0097875;0,0700375;0,055625;0,076525;0;0,073075;0,12025;0,1022875;0,014775;0,022075;0,0726375;0,076125;0,0779125;0,103;0,01325;0,023775;0,055175;0,056925;0,046675;0,0329875;0,0327875;0,08355;0,0389625;0,0444;0,06645
Рівне;5062620;Амiак;0;0;0,002825;0;0;0;0;0;0;0;0;0;0;0;0;0;0;0;0;0;0;0,003;0;0,00405;0;0
Рівне;5062620;Формальдегiд;0,0058875;0,00525;0,004071429;0;0;0,003375;0,003275;0,002625;0,004785714;0,0039625;0,0009625;0,002025;0,0019375;0,00245;0,006042857;0,0043875;0,0045125;0,0027;0,0018375;0,003575;0,007214286;0,007475;0,01045;0,0077875;0,0030875;0,0012125
Суми;5093480;Завислі речовини;0,433333333;0,266666667;0,283333333;0,333333333;0,3;0,25;0,366666667;0,266666667;0,416666667;0,366666667;0,3;0,316666667;0,35;0,4;0,333333333;0,383333333;0,233333333;0,3;0,3;0,35;0,266666667;0,3;0,283333333;0,316666667;0,316666667;0,216666667
Суми;5093480;Дiоксид сiрки;0,029;0,031916667;0,032;0,031;0,03125;0,02825;0,024416667;0,025;0,032888889;0,03125;0,036416667;0,036333333;0,041583333;0,037083333;0,036666667;0,039583333;0,036333333;0,033916667;0,042916667;0,04225;0,042888889;0,042583333;0,044083333;0,041916667;0,03675;0,045083333
Суми;5093480;Сульфати;0,005;0,01;0,01;0,015;0,005;0,015;0,015;0,005;0,01;0,01;0,015;0,015;0,02;0,02;0,02;0,025;0,01;0,01;0,025;0,02;0,02;0,02;0,01;0,015;0,015;0,02
Суми;5093480;Оксид вуглецю;2,333333333;1,5;1,666666667;1,666666667;1,666666667;2;2;1,833333333;1,833333333;1,833333333;1,666666667;1,833333333;1,5;1,833333333;2,166666667;1,333333333;2;1,333333333;1,666666667;1,833333333;2;2;1,833333333;1,833333333;1,333333333;1,5
Суми;5093480;Дiоксид азоту;0,100833333;0,0725;0,091111111;0,08;0,09;0,074166667;0,095;0,0775;0,075555556;0,088333333;0,103333333;0,103333333;0,074166667;0,0775;0,068888889;0,098333333;0,090833333;0,096666667;0,094166667;0,075833333;0,077777778;0,075833333;0,069166667;0,073333333;0,086666667;0,115833333
Суми;5093480;Оксид азоту;0,0375;0,03;0,03;0,035;0,03;0,0275;0,04;0,0325;0,023333333;0,02;0,0575;0,0475;0,0375;0,0325;0,026666667;0,0375;0,045;0,0375;0,045;0,0275;0,026666667;0,025;0,0325;0,0275;0,0575;0,045
Суми;5093480;Амiак;0,01375;0,015;0,015;0,015;0,0175;0,015;0,02;0,015;0,015;0,015;0,01625;0,015;0,01375;0,015;0,013333333;0,0175;0,015;0,0175;0,01375;0,0175;0,015;0,0125;0,01625;0,01625;0,01875;0,01625
Суми;5093480;Формальдегiд;0,004;0,003;0,004;0,003;0,003;0,003;0,004;0,003;0,004;0,005;0,003;0,003;0,006;0,003;0,004;0,004;0,003;0,004;0,005;0,005;0,004;0,004;0,004;0,004;0,00425;0,004
Тернопіль;4932530;Завислі речовини;0,055;null;0,065;0,115;0,07;0,04;0,0925;0,0775;0,0525;0;0,02;0;0,04;0,0475;0,02;0,01;0,02;0,0475;0,0475;0,055;0,075;0,09;0,1075;0,0275;0,02;null
Тернопіль;4932530;Дiоксид сiрки;0,0048125;null;0,0047;0,0056;0,0050625;0,0034125;0,0028125;0,002825;0,0026625;0,0021875;0,0017625;0,0032375;0,003925;0,00555;0,0039125;0,003725;0,0038875;0,0037125;0,003325;0,0031875;0,0031375;0,0040375;0,003625;0,00135;0,001575;null
Тернопіль;4932530;Оксид вуглецю;3,775;null;4,025;3,375;3,7;3,225;3,125;3,15;2,85;3,175;3,85;3,325;3,325;2,7;3;3,175;2,85;2,65;2,625;3;3,275;3,1;2,725;3,3;3,575;null
Тернопіль;4932530;Дiоксид азоту;0,0553125;null;0,0555;0,050575;0,0561875;0,04775;0,0435875;0,0484125;0,040625;0,0458625;0,0405375;0,0417375;0,041975;0,0546625;0,0500125;0,0470375;0,0416375;0,0413625;0,044025;0,060425;0,04135;0,0425125;0,044625;0,0428875;0,049725;null
Тернопіль;4932530;Оксид азоту;0,03165;null;0,03025;0,028475;0,031225;0,025875;0,02315;0,027125;0,022575;0,025;0,022075;0,02335;0,023;0,030675;0,0282;0,026725;0,022775;0,022575;0,0233;0,034325;0,021975;0,0235;0,024325;0,023925;0,02785;null
Тернопіль;4932530;Формальдегiд;0,00475;null;0,003125;0,0035875;0,0032875;0,002825;0,002075;0,002125;0,0016;0,001175;0,0012375;0,002525;0,0023375;0,0027;0,0021;0,001925;0,0025375;0,00265;0,003225;0,001775;0,0023875;0,0027375;0,0020875;0,000675;0,0014375;null
Харків;4993630;Завислі речовини;0,04824;0,0464;0,05;0,0512;0,048;0,0496;0,0536;0,0436;0,0612;0,0648;0,068;0,0504;0,072;0,0688;0,0836;0,0756;0,0768;0,0828;null;null;0,08468;0,084;0,0716;0,0764;0,0824;0,0912
Харків;4993630;Дiоксид сiрки;0,011296667;0,011816667;0,016056667;0,01548;0,015186667;0,016826667;0,013763333;0,01657;0,014216667;0,012346667;0,014723333;0,010486667;0,01322;0,012406667;0,01078;0,011016667;0,013453333;0,012613333;null;null;0,015256667;0,01333;0,013573333;0,016076667;0,015703333;0,01603
Харків;4993630;Сульфати;0,005;0,005;0,005;0;0;0,005;0;0;0,005;0,005;0;0;0;0,005;0;0,005;0;0,01;null;null;0,005;0;0;0;0,01;0,005
Харків;4993630;Оксид вуглецю;1,115;1,175;1,17;1,25;1,165;1,195;1,145;1,065;1,215;1,175;1,115;1,16;1,285;1,275;1,265;1,25;1,28;1,325;1,375;1,235;1,22;1,13;1,27;1,12;1,265;1,375
Харків;4993630;Дiоксид азоту;0,031528571;0,02262;0,02961;0,031694286;0,033714286;0,023974286;0,029465714;0,025442857;0,03096;0,028791429;0,028251429;0,030608571;0,031385714;0,03256;0,033173333;0,035365714;0,030145714;0,035102857;0,024;null;0,0282;0,030345714;0,027108571;0,026442857;0,028822857;0,026014286
Харків;4993630;Оксид азоту;0,017725;0,018275;0,0273;0,026625;0,019125;0,02785;0,024225;0,03065;0,0173;0,008475;0,023025;0,020675;0,0222;0,021475;0,0179;0,010975;0,01585;0,017625;0,0091;null;0,024666667;0,014875;0,016275;0,0238;0,02645;0,0283
Харків;4993630;Сiрководень;0,001275;0,00095;0,0009;0,000375;0,000575;0,0004;0,000325;0,000525;0,000933333;0,00155;0,000575;0,000525;0,00055;0,000625;0,000733333;0,0008;0,000725;0,000825;0,0006;null;0,001266667;0,00095;0,001025;0,001025;0,00115;0,00055
Харків;4993630;Фенол;0,002641667;0,002066667;0,001244444;0,001083333;0,0012;0,000883333;0,001183333;0,001408333;0,001455556;0,0015;0,001475;0,001591667;0,002325;0,001616667;0,002455556;0,002566667;0,00265;0,003008333;0,002666667;null;0,002122222;0,0027;0,002266667;0,002741667;0,002391667;0,002458333
Харків;4993630;Сажа;0,03;0,036666667;0,043333333;0,036666667;0,03;0,03;0,01;0,03;0,036666667;0,03;0,03;0,03;0,03;0,05;0,05;0,036666667;0,03;0,03;null;null;0,05;0,05;0,036666667;0,043333333;0,03;0,036666667
Харків;4993630;Амiак;0,0012375;0,0029375;0,0045;0,00295;0,0046625;0,002525;0,00335;0,00335;0,0028;0,003325;0,0025375;0,0037875;0,0096375;0,0050625;0,0074;0,00595;0,0088875;0,0066875;0;null;0,006983333;0,006475;0,0059625;0,0064375;0,006125;0,0064875
Харків;4993630;Формальдегiд;0,001367857;0,001364286;0,001609524;0,001485714;0,002064286;0,001503571;0,001335714;0,0012;0,0018;0,003067857;0,002678571;0,001828571;0,001339286;0,001564286;0,003338095;0,002203571;0,002407143;0,001689286;0,001914286;null;0,001952381;0,002560714;0,002267857;0,001810714;0,001682143;0,001742857
Хмельницький;4942690;Завислі речовини;0,08125;0,07325;0,11475;0,0655;0,08125;0,07225;0,11275;0,1605;0,0805;0,04025;0,05675;0,10475;0,08925;0,1215;0,08075;0,05625;0,056;0,06475;0,11475;0,08375;0,1145;0,11425;0,06625;0,06725;0,09975;0,27
Хмельницький;4942690;Дiоксид сiрки;0,014125;0,0128375;0,012075;0,012725;0,0151;0,0150875;0,01975;0,01645;0,0180625;0,017825;0,0152625;0,0144;0,0148625;0,0153;0,0161625;0,0171;0,0164375;0,0164125;0,0187625;0,0188;0,0192125;0,0168;0,0162;0,0195375;0,0193625;0,018175
Хмельницький;4942690;Сульфати;0,010375;0,00945;0,0114;0,0129;0,013525;0,010325;0,009725;0,009975;0,011025;0,011425;0,0122;0,013075;0,01165;0,0111;0,011275;0,010825;0,01035;0,010525;0,01065;0,010525;0,011675;0,013875;0,0141;0,0118;0,0113;0,01245
Хмельницький;4942690;Оксид вуглецю;1,765;1,8375;1,5975;1,7675;2,0325;1,7625;1,8525;1,6825;1,8;1,7;1,835;1,8525;1,9475;1,9975;1,885;1,6875;2,0075;1,795;1,985;1,9375;2,34;1,87;1,7275;1,7825;1,8225;1,8925
Хмельницький;4942690;Дiоксид азоту;0,0367125;0,02025;0,022425;0,0303;0,0354375;0,03155;0,0384;0,028875;0,0280125;0,0228625;0,0275125;0,029575;0,02845;0,0257;0,0296;0,039775;0,0435125;0,0356;0,0258625;0,0372875;0,0428125;0,05035;0,051275;0,0216375;0,0293875;0,0259125
Хмельницький;4942690;Оксид азоту;0,0265125;0,0170375;0,0195125;0,0256875;0,028525;0,02675;0,0294125;0,02365;0,0224375;0,0201625;0,02155;0,023675;0,0227625;0,027325;0,0299875;0,029075;0,030725;0,027625;0,0245625;0,0273875;0,034225;0,037675;0,0398;0,0203125;0,0218375;0,0287375
Хмельницький;4942690;Фенол;0,000983333;0,00095;0,000783333;0,000883333;0,000816667;0,000866667;0,000983333;0,0009;0,00085;0,000766667;0,0007;0,000633333;0,000516667;0,000733333;0,001;0,0007;0,000516667;0,000666667;0,0007;0,0009;0,0017;0,001333333;0,000616667;0,0005;0,000783333;0,0006
Хмельницький;4942690;Хлористий водень;0,0431;0,036375;0,03555;0,031775;0,0331;0,04375;0,0565;0,049675;0,049675;0,044825;0,0391;0,0359;0,032575;0,032175;0,0568;0,0501;0,044375;0,0386;0,03285;0,030975;0,036525;0,042625;0,03545;0,033175;0,0372;0,035875
Хмельницький;4942690;Амiак;0,0034;0,0026;0,0037;0,005025;0,005725;0,00565;0,007025;0,0055;0,005175;0,007325;0,007825;0,006975;0,007825;0,00835;0,006225;0,005975;0,00445;0,005225;0,006325;0,0054;0,0069;0,00685;0,003725;0,003775;0,00485;0,004325
Хмельницький;4942690;Формальдегiд;0,001216667;0,001133333;0,001733333;0,001633333;0,000833333;0,001083333;0,001216667;0,000833333;0,000833333;0,0007;0,001233333;0,000833333;0,000966667;0,000833333;0,0011;0,000966667;0,000833333;0,001233333;0,001383333;0,00115;0,001366667;0,001216667;0,00115;0,000783333;0,001283333;0,001266667
Херсон;4673270;Завислі речовини;0,075;null;0,05;0,05;0,05;0,05;0,05;null;0,025;0,05;0,075;0,025;0,025;null;0,025;0;0;0,05;0,025;null;0,05;0,025;0,025;0,025;0,1;null
Херсон;4673270;Дiоксид сiрки;0,006222222;null;0,004857143;0,004;0,002333333;0,002888889;0,003333333;null;0,002571429;0,003;0,002111111;0,006;0,009888889;null;0,007857143;0,008888889;0,006666667;0,003;0,001555556;null;0,007;0,005111111;0,004;0,009111111;0,000777778;null
Херсон;4673270;Сульфати;0;null;0,01;0;0,005;0;0,01;null;0,005;0;0,005;0,005;0;null;0,01;0,005;0;0,015;0,015;null;0;0,005;0,015;0,005;0;null
Херсон;4673270;Оксид вуглецю;0,571428571;null;0;0,142857143;0,285714286;0,285714286;0,142857143;null;0;0,285714286;0,142857143;0,142857143;0,428571429;null;0,285714286;0,142857143;0,285714286;0,142857143;0,142857143;null;0,428571429;0;0,428571429;0,142857143;0,285714286;null
Херсон;4673270;Дiоксид азоту;0,166666667;null;0,2;0,191666667;0,188333333;0,167777778;0,141111111;null;0,154285714;0,218888889;0,17;0,165555556;0,232222222;null;0,21;0,164444444;0,208888889;0,173333333;0,141111111;null;0,171428571;0,188888889;0,196666667;0,174444444;0,131111111;null
Херсон;4673270;Оксид азоту;0,0875;null;0,093333333;0,075;0,075;0,0775;0,105;null;0,126666667;0,09;0,1325;0,0875;0,1175;null;0,103333333;0,11;0,1225;0,115;0,095;null;0,093333333;0,0975;0,1525;0,13;0,1175;null
Херсон;4673270;Фенол;0,003888889;null;0,003142857;0,006833333;0,004;0,001666667;0,001333333;null;0,002285714;0,004555556;0,003333333;0,006444444;0,003;null;0,006571429;0,009555556;0,005777778;0,003;0,004888889;null;0,004428571;0,005444444;0,004888889;0,002111111;0,004888889;null
Херсон;4673270;Формальдегiд;0,001111111;null;0,004571429;0,003;0,003333333;0,001111111;0,008111111;null;0,011428571;0,002222222;0;0;0;null;0,008428571;0,015111111;0,001111111;0,006222222;0,003333333;null;0,010571429;0,008;0,010555556;0,003666667;0,003333333;null
Черкаси;4933200;Завислі речовини;0,183333333;0,183333333;0,166666667;0,15;0,133333333;0,1;0,116666667;0,183333333;0,233333333;0,183333333;0;0;0;0,1;0;0,1;0;0,1;0,15;0,233333333;0;0;0,116666667;0,2;0,1;0,15
Черкаси;4933200;Дiоксид сiрки;0,0119;0,0118;0,012;0,0096;0,0107;0,0104;0,0114;0,0127;0,010875;0,0123;0,0089;0,0144;0,0201;0,0114;0,012;0,019;0,0227;0,0144;0,0156;0,0152;0,01475;0,0161;0,0176;0,0155;0,0114;0,0138
Черкаси;4933200;Сульфати;0,01;0,01;0,01;0,01;0,01;0,01;0,01;0,01;0,01;0,01;0,005;0,01;0,01;0,01;0,01;0,015;0,01;0,01;0,01;0,02;0,01;0,015;0,01;0,005;0,01;0,01
Черкаси;4933200;Оксид вуглецю;1;1;1;1;1;1,166666667;1;1;1,333333333;1,333333333;1,166666667;1,833333333;2,166666667;1;1;1,666666667;1;2;1;1;1;1;1,166666667;1,166666667;1;0,833333333
Черкаси;4933200;Дiоксид азоту;0,0275;0,025;0,021111111;0,03;0,023333333;0,030833333;0,031666667;0,041666667;0,022222222;0,0225;0,041666667;0,050833333;0,048333333;0,041666667;0,028888889;0,030833333;0,036666667;0,031666667;0,0425;0,045;0,032222222;0,025;0,031666667;0,04;0,0375;0,041666667
Черкаси;4933200;Оксид азоту;0,025;0,025;0,02;0,0225;0,0325;0,0225;0,02;0,02;0,016666667;0,0225;0,0275;0,075;0,0325;0,0525;0,02;0,025;0,015;0,0275;0,0175;0,0475;0,103333333;0,0475;0,02;0,03;0,055;0,06
Черкаси;4933200;Сiрководень;0,00175;0,00175;0,001444444;0,001333333;0,0015;0,001583333;0,001416667;0,001833333;0,001777778;0,001583333;0,00175;0,0025;0,002583333;0,002;0,001888889;0,001666667;0,001916667;0,00225;0,001666667;0,001833333;0,002;0,0015;0,00125;0,001333333;0,00125;0,001583333
Черкаси;4933200;Амiак;0,031666667;0,036666667;0,032222222;0,024166667;0,025;0,031666667;0,038333333;0,041666667;0,032222222;0,025833333;0,0325;0,035;0,0475;0,0375;0,028888889;0,036666667;0,033333333;0,041666667;0,05;0,04;0,037777778;0,035833333;0,021666667;0,038333333;0,053333333;0,053333333
Черкаси;4933200;Формальдегiд;0,0075;0,00775;0,004333333;0,005;0,00275;0,0065;0,00875;0,00925;0,004666667;0,0045;0,00475;0,00475;0,0115;0,00425;0,004666667;0,00925;0,005;0,007;0,0095;0,0075;0,001333333;0,005;0,00725;0,0075;0,00575;0,007
Чернівці;4832590;Завислі речовини;0,05;0,033333333;0,033333333;0,033333333;0,016666667;0;0;0;0;0,016666667;0,016666667;0;0,033333333;0;0;0;0;0;0,016666667;0,033333333;0;0,016666667;0;0;0;0,016666667
Чернівці;4832590;Дiоксид сiрки;0,000641667;0,001275;0,001666667;0,001391667;0,000875;0,00075;0,002025;0,000758333;0,00165;0,002183333;0,000633333;0,000375;0,002441667;0,000766667;0,0034;0,002141667;0,00265;0,002408333;0,00075;0,001208333;0,0009;0,001275;0,001441667;0,001025;0,002416667;0,002283333
Чернівці;4832590;Оксид вуглецю;0;0;0;0,166666667;0,333333333;0;0;0,333333333;0;0;0,166666667;0,333333333;0,166666667;0;0,333333333;0;0,166666667;0,166666667;0,5;0;0,166666667;0,333333333;0;0;0;0,333333333
Чернівці;4832590;Дiоксид азоту;0,018433333;0,003533333;0,016683333;0,014283333;0,016666667;0,011666667;0,008708333;0,008708333;0,016325;0,016341667;0,02845;0,025666667;0,023516667;0,008291667;0,0227;0,007633333;0,01785;0,032275;0,020116667;0,013258333;0,028908333;0,015016667;0,013016667;0,017016667;0,030791667;0,02345
Чернівці;4832590;Оксид азоту;0,00685;0,0017;0;0;0,000675;0;0;0,00065;0,000675;0,00135;0,001675;0,000325;0,0061;0,012925;0,00265;0,00065;0;0,0098;0,00335;0,0093;0,005425;0,000325;0,00455;0,001075;0;0,0049
Чернівці;4832590;Фенол;0,0009;0,00115;0,002725;0,0032;0,00055;0,002575;0,004;0,000875;0,0023;0,002275;0,0016;0,00105;0,0017;0,001475;0,0061;0,000825;0,0001;0,002175;0,0011;0;0,0018;0,003375;0,001275;0,00315;0,001825;0
Чернівці;4832590;Фтористий водень;0;0;0;0,000125;0;0,000125;0,0000875;0;0;0;0;0;0,0005125;0,0000875;0;0;0,000225;0,000125;0;0;0;0;0;0,000125;0;0
Чернівці;4832590;Хлористий водень;0,1417;0,079325;0,1486;0,068825;0,073325;0,156975;0,1337;0,001475;0,05285;0,126;0,1034;0,094725;0,038275;0,051475;0,010675;0,0741;0,100825;0,056875;0,096175;0,23575;0,1158;0,167775;0,05775;0,15455;0,0558;0
Чернівці;4832590;Формальдегiд;0,0007875;0,00035;0,000275;0,0002625;0,00105;0;0,000525;0;0,0004375;0,002325;0,0008875;0,0007;0,0004375;0,0000875;0,0002625;0,0000875;0,0002625;0;0;0;0;0,000875;0,00165;0,0009125;0,00175;0,003375
Ізмаїл;4542880;Завислі речовини;0,08;0,1;0,07;0,085;0,05;0,065000153;0,05;0,03;0,115000153;0,130000153;0,085;0,1;0,05;0,01;0,05;0,065;0,085;0,07;0,03;0,05;0,115;0,05;0,08;0,1;0,05;0,05
Ізмаїл;4542880;Дiоксид сiрки;0,02230004;0,021750055;0,018500047;0,01880002;0,024275015;0,02315;0,02562504;0,019975;0,02236674;0,019850006;0,02257502;0,025775037;0,023675031;0,019650008;0,018433333;0,014950011;0,02100002;0,02115004;0,02530004;0,01375002;0,024233333;0,02685;0,0198;0,023825;0,026825;0,014425
Ізмаїл;4542880;Сульфати;0,01;0,01;0,01;0,005;0,005;0,005;0,005;0;0,015;0,015;0,015;0,015;0,005;0;0;0,01;0,01;0,02;0;0,005;0,015;0,005;0,01;0,015;0;0,005
Ізмаїл;4542880;Оксид вуглецю;1,125001526;0,870001221;1,155001221;0,980001526;1,085002747;1,105;1,250005493;1,140001221;0,96;0,845001221;0,78000061;0,89500061;0,820001221;1,125001526;0,820002441;0,98;0,885003967;0,79;0,795001526;0,82;0,84;0,685;0,61;0,89;0,89;0,685
Ізмаїл;4542880;Дiоксид азоту;0,049975031;0,047725;0,055600106;0,04607507;0,056500131;0,051225;0,073350061;0,058625079;0,039833386;0,05115018;0,054775;0,061775061;0,058600076;0,054875119;0,058266772;0,042300125;0,05612504;0,039625;0,071375;0,057175079;0,037366667;0,0469;0,071225;0,0557;0,062475;0,062875
Ізмаїл;4542880;Сiрководень;0,001250001;0,002000002;0,001766668;0,00115;0,001525;0,001700002;0,0013;0,001650002;0,001666668;0,001975003;0,001400001;0,001975002;0,000700001;0,001200002;0,001300001;0,001375001;0,00165;0,0017;0,002400002;0,001225001;0,001533333;0,001325;0,001325;0,001325;0,002;0,00105
Ізмаїл;4542880;Формальдегiд;0,002750003;0,0014;0;0,00205;0,00175;0,001350002;0,001;0,001350003;0,001400002;0;0,0028;0,002000003;0,0007;0,0014;0,0014;0,001700003;0,00165;0;0,001000002;0,002000006;0;0,0021;0,00175;0,00285;0,00145;0,0014
Біла Церква;4983020;Завислі речовини;0,068;0,077;0,06875;0,077;0,07625;0,06725;0,06725;0,07675;0,092;0,06725;0,06775;0,07675;0,0685;0,069;0,06875;0,06825;0,06825;0,069;0,06875;0,07975;0,1045;0,06975;0,0785;0,0895;0,08;0,071
Біла Церква;4983020;Дiоксид сiрки;0,02975;0,0322;0,03105;0,029125;0,0349375;0,026825;0,0401625;0,031125;0,0316375;0,026575;0,0265375;0,0264625;0,0330875;0,0341125;0,03515;0,03455;0,033875;0,025675;0,0291375;0,0289375;0,0367375;0,0288875;0,0352125;0,02945;0,03135;0,040375
Біла Церква;4983020;Оксид вуглецю;0,95;1,2;1,15;1,2;0,975;0,95;0,875;0,85;null;null;null;null;null;null;null;null;null;null;null;null;null;null;null;null;null;null
Біла Церква;4983020;Дiоксид азоту;0,09225;0,105675;0,09605;0,11345;0,1020375;0,1037375;0,0863;0,100525;0,119975;0,1035125;0,08295;0,107125;0,089325;0,09295;0,0961125;0,08265;0,08995;0,1007375;0,0989625;0,1130875;0,1369;0,10475;0,1123125;0,1160875;0,12425;0,092725
Слов'янськ;4883760;Завислі речовини;0,1;0,1;0,05;0,1;0,05;0,2;0,2;0,1;0,15;0,15;0,05;0,1;0,1;0,05;0,05;0,1;0,1;0,05;0,1;0,05;0,05;0,05;0,1;0,1;0,15;0,05
Слов'янськ;4883760;Дiоксид сiрки;0,0031;0,002;0,00305;0,00165;0,00255;0,00055;0,0011;0,0011;0,0018;0,0002;0,0011;0,0004;0,0009;0,0016;0,00145;0,0002;0,00055;0,00145;0,0007;0,00165;0,0013;0,0002;0,00075;0,0011;0,0008;0,00055
Слов'янськ;4883760;Оксид вуглецю;0,5;1,5;1;2;1;0,5;1;1;1;1,5;1;1;1;1;1;2;1,5;1,5;1;1;1,5;2;2;1;2;1
Слов'янськ;4883760;Дiоксид азоту;0,04305;0,0361;0,02385;0,00955;0,02555;0,0254;0,0473;0,05925;0,0452;0,00945;0,02275;0,06145;0,035;0,036;0,03095;0,0592;0,0223;0,04035;0,0303;0,02695;0,01095;0,02565;0,04695;0,03015;0,0626;0,07485
Слов'янськ;4883760;Фенол;0,00335;0,00145;0,0061;0,00365;0,00175;0,00135;0,0038;0,0044;0,00545;0,0021;0,00115;0,00395;0,0035;0,00285;0,0033;0,0044;0,00295;0,0026;0,00155;0,0024;0,0014;0,00075;0,00445;0,00675;0,00125;0,00045
Слов'янськ;4883760;Фтористий водень;0,0051;0,004;0,0034;0,00515;0,0037;0,00845;0,0073;0,0103;0,0059;0,0059;0,00485;0,0031;0,0051;0,0096;0,0052;0,01035;0,0066;0,01065;0,00565;0,012;0,0075;0,00205;0,0041;0,0026;0,0051;0,0053
Слов'янськ;4883760;Формальдегiд;0,0327;0,00355;0,00355;0,00505;0,00475;0,0112;0,0015;0,0018;0,0044;0,00555;0,00535;0,00765;0,0024;0,00615;0,0125;0,0063;0,012;0,0041;0,0118;0,008;0,00415;0;0,00365;0,00305;0,0016;0,00245
Олександрія;4843230;Завислі речовини;0,25;0,25;0,15;0,2;0,15;0,15;0,25;0,25;0,3;0,15;0,15;0,3;0,15;0,15;0,15;0,15;0,25;0,15;0,2;0,2;0,25;0,3;0,1;0,2;0,2;0,35
Олександрія;4843230;Дiоксид сiрки;0,0137;0,02475;0,017433333;0,015;0,02145;0,0153;0,024375;0,01905;0,026566667;0,0134;0,020525;0,01615;0,0202;0,01545;0,012566667;0,01665;0,013875;0,018325;0,0231;0,01345;0,019933333;0,0174;0,020975;0,014375;0,016275;0,016575
Олександрія;4843230;Сульфати;0,005;0;0,01;0;0;0,01;0,01;0,005;0,01;0,01;0,01;0;0,005;0,01;0;0,005;0,005;0,005;0,01;0,005;0,005;0,005;0,01;0,005;0,025;0
Олександрія;4843230;Дiоксид азоту;0,028075;0,02935;0,024933333;0,0198;0,025725;0,038675;0,02705;0,030025;0,0205;0,022825;0,03985;0,0185;0,023925;0,0366;0,019433333;0,02335;0,026025;0,03375;0,0199;0,022975;0,037733333;0,0281;0,02905;0,03165;0,027225;0,019625
Олександрія;4843230;Сажа;0,09;0,05;0,045;0,035;0,035;0,045;0,055;0,035;0,065;0,03;0,045;0,06;0,04;0,07;0,03;0,035;0,045;0,035;0,08;0,035;0,045;0,035;0,045;0,065;0,04;0,02
Горішні Плавні;4903360;Завислі речовини;null;null;null;null;null;null;null;null;0,1;0,1;0,15;0,075;0,15;0,125;0,1;0,205;0,155;0,125;0,075;0,075;0,1;0,135;0,19;0,08;0,1;0,13
Горішні Плавні;4903360;Дiоксид сiрки;null;null;null;null;null;null;null;null;0,0056;0,01;0,00915;0,0052;0,0052;0,00705;0,004;0,008;0,006475;0,00705;0,00425;0,0068;0,0066;0,00595;0,004675;0,005925;0,0047;0,005375
Горішні Плавні;4903360;Оксид вуглецю;null;null;null;null;null;null;null;null;0,1;0,2;0,1;0,15;0,15;0,25;0,2;0,2;0,15;0,2;0,15;0,2;0,2;0,2;0,2;0,2;0,15;0,25
Горішні Плавні;4903360;Дiоксид азоту;null;null;null;null;null;null;null;null;0,0233;0,041875;0,02795;0,007925;0,015875;0,019625;0,0154;0,036925;0,0308;0,0338;0,020125;0,028525;0,03975;0,040675;0,023625;0,028575;0,0232;0,02395
Горішні Плавні;4903360;Фенол;null;null;null;null;null;null;null;null;0,0023;0,0005;0;0,0005;0,0009;0,0006;0,001;0,00075;0,00025;0,0009;0,00045;0,0005;0,0008;0,00065;0,00075;0,00045;0,0015;0,0005
Горішні Плавні;4903360;Сажа;null;null;null;null;null;null;null;null;0;0;0;0,00255;0,00255;0,01025;0,0026;0;0,0026;0,00255;0,0025;0;0,0026;0,0026;0;0;0,0052;0
Горішні Плавні;4903360;Хлористий водень;null;null;null;null;null;null;null;null;0,00475;0,002633333;0,005433333;0;0;0,003066667;0;0,003233333;0,005633333;0,006133333;0;0;0,0034;0,007266667;0;0,0062;0;0
Горішні Плавні;4903360;Амiак;null;null;null;null;null;null;null;null;0,01055;0,00755;0;0;0;0,0051;0;0,0051;0,0088;0;0,0009;0;0,0054;0,0059;0;0,00235;0,00095;0,00305
Бровари;5053080;Завислі речовини;0,034;0,0505;0,051;0,052;0,0505;0,068;0,0335;0,068;0,0515;0,034;0,068;0,051;0,051;0,0515;0,051;0,051;0,0545;0,0515;0,052;0,053;0,07;0,0525;0,052;0,053;0,0525;0,053
Бровари;5053080;Дiоксид сiрки;0,0337;0,032075;0,0308;0,034525;0,0323;0,030025;0,03205;0,038425;0,03575;0,035175;0,038575;0,031625;0,038975;0,034575;0,034225;0,0339;0,03695;0,04235;0,03215;0,0372;0,036;0,037675;0,03515;0,0396;0,03915;0,0434
Бровари;5053080;Оксид вуглецю;0,4;0,35;0,3;0,35;0,35;0,4;0,35;0,4;0,45;0,4;0,4;0,35;0,3;null;null;null;null;null;null;null;null;null;null;null;null;null
Бровари;5053080;Дiоксид азоту;0,068675;0,0655;0,061025;0,069575;0,05965;0,060975;0,0692;0,077475;0,070775;0,07725;0,077175;0,06415;0,07905;0,061525;0,0695;0,06405;0,073325;0,081425;0,06395;0,075475;0,06895;0,0766;0,07;0,074175;0,080375;0,087275
Обухів;5013060;Завислі речовини;0,083;0,051;0,0675;0,085;0,0335;0,033;0,067;0,084;0,0495;0,033;0,0675;0,2335;0,034;0,0515;0,0515;0,0685;0,0515;0,086;0,0865;0,106;0,035;0,052;0,0695;0,088;0,0705;0,071
Обухів;5013060;Дiоксид сiрки;0,023975;0,027225;0,03015;0,035375;0,024925;0,026175;0,033325;0,028175;0,0242;0,027675;0,023375;0,027925;0,033275;0,030275;0,02855;0,0247;0,026875;0,031825;0,03405;0,039025;0,0265;0,027025;0,029675;0,0317;0,03725;0,037825
Обухів;5013060;Оксид вуглецю;0,15;0,05;0,15;0,1;0,15;0,05;0,15;0,15;0,1;0,05;0,15;0,05;0,1;null;null;null;null;null;null;null;null;null;null;null;null;null
Обухів;5013060;Дiоксид азоту;0,03955;0,04355;0,0464;0,05785;0,043575;0,04675;0,057625;0,045075;0,0357;0,040575;0,036225;0,045925;0,05135;0,04845;0,043175;0,03825;0,0461;0,046575;0,0526;0,060575;0,04245;0,0445;0,05;0,055325;0,058975;0,063675
Українка;5023080;Завислі речовини;0,068;0,0515;0,0515;0,069;0,0335;0,033;0,0505;0,034;0,033;0,051;0,034;0,0515;0,0685;0,034;0,034;0,051;0,051;0,051;0,0345;0,0525;0,0525;0,052;0,0345;0,0705;0,0525;0,0355
Українка;5023081;Дiоксид сiрки;0,043675;0,044425;0,04695;0,0458;0,042225;0,04465;0,05255;0,038075;0,054225;0,050975;0,05445;0,044725;0,043225;0,041225;0,0455;0,0465;0,043975;0,040725;0,0532;0,044275;0,03325;0,0641;0,04955;0,05705;0,045525;0,065225
Українка;5023082;Оксид вуглецю;0,79;1,03;0,89;0,74;0,71;0,715;1,01;0,98;0,785;0,64;0,695;0,785;0,7;null;null;null;null;null;null;null;null;null;null;null;null;null
Українка;5023083;Дiоксид азоту;0,075375;0,0797;0,094275;0,08575;0,0817;0,072675;0,087775;0,0972;0,0942;0,08405;0,0951;0,087625;0,07785;0,084;0,084425;0,0896;0,067;0,0836;0,0972;0,075175;0,089525;0,074;0,08925;0,07135;0,0923;0,090825
Житомир;5022870;Завислі речовини;null;null;null;null;null;null;null;0,09475;0,094;0,09525;0,0685;0,086;0,0695;0,0955;0,09525;0,087;0,09525;0,07825;0,078;0,0985;0,08775;0,1055;0,0885;0,0895;0,09;0,072
Житомир;5022871;Дiоксид сiрки;null;null;null;null;null;null;null;0,0356625;0,0397625;0,036625;0,0355625;0,0389625;0,037;0,038225;0,03675;0,0403;0,0348;0,0371125;0,0363;0,037025;0,040525;0,0767875;0,0396125;0,0375625;0,0366125;0,04005
Житомир;5022872;Оксид вуглецю;null;null;null;null;null;null;null;0,6025;0,505;0,4875;0,51;0,74;0,9925;0,6675;0,48;0,5275;0,525;0,5425;0,9325;0,5575;0,635;0,605;0,6;0,54;0,57;0,6
Житомир;5022873;Дiоксид азоту;null;null;null;null;null;null;null;0,1013125;0,10455;0,1006375;0,0944875;0,1031625;0,105225;0,09625;0,09805;0,0958375;0,1023625;0,0992625;0,10505;0,0971875;0,0983875;0,111675;0,1059125;0,1022125;0,101175;0,108075
Чернігів;5143130;Завислі речовини;0,11475;0,10225;0,11425;0,08975;0,10075;0,087;0,07525;0,101;0,1115;0,08825;0,10175;0,089;0,12775;0,11575;0,1295;0,077;0,10275;0,07675;0,11625;0,118;0,10425;0,06475;0,10275;0,14425;0,09225;0,1055
Чернігів;5143131;Дiоксид сiрки;0,05105;0,04395;0,053325;0,0489625;0,051525;0,0595625;0,0460625;0,05335;0,0500375;0,05665;0,0466375;0,0479875;0,049825;0,0528875;0,0465875;0,0500375;0,0460375;0,0538375;0,04375;0,0568875;0,05365;0,046775;0,05375;0,049025;0,0569;0,0526125
Чернігів;5143132;Оксид вуглецю;0,3625;0,4025;0,335;0,3875;0,3975;0,4275;0,3875;0,44;0,3825;0,4175;0,3875;0,395;0,45;0,45;0,39;0,36;0,3675;0,415;0,525;0,39;0,525;0,41;0,6725;0,45;0,42;0,3525
Чернігів;5143133;Дiоксид азоту;0,0639625;0,0666375;0,0620125;0,06335;0,074;0,074775;0,074575;0,0713625;0,079425;0,07815;0,064875;0,0797875;0,067475;0,0745;0,0815875;0,0704625;0,065225;0,0693;0,06935;0,0639375;0,0773875;0,067775;0,063775;0,069075;0,07365;0,07305
