city;coordinateNumber;nameImpurity;1December;2December;3December;4December;5December;6December;7December;8December;9December;10December;11December;12December;13December;14December;15December;16December;17December;18December;20December;21December;22December;23December;24December;25December;27December;28December;29December;30December;31December
Київ;5053050;Завислі речовини;0,071038462;0,072692308;0,070846154;0,070230769;;0,072083333;0,073416667;0,073458333;0,071192308;0,072692308;0,071807692;;0,069541667;0,0695;0,071833333;0,069875;0,070333333;0,070916667;0,071115385;0,069653846;0,069923077;0,070214286;0,070392857;0,070535714;0,071428571;0,073285714;0,072071429;0,071857143;0,073321429
Київ;5053050;Дiоксид сiрки;0,09635;0,098376316;0,090094737;0,089184211;;0,085883333;0,087027778;0,089719444;0,0810425;0,093205;0,0957575;;0,085557895;0,086542105;0,089465789;0,080744737;0,086626316;0,091315789;0,082595;0,0851675;0,0843225;0,084511905;0,085097619;0,08585;0,083011905;0,090309524;0,086614286;0,087945238;0,081583333
Київ;5053050;Сульфати;0,0155;0,017;0,0195;0,013;;0,017;0,018;0,017;0,0165;0,0185;0,0155;;0,0175;0,0175;0,0165;0,0165;0,018;0,0165;0,02;0,019;0,0175;0,018;0,0175;0,017;0,017;0,02;0,0185;0,018;0,018
Київ;5053050;Оксид вуглецю;0,669;0,715333333;0,734;0,621333333;;0,772142857;0,763571429;0,853214286;0,813666667;0,807;0,917666667;;0,857857143;0,675714286;0,676428571;0,675357143;0,705714286;0,676785714;0,690333333;0,768333333;0,708333333;0,79;0,939375;0,93;1,1340625;1,2590625;1,2078125;1,2946875;0,828125
Київ;5053050;Дiоксид азоту;0,087034211;0,086618421;0,082928947;0,079021053;;0,082980556;0,092819444;0,089697222;0,09377;0,0885525;0,0924275;;0,081355263;0,075076316;0,092660526;0,082255263;0,080476316;0,093497368;0,0870775;0,08568;0,08329;0,087928571;0,089254762;0,091954762;0,096897619;0,098611905;0,102430952;0,104228571;0,090014286
Київ;5053050;Сiрководень;0,0019;0,001966667;0,001716667;0,001666667;;0,001533333;0,001566667;0,001616667;0,001433333;0,0012;0,001316667;;0,00125;0,0016;0,0017;0,0019;0,001716667;0,001533333;0,0015;0,001433333;0,001266667;0,00145;0,00125;0,001516667;0,001516667;0,001416667;0,00155;0,00175;0,001433333
Київ;5053050;Фенол;0,002258333;0,002175;0,002266667;0,002116667;;0,00209;0,00222;0,00231;0,002166667;0,002225;0,002083333;;0,002041667;0,002041667;0,002141667;0,00205;0,001925;0,0021;0,001942857;0,002242857;0,002157143;0,002235714;0,002157143;0,002157143;0,00215;0,0021;0,002314286;0,002085714;0,002221429
Київ;5053050;Фтористий водень;0,000792857;0,000621429;0,000664286;0,000528571;;0,0009;0,00084;0,00077;0,00071;0,00087;0,0007;;0,000733333;0,000533333;0,000583333;0,000566667;0,000916667;0,0006;0,0007;0,00084;0,00061;0,000692857;0,000764286;0,000742857;0,000878571;0,000792857;0,000785714;0,000907143;0,000792857
Київ;5053050;Хлористий водень;0,065235;0,061055;0,06267;0,05771;;0,06035;0,06089;0,06069;0,05525;0,061475;0,0532;;0,054177778;0,057455556;0,056244444;0,057388889;0,05915;0,053727778;0,054311111;0,056105556;0,056727778;0,05784;0,05834;0,05614;0,065135;0,059135;0,060445;0,06267;0,063495
Київ;5053050;Амiак;0,00816875;0,00798125;0,00838125;0,00783125;;0,007585714;0,008635714;0,007921429;0,00791875;0,00783125;0,008025;;0,007528571;0,007478571;0,007528571;0,007564286;0,007757143;0,007428571;0,0077375;0,00779375;0,0076625;0,007405556;0,00765;0,007916667;0,007916667;0,008172222;0,008677778;0,008277778;0,007855556
Київ;5053050;Формальдегiд;0,003683333;0,003964286;0,003145238;0,002792857;;0,002736842;0,003242105;0,003010526;0,003002381;0,00325;0,002659524;;0,002786842;0,002868421;0,003255263;0,002786842;0,003152632;0,003052632;0,003059524;0,003266667;0,003030952;0,003028261;0,003384783;0,002915217;0,003543478;0,00375;0,003478261;0,003778261;0,003380435
Вінниця;4922860;Завислі речовини;;;;;;0,1;0,15;0,05;0;0;0,05;;0;0;0;0,025;0,2;0,075;0,15;0,05;0;0;0;0;0,05;0,05;0,075;0,025;0,15
Вінниця;4922860;Дiоксид сiрки;;;;;;0,0002625;0;0,0018125;0,0002625;0,0010375;0,000525;;0;0,00025;0,0005;0;0;0;0;0;0;0;0,00205;0,0005;0,0002625;0;0,0010375;0,0005125;0
Вінниця;4922860;Оксид вуглецю;;;;;;1,475;1,175;1,45;1,425;1,05;1,15;;1,15;1,075;1,175;1,075;0,95;0,975;1,7;1,05;1;1,275;1,325;1,175;1,175;1,075;1,225;1,775;1,275
Вінниця;4922860;Дiоксид азоту;;;;;;0,0506125;0,0508125;0,0524;0,0610875;0,0315;0,0536875;;0,0541;0,0541875;0,0673625;0,0489125;0,03925;0,045425;0,0738625;0,0354125;0,0384125;0,047125;0,0604125;0,0628125;0,0578375;0,0564875;0,05545;0,0428125;0,0356875
Вінниця;4922860;Фтористий водень;;;;;;0,002525;0,0025125;0,0108;0,001075;0,00435;0,0104125;;0,002825;0,0053125;0,0046;0,00245;0;0,0074375;0,0028625;0,0053375;0,0128125;0,0031875;0,004975;0,0169375;0,0064125;0,002525;0,0101;0,00875;0,007525
Вінниця;4922860;Амiак;;;;;;0,01805;0,021725;0,01815;0,0126;0,005475;0,007225;;0,003575;0,003525;0,003525;0,019175;0,0105;0,0071;0,01075;0;0,0107;0,00535;0,003575;0;0,0054;0,014375;0,018125;0,021475;0,01615
Вінниця;4922860;Формальдегiд;;;;;;0,0177;0,0039;0,0059;0,01375;0,01385;0,00785;;0,01735;0,00965;0,0039;0,0019;0;0,01355;0,0039;0,00585;0,0039;0,0039;0,0039;0,0058;0,0039;0,0078;0,0079;0,0019;0,01175
Луцьк;5082530;Завислі речовини;0,05;0,05;0,033333333;0,033333333;;0,066666667;0,066666667;0,066666667;0,066666667;0,05;0,016666667;;0,033333333;0,035;0,033333333;0,016666667;0,083333333;0,033333333;0,1;0,083333333;0,05;0,083333333;0,083333333;0,066666667;0,083333333;0,05;0,083333333;0,066666667;0,066666667
Луцьк;5082530;Дiоксид сiрки;0,00155;0,002266667;0,001708333;0,001516667;;0,002358333;0,001733333;0,0017;0,00235;0,001883333;0,001875;;0,002558333;0,001725;0,001466667;0,002141667;0,002091667;0,002008333;0,001466667;0,0029;0,002508333;0,002366667;0,002175;0,001216667;0,001483333;0,002641667;0,002008333;0,00215;0,0016
Луцьк;5082530;Сульфати;0,005;0,005;0,01;0,005;;0,01;0,01;0,01;0,01;0,01;0;;0,01;0,01;0,005;0,005;0,005;0;0,015;0,01;0,01;0,01;0,015;0,005;0,01;0,01;0,015;0,01;0,01
Луцьк;5082530;Оксид вуглецю;0;0;0,666666667;0;;0,5;0,166666667;0,333333333;0,166666667;0,166666667;0;;0,166666667;0,166666667;0,166666667;0,333333333;0,5;0,166666667;0,833333333;0,833333333;0,333333333;0,5;0,833333333;0;0,5;0,333333333;0,333333333;0,166666667;0,333333333
Луцьк;5082530;Дiоксид азоту;0,049025;0,058616667;0,051041667;0,042266667;;0,062366667;0,088466667;0,092241667;0,071208333;0,0963;0,050958333;;0,068308333;0,075191667;0,083491667;0,075125;0,094141667;0,060525;0,076333333;0,046666667;0,074625;0,104516667;0,111691667;0,054983333;0,093733333;0,08935;0,122566667;0,095458333;0,066966667
Луцьк;5082530;Оксид азоту;0,0326;0,0385;0,027625;0,019075;;0,0273;0,044075;0,021925;0,028675;0,03175;0,0163;;0,03395;0,030775;0,0475;0,034825;0,0469;0,028925;0,035075;0,02045;0,027875;0,05615;0,0588;0,02635;0,037575;0,03715;0,03605;0,0427;0,027375
Луцьк;5082530;Фенол;0,005416667;0,007233333;0,0062;0,004983333;;0,00715;0,006066667;0,006833333;0,005158333;0,0054;0,004566667;;0,005866667;0,007283333;0,005808333;0,0049;0,005591667;0,005241667;0,006016667;0,006108333;0,005533333;0,006125;0,005616667;0,004658333;0,004816667;0,005616667;0,005566667;0,005641667;0,005508333
Луцьк;5082530;Формальдегiд;0,0039375;0,003975;0,0053125;0,0027625;;0,0032;0,004325;0,0042375;0,0052125;0,0062;0,0042;;0,0045375;0,0055375;0,0059375;0,0060125;0,0053375;0,0029;0,0039;0,0047375;0,0057125;0,006525;0,008;0,0072125;0,0087375;0,007325;0,0058375;0,0047;0,00425
Ужгород;4862230;Завислі речовини;0,195;0,195;0,23;0,2625;;0,225;0,305;0,3;0,285;0,2375;0,1825;;0,185;0,2375;0,25;0,305;0,3125;0,23;0,2625;0,265;0,22;0,175;0,2025;0,2;0,166666667;0,21;0,095;0,135;0,095
Ужгород;4862230;Дiоксид сiрки;0,01575;0,014875;0,013875;0,014375;;0,01275;0,0175;0,018375;0,017875;0,015625;0,013875;;0,015;0,014;0,01575;0,015;0,0175;0,012875;0,01425;0,0155;0,016875;0,015;0,017125;0,017125;0,014571429;0,015;0,0145;0,0145;0,01275
Ужгород;4862230;Сульфати;0,0075;0,008;0,0085;0,0055;;0,0035;0,006;0,0085;0,0085;0,008;0,008;;0,0125;0,0095;0,008;0,0085;0,01;0,0085;0,0095;0,015;0,013;0,01;0,007;0,0065;0,008;0,0105;0,0185;0,0175;0,012
Ужгород;4862230;Оксид вуглецю;0,8475;1,0675;1,1125;1,275;;0,835;1,755;1,57;1,075;1,31;1,0875;;0,89;1,545;1,9125;2,02;1,225;1,325;1,0675;1,2125;1,4125;1,135;1,145;0,905;0,763333333;0,85;0,9;1,5;1,4
Ужгород;4862230;Дiоксид азоту;0,060125;0,066;0,066375;0,071375;;0,059875;0,127625;0,12825;0,138125;0,099;0,069;;0,06275;0,078625;0,104625;0,102125;0,082625;0,08325;0,11475;0,106;0,071125;0,079125;0,119625;0,187125;0,113714286;0,063;0,05125;0,0485;0,0905
Ужгород;4862230;Оксид азоту;0,03975;0,03825;0,05425;0,04675;;0,046;0,054;0,05925;0,0785;0,04475;0,04025;;0,0315;0,05575;0,068;0,06575;0,03625;0,0515;0,10425;0,07225;0,04125;0,06225;0,058;0,13;0,062333333;;;;
Ужгород;4862230;Формальдегiд;0,006375;0,007;0,007625;0,006875;;0,00625;0,009875;0,0095;0,008;0,00725;0,00725;;0,007375;0,007875;0,008125;0,0095;0,00725;0,007625;0,007875;0,009875;0,00825;0,007;0,00825;0,00825;0,008142857;0,00775;0,00725;0,007;0,006
Запоріжжя;4793510;Завислі речовини;0,11;0,09;0,08;0,09;;0,1;0,07;0,05;0,07;0,07;0,09;;0,1;0,08;0,1;0,09;0,1;0,07;0,14;0,1;0,12;0,12;0,11;0,09;0,09;0,09;0,08;0,11;0,12
Запоріжжя;4793510;Дiоксид сiрки;0,007157143;0,007535714;0,008264286;0,006342857;;0,008315385;0,006585714;0,005521429;0,006528571;0,005407143;0,005485714;;0,005538462;0,004871429;0,005357143;0,00555;0,00775;0,006342857;0,008307692;0,007857143;0,008078571;0,008264286;0,006964286;0,005407143;0,005884615;0,00665;0,007507143;0,007914286;0,008978571
Запоріжжя;4793510;Сульфати;0,055;0,01;0,01;0,01;;0,015;0,01;0,01;0,01;0,015;0,01;;0,01;0,01;0,015;0,015;0,01;0,01;0,015;0,01;0,015;0,01;0,015;0,01;0,01;0,01;0,01;0,01;0,02
Запоріжжя;4793510;Оксид вуглецю;0,44;0,41;0,39;0,26;;0,41;0,43;0,46;0,58;0,42;0,34;;0,47;0,49;0,47;0,48;0,39;0,36;0,48;0,5;0,61;0,44;0,39;0,5;0,48;0,43;0,43;0,5;0,45
Запоріжжя;4793510;Дiоксид азоту;0,056385714;0,061035714;0,078378571;0,059278571;;0,079269231;0,055;0,059528571;0,057828571;0,064035714;0,06335;;0,064469231;0,062092857;0,067685714;0,065228571;0,062178571;0,058971429;0,066184615;0,074864286;0,061435714;0,061942857;0,073992857;0,058092857;0,065761538;0,050228571;0,072428571;0,063528571;0,071764286
Запоріжжя;4793510;Оксид азоту;0,0389;0,039733333;0,0398;0,032766667;;0,0496;0,0395;0,0356;0,0332;0,033366667;0,0418;;0,040933333;0,0447;0,032233333;0,0342;0,049166667;0,032233333;0,052433333;0,0447;0,044833333;0,0323;0,026033333;0,039033333;0,042933333;0,032666667;0,048066667;0,045833333;0,045966667
Запоріжжя;4793510;Сiрководень;0,002836364;0,003381818;0,003127273;0,002409091;;0,003;0,002881818;0,002854545;0,002827273;0,003336364;0,002609091;;0,003133333;0,003118182;0,002781818;0,003372727;0,002609091;0,003;0,003866667;0,0031;0,002645455;0,002618182;0,003163636;0,002618182;0,003;0,002890909;0,003254545;0,002781818;0,003363636
Запоріжжя;4793510;Фенол;0,0047;0,00554;0,00522;0,00549;;0,005544444;0,0046;0,00549;0,00482;0,00458;0,0052;;0,005388889;0,00496;0,00506;0,00539;0,00488;0,00489;0,0064;0,0052;0,00582;0,00443;0,00462;0,00505;0,004088889;0,00587;0,00517;0,00491;0,00566
Запоріжжя;4793510;Фтористий водень;0;0;0;0;;0;0;0;0;0;0;;0;0;0;0;0;0;0,0002;0,0003;0,0005;0;0;0;0;0;0;0;0,0003
Запоріжжя;4793510;Хлористий водень;0,036925;0,040114286;0,0441125;0,032475;;0,04435;0,0386625;0,03805;0,03415;0,044375;0,0352;;0,034483333;0,0341;0,034425;0,0306375;0,040225;0,0404875;0,046566667;0,040175;0,047425;0,0381;0,0469625;0,0371875;0,04415;0,0397875;0,0399125;0,042325;0,03375
Запоріжжя;4793510;Формальдегiд;0,00555;0,005325;0,00615;0,005925;;0,006333333;0,0061;0,00585;0,0057;0,006475;0,005925;;0,0059;0,005775;0,005675;0,0058;0,0053;0,005175;0,006833333;0,00545;0,00545;0,0058;0,006025;0,006375;0,002333333;0,005425;0,005275;0,005875;0,005275
Івано-Франківськ;4892470;Завислі речовини;0,15;0,135;0,11;0,14;;0,11;0,11;0,11;0,14;0,11;0,085;;0,15;0,14;0,115;0,1;0,15;0,135;0,145;0,145;0,105;0,15;0,11;0,15;0,145;0,145;0,15;0,11;0,14
Івано-Франківськ;4892470;Дiоксид сiрки;0,002275;0,0023;0,00225;0,00265;;0,0023;0,002;0,001925;0,003075;0,0031;0,0015;;0,002625;0,003375;0,003;0,002925;0,002975;0,00225;0,00225;0,00265;0,00565;0,004925;0,00755;0,0045;0,002675;0,003425;0,0023;0,003375;0,003425
Івано-Франківськ;4892470;Оксид вуглецю;1,85;1,7;1,4;1,75;;1,35;1,35;1,5;1,85;1,55;1,3;;1,9;1,75;1,35;1,25;1,85;1,65;1,75;1,8;1,4;1,9;1,35;1,8;1,8;1,85;1,8;1,4;1,65
Івано-Франківськ;4892470;Дiоксид азоту;0,025625;0,030625;0,0329;0,02895;;0,035975;0,0517;0,048125;0,034475;0,04365;0,0515;;0,035525;0,038675;0,048425;0,045025;0,0378;0,052575;0,056375;0,048225;0,059875;0,055225;0,043625;0,050475;0,045425;0,0438;0,04995;0,039275;0,038625
Івано-Франківськ;4892470;Оксид азоту;0,0178;0,02165;0,02295;0,02125;;0,024125;0,03415;0,031925;0,0243;0,02955;0,0332;;0,0256;0,02645;0,032425;0,032025;0,0255;0,033825;0,0372;0,032975;0,039375;0,036175;0,029825;0,03435;0,0306;0,029625;0,033;0,02605;0,02755
Дніпро;4863510;Завислі речовини;0,15;0,15;0,2;0,175;;0,2125;0,2125;0,225;0,2375;0,2125;0,2125;;0,2875;0,2625;0,275;0,2875;0,2625;0,2;0,25;0,275;0,25;0,2125;0,2125;0,2125;0,3125;0,275;0,25;0,275;0,2125
Дніпро;4863510;Дiоксид сiрки;0,008666667;0,010875;0,009291667;0,011108333;;0,009166667;0,009333333;0,009541667;0,009416667;0,008458333;0,013625;;0,016444444;0,01025;0,011583333;0,013916667;0,014583333;0,017416667;0,013888889;0,008541667;0,010166667;0,012333333;0,008;0,011333333;0,011222222;0,009375;0,009791667;0,009875;0,009375
Дніпро;4863510;Оксид вуглецю;1,833333333;1,916666667;2,166666667;2,416666667;;1,583333333;2,083333333;2,166666667;1,916666667;2,333333333;2;;2;2,083333333;1,916666667;2,083333333;2,083333333;2,5;2,083333333;1,833333333;1,916666667;1,916666667;1,916666667;1,833333333;2,083333333;1,833333333;1,833333333;1,583333333;2,083333333
Дніпро;4863510;Дiоксид азоту;0,050833333;0,044583333;0,05375;0,063333333;;0,061666667;0,056666667;0,05625;0,07375;0,068333333;0,065;;0,071111111;0,065833333;0,05375;0,06;0,057083333;0,06625;0,065555556;0,051666667;0,05625;0,06125;0,06;0,06375;0,072222222;0,06;0,072916667;0,084166667;0,080416667
Дніпро;4863510;Оксид азоту;0,03;0,0175;0,025;0,04;;0,033333333;0,025;0,0275;0,035;0,0375;0,035;;0,03;0,035;0,0275;0,03;0,0325;0,0325;0,04;0,025;0,03;0,03;0,03;0,0375;0,03;0,04;0,03;0,0375;0,0375
Дніпро;4863510;Сiрководень;0,001583333;0,001458333;0,001541667;0,001666667;;0,0005;0,001208333;0,001708333;0,001958333;0,000625;0,00275;;0,003555556;0,001958333;0,002125;0,005625;0,004166667;0,005541667;0,003;0,000625;0,001166667;0,000875;0,000916667;0,000791667;0,000666667;0,001041667;0,001333333;0,002041667;0,002375
Дніпро;4863510;Фенол;0,001;0,001583333;0,001833333;0,001583333;;0,002333333;0,0035;0,0025;0,001916667;0,003;0,001833333;;0,002666667;0,002166667;0,002416667;0,003666667;0,002083333;0,001916667;0,000777778;0,003;0,003166667;0,002666667;0,00225;0,001333333;0,001444444;0,003333333;0,001916667;0,002833333;0,003416667
Дніпро;4863510;Амiак;0,0375;0,03125;0,03625;0,04;;0,035;0,0375;0,04375;0,025;0,0325;0,03625;;0,036666667;0,0375;0,0325;0,0275;0,035;0,03875;0,048333333;0,03;0,03125;0,03125;0,0275;0,0375;0,033333333;0,025;0,0375;0,03375;0,04
Дніпро;4863510;Формальдегiд;0,013166667;0,01125;0,01025;0,00925;;0,009666667;0,0115;0,010833333;0,011666667;0,011583333;0,010083333;;0,010666667;0,011166667;0,010416667;0,011083333;0,011166667;0,012833333;0,011111111;0,009166667;0,00925;0,009583333;0,011333333;0,011166667;0,011222222;0,010666667;0,010583333;0,011;0,012
Кривий Ріг;4793340;Завислі речовини;0,21;0,24;0,3;0,21;;0,18;0,29;0,2;0,19;0,12;0,08;;0,16;0,23;0,2375;0,1625;0,0875;0,1375;0,2;0,175;0,05;0;0,0375;0,075;0,05;0,1375;0,25;0,275;0,3
Кривий Ріг;4793340;Дiоксид сiрки;0,031615385;0,031230769;0,025307692;0,017846154;;0,0251;0,039769231;0,039846154;0,026384615;0,019923077;0,017615385;;0,022;0,018384615;0,0256;0,0212;0,0132;0,0184;0,025625;0,026;0,0157;0,0159;0,0207;0,0167;0,021;0,0245;0,0308;0,0272;0,0344
Кривий Ріг;4793340;Оксид вуглецю;1,4;1,7;1,5;1;;1,4;1,9;1,9;1,6;1,5;1;;1,2;1;1;1,25;1,25;1;1;1,125;1;1,125;1,25;1,5;2,125;1,5;1;1;1,125
Кривий Ріг;4793340;Дiоксид азоту;0,03;0,036923077;0,033846154;0,02;;0,047;0,05;0,059230769;0,053076923;0,028461538;0,021538462;;0,045;0,017692308;0,038;0,034;0,028;0,022;0,0375;0,051;0,018;0,023;0,025;0,04;0,045;0,026;0,034;0,021;0,023
Кривий Ріг;4793340;Оксид азоту;0,016666667;0,023333333;0,02;0,01;;0,03;0,026666667;0,013333333;0,053333333;0,013333333;0,013333333;;0,035;0,013333333;0,02;0,016666667;0,013333333;0,013333333;0,03;0,04;0,01;0,016666667;0,023333333;0,023333333;0,025;0,016666667;0,026666667;0,016666667;0,02
Кривий Ріг;4793340;Сiрководень;0,0012;0,0015;0,0018;0,001;;0,0019;0,0023;0,0016;0,0012;0,0012;0,0007;;0,0012;0,0008;0,00125;0,001;0,001125;0,00075;0,001125;0,001125;0,001;0,001;0,00125;0,001625;0,002;0,001375;0,001375;0,001125;0,001625
Кривий Ріг;4793340;Фенол;0,0022;0,0027;0,00195;0,0014;;0,003133333;0,0039;0,0031;0,00205;0,0024;0,00135;;0,001733333;0,0009;0,0018125;0,0019375;0,0026875;0,002;0,0015;0,00175;0,002;0,002;0,001875;0,002625;0,00375;0,0025;0,002375;0,0026875;0,0030625
Кривий Ріг;4793340;Амiак;0,011;0,0115;0,011;0,0095;;0,012;0,0165;0,014;0,012;0,0105;0,008;;0,011333333;0,008;0,01;0,01;0,01;0,01;0,01;0,01;0,01;0,01;0,010625;0,010625;0,0175;0,01375;0,01125;0,01;0,009375
Кривий Ріг;4793340;Формальдегiд;0,01265;0,01095;0,011;0,00935;;0,013866667;0,0138;0,01145;0,00975;0,0094;0,0099;;0,009933333;0,00845;0,0098125;0,008625;0,009875;0,009125;0,0135;0,0096875;0,0101875;0,010625;0,0098125;0,011875;0,0135;0,0084375;0,009125;0,009375;0,010625
Кам'янське;4853460;Завислі речовини;0,25135;0,2570875;0,2133375;0,2174375;;0,089925;0,097125;0,1442125;0,1820625;0,189525;0,167525;;0,159225;0,17595;0,1715375;0,1757;0,08225;0,1705625;0,22445;0,2084875;0,137925;0,1825;0,228625;0,20415;0,157925;0,2112;0,2251875;0,2186;0,2297125
Кам'янське;4853460;Дiоксид сiрки;0,007575;0,0052625;0,003375;0,002375;;0,0020875;0,00235;0,0028875;0,002625;0,0040125;0,0053;;0,005675;0,0052625;0,0057;0,004725;0,0052375;0,0054625;0,0053625;0,005875;0,0049375;0,0063875;0,00445;0,004875;0,0050875;0,0043875;0,0035625;0,005425;0,0059125
Кам'янське;4853460;Оксид вуглецю;3,375;3,25;3,375;3;;3,125;3,625;3,375;3,125;3,5;3,125;;2,75;2;2,5;2,375;2,625;2,5;2,75;2,5;2,25;2,5;3,125;3;2,75;2,375;3;3,25;3
Кам'янське;4853460;Дiоксид азоту;0,1261625;0,11986875;0,1056;0,09914375;;0,122466667;0,0761125;0,06865625;0,07648125;0,1040625;0,0983;;0,105625;0,08575;0,0580875;0,06208125;0,07099375;0,0565625;0,093883333;0,07538125;0,07963125;0,07845;0,0867;0,0930875;0,07295;0,07956875;0,078575;0,077675;0,09468125
Кам'янське;4853460;Оксид азоту;0,0577;0,0555;0,0556;0,052;;0,0567;0,034075;0,030825;0,03585;0,053025;0,04465;;0,047766667;0,036125;0,028125;0,0294;0,029225;0,03005;0,0418;0,026925;0,03845;0,036125;0,045575;0,04345;0,0371;0,0401;0,033425;0,0429;0,058975
Кам'янське;4853460;Сiрководень;0,004266667;0,004126667;0,003;0,002246667;;0,002527273;0,001793333;0,002653333;0,00206;0,003186667;0,00326;;0,004063636;0,003973333;0,0028;0,00362;0,003293333;0,003766667;0,003345455;0,003926667;0,0044;0,0045;0,00452;0,003033333;0,004654545;0,00494;0,003753333;0,005166667;0,004566667
Кам'янське;4853460;Фенол;0,0049125;0,00451875;0,0049625;0,0049375;;0,004483333;0,0043;0,0042;0,0036375;0,00428125;0,00359375;;0,004383333;0,0036375;0,003475;0,00334375;0,0033625;0,004125;0,004575;0,0041875;0,00499375;0,00471875;0,0051625;0,00440625;0,004991667;0,0048125;0,00500625;0,00505625;0,00495
Кам'янське;4853460;Амiак;0,0521;0,042875;0,0383;0,025;;0,023475;0,04055;0,0369;0,0174125;0,040275;0,04575;;0,04385;0,0472875;0,03805;0,0312;0,0244;0,0339625;0,0395625;0,0431;0,0365375;0,0468;0,045475;0,040375;0,047375;0,0495625;0,0463125;0,04955;0,0439625
Кам'янське;4853460;Формальдегiд;0,0112875;0,0096;0,0095;0,00865;;0,0070125;0,008425;0,00635;0,0060125;0,00705;0,007275;;0,0074375;0,0075625;0,0083125;0,0075;0,008775;0,00775;0,0077625;0,0071125;0,0083125;0,0080625;0,00785;0,008075;0,00905;0,0079;0,0104;0,011425;0,0102
Кропивницький;4853220;Завислі речовини;0,183333333;0,233333333;0,183333333;0,15;;0,15;0,233333333;0,183333333;0,15;0,2;0,166666667;;0,15;0,15;0,2;0,15;0,166666667;0,216666667;0,25;0,266666667;0,15;0,183333333;0,15;0,2;0,183333333;0,183333333;0,233333333;0,183333333;0,166666667
Кропивницький;4853220;Дiоксид сiрки;0,01575;0,021508333;0,015391667;0,019191667;;0,020955556;0,019025;0,017666667;0,01905;0,02185;0,015991667;;0,019688889;0,018733333;0,0234;0,022283333;0,017016667;0,01745;0,016133333;0,016791667;0,020483333;0,0186;0,015766667;0,019908333;0,016411111;0,024491667;0,015475;0,0194;0,022558333
Кропивницький;4853220;Сульфати;0,005;0,01;0,01;0,005;;0;0,01;0,01;0,005;0,005;0,01;;0,005;0;0,01;0,005;0,005;0;0;0,015;0;0,005;0,005;0,01;0,005;0,005;0,015;0,01;0,005
Кропивницький;4853220;Оксид вуглецю;2;1,833333333;2,166666667;1,666666667;;1,333333333;1,833333333;2;3,166666667;2;2;;2,166666667;1,5;1,666666667;1,5;1,833333333;2;1,833333333;2;2;2;2,5;1,833333333;2,666666667;2,166666667;2,833333333;3,5;2,5
Кропивницький;4853220;Дiоксид азоту;0,025591667;0,025466667;0,029391667;0,028408333;;0,0313;0,030541667;0,028333333;0,034825;0,024391667;0,029258333;;0,0252;0,032125;0,025241667;0,02715;0,028816667;0,033966667;0,027877778;0,02735;0,026316667;0,029816667;0,029033333;0,029658333;0,032333333;0,02965;0,023675;0,027975;0,0332
Кропивницький;4853220;Оксид азоту;0,013775;0,0177;0,0143;0,015575;;0,0146;0,020175;0,014175;0,02005;0,013525;0,015725;;0,015433333;0,020125;0,020425;0,01285;0,021825;0,0183;0,0163;0,012675;0,0134;0,018275;0,015825;0,019125;0,0232;0,01745;0,0149;0,01845;0,016575
Кропивницький;4853220;Сажа;0,016666667;0,025;0,025;0,02;;0,02;0,025;0,02;0,031666667;0,018333333;0,026666667;;0,021666667;0,025;0,026666667;0,026666667;0,028333333;0,023333333;0,013333333;0,023333333;0,025;0,021666667;0,026666667;0,033333333;0,018333333;0,023333333;0,023333333;0,03;0,02
Кропивницький;4853220;Формальдегiд;0,005633333;0,0046;0,004133333;0,003066667;;0,004666667;0,005766667;0,0042;0,004166667;0,003466667;0,005333333;;0,005266667;0,004333333;0,006333333;0,003033333;0,0043;0,002;0,0038;0,004266667;0,005066667;0,003833333;0,007433333;0,003833333;0,004633333;0,004666667;0,005733333;0,0067;0,003833333
Світловодськ;4903340;Завислі речовини;0,05;0,1;0;0;;0,05;0,05;0,05;0,05;0;0;;;0,05;0,05;0,05;0;0,05;0,15;0,1;0;0;0;0;;0,05;0,05;0;0
Світловодськ;4903340;Дiоксид сiрки;0,023;0,006466667;0,0084;0,006333333;;0,033566667;0,019233333;0,0453;0,023133333;0,010766667;0,0126;;;0,012466667;0,020733333;0,046733333;0,042866667;0,0267;0,030933333;0,026833333;0,0041;0,028633333;0,0062;0,090733333;;0,0333;0,0421;0,051333333;0,0207
Світловодськ;4903340;Сульфати;0,01;0,01;0;0,005;;0,01;0,01;0;0,005;0,01;0;;;0,005;0;0,01;0,01;0,005;0,005;0;0,005;0,01;0,01;0,01;;0,005;0,01;0,01;0,005
Світловодськ;4903340;Оксид вуглецю;1;1;1;1;;1;0,5;0;1;1;1;;;1,5;1,5;1;1;1;1,5;1;1,5;1;1;1;;1;1;1;1
Світловодськ;4903340;Дiоксид азоту;0,041066667;0,0315;0,027466667;0,023966667;;0,0409;0,0278;0,049133333;0,044466667;0,024666667;0,017066667;;;0,037266667;0,0375;0,0301;0,037;0,0169;0,033866667;0,064633333;0,069466667;0,060733333;0,034033333;0,047566667;;0,027666667;0,038066667;0,054166667;0,044433333
Світловодськ;4903340;Оксид азоту;0,033466667;0,022766667;0,0246;0,022333333;;0,0133;0,015866667;0,0343;0,0357;0,0346;0,024433333;;;0,017666667;0,019933333;0,013066667;0,028466667;0,017666667;0,028733333;0,0266;0,036533333;0,015366667;0,019966667;0,0244;;0,044933333;0,0361;0,024266667;0,0334
Світловодськ;4903340;Формальдегiд;0;0,0022;0,003233333;0,0011;;0,003266667;0,0011;0,0022;0,014033333;0,003366667;0;;;0,004266667;0,0043;0,001066667;0,0032;0,005333333;0,002133333;0;0,002133333;0,001066667;0,001066667;0,001066667;;0,0022;0,0011;0,0021;0,001066667
Львів;4982410;Завислі речовини;0,15625;0,155;0,13375;0,10375;;0,095;0,12;0,11625;0,11375;0,0825;0,09;;0,14125;0,14375;0,095;0,11625;0,1525;0,155;0,1575;0,1575;0,11;0,11875;0,12;0,13;0,15875;0,15875;0,11375;0,1625;0,14125
Львів;4982410;Дiоксид сiрки;0,00406875;0,00363125;0,00363125;0,00343125;;0,0033625;0,0040125;0,00354375;0,0030875;0,003675;0,00315;;0,00365625;0,00338125;0,0033875;0,0031875;0,0028;0,0029;0,00245;0,00235;0,00385;0,0065;0,00445;0,0037125;0,0032875;0,00310625;0,0031125;0,0032875;0,003225
Львів;4982410;Оксид вуглецю;1,3875;1,4;1,3625;1,2875;;1,225;1,2875;1,375;1,2875;1,1875;1,275;;1,3625;1,3625;1,2;1,2625;1,5;1,575;1,7375;1,7;1,425;1,5375;1,425;1,4125;1,7375;1,75;1,2875;1,8375;1,45
Львів;4982410;Дiоксид азоту;0,0336125;0,04086875;0,0402875;0,0406125;;0,03521875;0,0432625;0,03815;0,0400375;0,03998125;0,036775;;0,036025;0,0396;0,0378375;0,04463125;0,0435625;0,044675;0,0343875;0,03520625;0,03644375;0,04336875;0,0427;0,04959375;0,0468125;0,04740625;0,03893125;0,04101875;0,04511875
Львів;4982410;Оксид азоту;0,02055;0,0259125;0,0281125;0,030075;;0,023325;0,0276;0,0220375;0,0281125;0,0273625;0,0252;;0,0234;0,026575;0,0252375;0,0284625;0,0257;0,0279;0,0241625;0,021925;0,028575;0,0316;0,0270375;0,033525;0,0308625;0,03395;0,0264625;0,027925;0,0303875
Львів;4982410;Фтористий водень;0,00339375;0,00309375;0,0030625;0,002975;;0,0025875;0,0034125;0,00278125;0,00333125;0,00325625;0,0030875;;0,0032;0,00308125;0,00314375;0,00315;0,00258125;0,00303125;0,003175;0,00321875;0,002375;0,00281875;0,0029;0,00278125;0,00275625;0,002725;0,0028625;0,003025;0,0024125
Львів;4982410;Формальдегiд;0,00853125;0,008325;0,00901875;0,00921875;;0,008475;0,0090625;0,0087375;0,00829375;0,00931875;0,00828125;;0,00805625;0,0085125;0,00868125;0,00891875;0,0074625;0,0086375;0,00771875;0,0084375;0,00855;0,00793125;0,00855;0,00709375;0,00715625;0,00918125;0,00834375;0,00788125;0,00755
Миколаїв;4703200;Завислі речовини;0,1;0,0875;0,0625;0,075;;0,0875;0,075;0,05;0,125;0,1125;0,1;;0,1;0,1;0,0875;0,1125;0,075;0,1;0,1125;0,1125;0,1;0,075;0,1375;0,05;0,0625;0,05;0,0875;0,1;0,1125
Миколаїв;4703200;Дiоксид сiрки;0,002925;0,002;0,0012625;0,004275;;0,00685;0,0048625;0,0049375;0,0076375;0,0050625;0,005075;;0,0056125;0,0047125;0,0059875;0,0046375;0,0064;0,0074375;0,0044125;0,003325;0,00425;0,0055875;0,005475;0,0052375;0,0023125;0,0022375;0,003975;0,005575;0,00605
Миколаїв;4703200;Оксид вуглецю;1,25;1,5;1,375;0,75;;1,25;1,375;1,5;2,125;1,625;1,25;;1,75;1,375;1,375;1,5;1,375;1,125;1,75;1,125;1,25;1,375;1,125;0,125;0,75;1;1,125;1,25;1,5
Миколаїв;4703200;Дiоксид азоту;0,030525;0,024375;0,0192125;0,0196625;;0,03484375;0,05441875;0,04264375;0,017725;0,0207375;0,0236;;0,024125;0,02495625;0,03724375;0,0351625;0,04521875;0,03040625;0,03398125;0,03703125;0,01925625;0,0272375;0,019675;0,010075;0,04563125;0,0583625;0,04755625;0,04668125;0,03400625
Миколаїв;4703200;Оксид азоту;0,020175;0,0186;0,01875;0,014075;;0,0179;0,016225;0,0189;0,0069;0,0074;0,009;;0,006375;0,0075;0,0176;0,022;0,019775;0,017675;0,0118;0,0201;0,0234;0,02315;0,017875;0,01175;0,019425;0,017325;0,02755;0,014975;0,017975
Миколаїв;4703200;Фтористий водень;0,0013;0,001075;0,0012375;0,0016;;0,0008625;0,001475;0,00145;0,0018375;0,0015;0,0014;;0,0022875;0,001125;0,001425;0,0019375;0,0017;0,00255;0,0019875;0,0012375;0,0018875;0,0015;0,0017625;0,001325;0,0020125;0,00415;0,003975;0,0024375;0,0034
Миколаїв;4703200;Формальдегiд;0,007125;0,01071875;0,0091125;0,00820625;;0,00570625;0,00395625;0,00520625;0,00436875;0,007325;0,007825;;0,00376875;0,0024375;0,00656875;0,010925;0,01014375;0,006825;0,0102875;0,00900625;0,00911875;0,004875;0,00055;0,0011;0,0033125;0,0074625;0,00451875;0,00858125;0,00648125
Одеса;4643080;Завислі речовини;0,15875;0,1965;0,18375;0,18;;0,167833333;0,174583333;0,17175;0,140083333;0,138583333;0,13125;;0,178916667;0,246833333;0,218083333;0,218083333;0,2345;0,22325;0,237583333;0,20125;0,16025;0,23975;0,189583333;0,137583333;0,177916667;0,202083333;0,192166667;0,139166667;0,156083333
Одеса;4643080;Дiоксид сiрки;0,024155556;0,027244444;0,031288889;0,037927778;;0,040166667;0,042472222;0,034422222;0,029322222;0,045322222;0,04545;;0,036355556;0,037311111;0,050716667;0,057827778;0,044405556;0,03785;0,035405556;0,041016667;0,0406;0,031394444;0,033822222;0,030494444;0,040777778;0,036383333;0,041705556;0,047216667;0,047983333
Одеса;4643080;Сульфати;0,017;0,0115;0,011;0,0125;;0,0095;0,011;0,0105;0,012;0,0105;0,0095;;0,0135;0,016;0,0145;0,0155;0,019;0,018;0,0155;0,018;0,017;0,017;0,019;0,0175;0,016;0,019;0,018;0,019;0,022
Одеса;4643080;Оксид вуглецю;1,4;1,458333333;1,633333333;1,541666667;;1,616666667;1,341666667;1,533333333;1,516666667;1,516666667;1,691666667;;1,633333333;1,466666667;1,583333333;1,433333333;1,258333333;1,383333333;1,358333333;1,65;1,591666667;1,508333333;1,425;1,325;1,333333333;1,258333333;1,55;1,533333333;1,583333333
Одеса;4643080;Дiоксид азоту;0,036738889;0,045122222;0,0424;0,043205556;;0,046194444;0,057727778;0,051616667;0,043644444;0,061655556;0,063383333;;0,05835;0,056016667;0,067077778;0,084488889;0,061866667;0,048294444;0,047905556;0,062911111;0,048011111;0,040127778;0,049638889;0,05105;0,064938889;0,053944444;0,052544444;0,0666;0,064477778
Одеса;4643080;Оксид азоту;0,03655;0,024925;0,02615;0,028625;;0,036325;0,033075;0,035875;0,0242;0,030975;0,034875;;0,0335;0,0372;0,03585;0,0297;0,035775;0,03825;0,03645;0,037925;0,02665;0,022;0,017625;0,04425;0,046825;0,036475;0,033075;0,034125;0,034725
Одеса;4643080;Сiрководень;0,000925;0,001125;0,00085;0,000875;;0,0007875;0,001025;0,001;0,00105;0,00125;0,0010875;;0,0008375;0,0007875;0,000925;0,001;0,0009;0,0007875;0,0012;0,00135;0,001425;0,001425;0,001175;0,0008875;0,0011375;0,0015;0,002075;0,002225;0,00235
Одеса;4643080;Фенол;0,001580952;0,002604762;0,00282381;0,003361905;;0,003242857;0,003209524;0,002928571;0,003004762;0,002880952;0,003133333;;0,002871429;0,002847619;0,003042857;0,002847619;0,002961905;0,002814286;0,003138095;0,003228571;0,003885714;0,003428571;0,003419048;0,003504762;0,003338095;0,00357619;0,003566667;0,003880952;0,003628571
Одеса;4643080;Сажа;0,05125;0,0475;0,04625;0,04;;0,03375;0,03375;0,045;0,0375;0,02875;0,035;;0,0425;0,05375;0,04875;0,0525;0,05875;0,045;0,05125;0,06125;0,04625;0,05375;0,04;0,05;0,0575;0,0525;0,05125;0,0675;0,069
Одеса;4643080;Фтористий водень;0,002275;0,00325;0,0032875;0,0033;;0,0038375;0,003325;0,0048;0,0033875;0,004725;0,0038625;;0,00295;0,003775;0,0043375;0,004875;0,0025625;0,0023625;0,0021875;0,0023625;0,0031875;0,0032;0,002725;0,0030125;0,0031375;0,0041;0,0062125;0,0050875;0,0061
Одеса;4643080;Формальдегiд;0,005161538;0,007138462;0,007846154;0,008469231;;0,007715385;0,007461538;0,009707692;0,007207692;0,008607692;0,007207692;;0,005346154;0,006892308;0,005953846;0,006130769;0,005869231;0,005830769;0,0068;0,008492308;0,008684615;0,006384615;0,008761538;0,007476923;0,008423077;0,008953846;0,006953846;0,008130769;0,011992308
Полтава;4963460;Завислі речовини;0,1625;0,175;0,175;0,2375;;0,2;0,1375;0,1875;0,175;0,175;0,2;;0,2125;0,15;0,1875;0,1625;0,175;0,2;0,1375;0,0625;0,225;0,175;0,15;0,1625;0,1875;0,1125;0,1125;0,1;0,2
Полтава;4963460;Дiоксид сiрки;0,002875;0,0024375;0,0021875;0,00275;;0,003166667;0,0021875;0,0025;0,002625;0,00175;0,0014375;;0,004166667;0,002125;0,0019375;0,0025625;0,002375;0,0021875;0,002916667;0,0033125;0,002375;0,002875;0,003;0,0024375;0,001833333;0,0030625;0,0019375;0,00425;0,002375
Полтава;4963460;Сульфати;0,01;0,005;0,005;0,015;;0,005;0,005;0,01;0,005;0,01;0,005;;0,015;0,015;0,01;0,005;0,01;0,005;0,005;0,01;0,005;0,005;0,01;0,005;0,01;0,005;0,005;0,01;0,005
Полтава;4963460;Оксид вуглецю;0,444444444;1;1,333333333;2;;1,111111111;1,888888889;1,777777778;1,444444444;1;1;;1,666666667;1,333333333;1,555555556;1,777777778;0,555555556;0;1;0,555555556;0,888888889;1;1,666666667;1,75;1,111111111;1,333333333;0,888888889;2,555555556;0,888888889
Полтава;4963460;Дiоксид азоту;0,0225;0,031875;0,029375;0,014375;;0,019166667;0,024375;0,02875;0,031875;0,03375;0,019375;;0,025833333;0,019375;0,016875;0,02125;0,01875;0,02625;0,021666667;0,023125;0,029375;0,020625;0,019375;0,0275;0,03;0,024375;0,028125;0,040625;0,02625
Полтава;4963460;Оксид азоту;0,02;0,015;0,02;0,0125;;0,013333333;0,015;0,0125;0,01;0,02;0,015;;0,006666667;0,0175;0,01;0,01;0,015;0,005;0,013333333;0,0125;0,0125;0,01;0,0175;0,0175;0,013333333;0,0175;0,025;0,025;0,0175
Полтава;4963460;Фтористий водень;0,002375;0,001625;0,002125;0,00075;;0,001833333;0,001125;0,002;0,001375;0,002375;0,001125;;0,0015;0,001375;0,00175;0,0015;0,001375;0,001125;0,001333333;0,0015;0,001375;0,001125;0,001375;0,001125;0,001833333;0,002125;0,001375;0,00175;0,001125
Полтава;4963460;Хлористий водень;0,02;0,025;0,015;0,01;;0,02;0,015;0,01;0,015;0,03;0,01;;0,02;0,015;0,01;0,015;0,015;0,01;0,02;0,015;0,01;0,015;0,01;0,015;0,02;0,01;0,015;0,045;0,015
Полтава;4963460;Амiак;0,0125;0,01;0,0075;0,005;;0,01;0,0125;0,0125;0,01;0,0075;0,0075;;0,01;0,01;0,005;0,0075;0,01;0,0025;0,01;0,005;0,01;0,0075;0,0075;0,005;0,01;0,0125;0,0175;0,0175;0,005
Полтава;4963460;Формальдегiд;0,0035;0,003;0,003;0,0015;;0,003666667;0,003;0,004333333;0,003;0,005083333;0,0015;;0,003;0,003;0,003;0,00225;0,00225;0,00225;0,004;0,003;0,00225;0,003;0,00225;0,0015;0,003;0,00275;0,0015;0,003666667;0,00225
Кременчук;4813330;Завислі речовини;0,135;0,14125;0,1875;0,0875;;0,0875;0,11375;0,125;0,155;0,0788;0,1175;;0,22125;0,128571429;0,154285714;0,17;0,111428571;0,0975;0,125714286;0,127142857;0,112857143;0,088571429;0,13375;0,1125;0,1475;0,1175;0,09;0,24375;0,175
Кременчук;4813330;Дiоксид сiрки;0,00719375;0,00666875;0,00658125;0,00551875;;0,00535625;0,00574375;0,00594375;0,00593125;0,0072875;0,00631875;;0,00694375;0,005653333;0,005673333;0,0048;0,005533333;0,005625;0,005;0,0052;0,006573333;0,00788;0,00685625;0,00738125;0,00613125;0,00555;0,004875;0,006925;0,0079375
Кременчук;4813330;Сульфати;0,005;0,01;0,01;0,01;;0,005;0,01;0,01;0,01;0,005;0,005;;0,015;0,01;0,01;0,01;0;;0,01;0,01;0,01;0,005;0,01;0,01;0,01;0,015;0,01;0,02;0,015
Кременчук;4813330;Оксид вуглецю;0,8;0,6;0,675;0,5875;;0,375;0,45;0,9375;0,7375;0,45;0,6125;;0,925;0,471428571;0,585714286;0,542857143;0,471428571;0,575;0,828571429;0,371428571;0,5;0,671428571;0,7375;0,5875;0,5625;0,7125;0,575;1,075;0,4625
Кременчук;4813330;Дiоксид азоту;0,028875;0,02615;0,03379375;0,03789375;;0,02431875;0,022625;0,02949375;0,03651875;0,03401875;0,03974375;;0,0328875;0,025853333;0,027006667;0,02142;0,02184;0,019725;0,023576923;0,02204;0,02394;0,023306667;0,03031875;0,04441875;0,033875;0,02968125;0,02321875;0,04098125;0,04718125
Кременчук;4813330;Оксид азоту;0,020075;0,015925;0,02935;0,024025;;0,02505;0,022925;0,02435;0,024675;0,041325;0,034725;;0,0259;0,01875;0,0237;0,0221;0,0277;;0,0329;0,023275;0,01985;0,028325;0,0274;0,037025;0,03065;0,031375;0,014225;0,037475;0,045725
Кременчук;4813330;Фенол;0,000591667;0,000575;0,000425;0,000283333;;0,000183333;0,000233333;0,000366667;0,00045;0,0002;0,000408333;;0,000491667;0,000736364;0,000445455;0,000627273;0,000318182;0,0006875;0,00027;0,000127273;0,000681818;0,0017;0,0002;0;0;8,33333E-05;6,66667E-05;0,000108333;0,000491667
Кременчук;4813330;Сажа;0,00885;0,007675;0,01275;0,002575;;0,006375;0,01035;0,0169;0,0141;0,005225;0,008875;;0,016375;0,008433333;0,0118;0,016666667;0,0067;0,0102;0,0117;0,006666667;0,0101;0,006666667;0,011425;0,01395;0,0128;0,0064;0,007775;0,0167;0,007625
Кременчук;4813330;Амiак;0,00515;0,00645;0,006575;0,0047;;0,0049;0,0055;0,007275;0,006175;0,00445;0,007675;;0,00975;0,005575;0,005625;0,006525;0,00745;;0,0079;0,00635;0,0069;0,0058;0,0074;0,004925;0,007825;0,005;0,00525;0,008175;0,00625
Кременчук;4813330;Формальдегiд;0,00403;0,00338;0,00343;0,0042;;0,00536;0,00531;0,00569;0,00485;0,00423;0,00445;;0,00509;0,003733333;0,004422222;0,003777778;0,003688889;0,0032;0,0034625;0,002533333;0,002811111;0,002955556;0,00375;0,00412;0,00518;0,00411;0,00385;0,00402;0,00454
Рівне;5062620;Завислі речовини;0,08234;0,061066667;0,1367;0,09448;;0;0;0;0;0,017766667;0,12382;;0,1093;0,1536;0,05165;0;0,101;0;0;0;0,08965;0,02565;0,0129;0,052;0;0;0;0,012925;0,03925
Рівне;5062620;Дiоксид сiрки;0,000858333;0,000258333;0;0,000316667;;0,002025;0,000541667;0,001633333;0,0009;0,002633333;0,003125;;0,00075;0;0;0;0;0,000325;0;0;0;0;0;0,001658333;0,000916667;0;0;0;0,00095
Рівне;5062620;Оксид вуглецю;1,006666667;0,938333333;1,075;1,006666667;;1,07;1,001666667;0,935;0,993333333;1,078333333;1,043333333;;1,06;0,925;1,215;1,1025;1,0925;1,155;1,7925;1,1775;1,048333333;1,076666667;1,348333333;1,213333333;1,038333333;1,05;1,216666667;1,203333333;1,278333333
Рівне;5062620;Дiоксид азоту;0,032025;0,029233333;0,019;0,01885;;0,027166667;0,038275;0,041091667;0,0314;0,032575;0,057741667;;0,053025;0,02925;0,0208125;0,024225;0,0139375;0,0135;0,022;0,0216625;0,022818182;0,057;0,076783333;0,069825;0,054341667;0,028;0,042775;0,051458333;0,035008333
Рівне;5062620;Оксид азоту;0,02673;0,0343;0,02979;0,01652;;0,026422222;0,0313;0,03647;0,0287;0,04304;0,04067;;0,0449;0,0168;0,0217625;0,03285;0,0310875;0,0159125;0,045557143;0,023325;0,01905;0,04549;0,06764;0,05414;0,044455556;0,02904;0,03807;0,05889;0,03396
Рівне;5062620;Сiрководень;0,0004625;0;0,0014625;0,001075;;0,002142857;0,0003125;0,0005625;0;0;0;;0;0;0;0,0017;0,000725;0;0,000485714;0;0,0003625;0,001725;0,00265;0,0014375;0,001828571;0,000425;0,0021375;0,0007375;0,00125
Рівне;5062620;Фенол;0,00056;0,00054;0;0;;0;0;0;0,00066;0,00115;0,0005;;0,00075;0;0;0,0004375;0,001375;0,0007;0,001375;0,001575;0,00046;0,00142;0;0,0006;0,00103;0,00061;0,0003;0,00233;0,00252
Рівне;5062620;Фтористий водень;0,002275;0,0026875;0,0025;0;;0,000842857;0,003625;0,002725;0,0046;0,0012125;0,00605;;0,00394;0,00165;0,001216667;0,0036;0,0073;0,0049;0,00394;0,000416667;0,003825;0,0030875;0,003275;0,005375;0,006242857;0,0035125;0,004725;0,0065;0,0004125
Рівне;5062620;Хлористий водень;0,1006375;0,0738;0,051675;0,065325;;0,0196625;0,068775;0,10255;0,028575;0,0138375;0,0434625;;0,061033333;0,035233333;0;0,06395;0,1041;0,0634;0,067733333;0,038283333;0,068925;0,138075;0,12815;0,0323375;0,10075;0,069;0,102775;0,0608625;0,0375625
Рівне;5062620;Амiак;0,00305;0;0;0;;0;0;0;0;0;0;;0;0;0;0;0;0;0;0;0,0029;0;0;0;0;0;0;0;0
Рівне;5062620;Формальдегiд;0,0038625;0,0020875;0,0014875;0,002175;;0,002685714;0,0028375;0,002;0,0030125;0,0031625;0;;0,00546;0,002833333;0,001233333;0,00145;0,006666667;0,00295;0,00566;0,004333333;0,003471429;0,0071125;0,005475;0,0033375;0,009271429;0,0054875;0,006;0,0050625;0,0057625
Суми;5093480;Завислі речовини;0,283333333;0,25;0,333333333;0,25;;0,316666667;0,283333333;0,283333333;0,283333333;0,333333333;0,266666667;;0,366666667;0,266666667;0,333333333;0,266666667;0,3;0,25;0,333333333;0,383333333;0,35;0,233333333;0,3;0,333333333;0,25;0,216666667;0,233333333;0,383333333;0,3
Суми;5093480;Дiоксид сiрки;0,058166667;0,062666667;0,05675;0,056833333;;0,054555556;0,0625;0,063916667;0,060833333;0,063833333;0,06;;0,060111111;0,061333333;0,064583333;0,06025;0,054583333;0,056416667;0,050111111;0,056416667;0,056833333;0,057666667;0,060333333;0,058416667;0,059555556;0,056833333;0,066833333;0,067916667;0,063666667
Суми;5093480;Сульфати;0,005;0,015;0,015;0,015;;0,015;0,01;0,01;0,015;0,01;0,015;;0,015;0,015;0,025;0,02;0,005;0,015;0,005;0,01;0,01;0,015;0,015;0,015;0;0,01;0,01;0,02;0,005
Суми;5093480;Оксид вуглецю;1,5;1,833333333;1,5;1,666666667;;1,833333333;1,5;1,333333333;1,833333333;1,5;1,5;;2,333333333;1,833333333;2,333333333;1,5;1,833333333;1,666666667;1,666666667;1,666666667;1,833333333;2,166666667;1,833333333;1,333333333;1,666666667;1,833333333;1,666666667;2,166666667;1,333333333
Суми;5093480;Дiоксид азоту;0,0675;0,075833333;0,084166667;0,080833333;;0,078888889;0,084166667;0,068333333;0,085;0,103333333;0,079166667;;0,075555556;0,1025;0,075;0,111666667;0,06;0,058333333;0,078888889;0,081666667;0,064166667;0,069166667;0,059166667;0,055833333;0,077777778;0,08;0,114166667;0,093333333;0,081666667
Суми;5093480;Оксид азоту;0,0275;0,025;0,03;0,0375;;0,026666667;0,025;0,03;0,0325;0,03;0,035;;0,043333333;0,045;0,0375;0,0425;0,0225;0,03;0,05;0,0275;0,025;0,035;0,025;0,0275;0,04;0,0575;0,045;0,04;0,0375
Суми;5093480;Амiак;0,015;0,01625;0,015;0,015;;0,013333333;0,0125;0,0075;0,0175;0,01625;0,0125;;0,015;0,01625;0,015;0,01625;0,0175;0,0125;0,013333333;0,01875;0,015;0,0175;0,02;0,01375;0,02;0,015;0,0175;0,01625;0,01625
Суми;5093480;Формальдегiд;0,00475;0,003;0,00475;0,00575;;0,004;0,004;0,005;0,004;0,004;0,004;;0,006666667;0,00475;0,004;0,003;0,004;0,002;0,006333333;0,005;0,00475;0,003;0,004;0,00475;0,005333333;0,006;0,004;0,005;0,004
Тернопіль;4932530;Завислі речовини;0,09;0,1175;0,02;0;;0,02;0,065;0,1;0,1525;0,0275;0;;0;0,05;0,0775;0,03;0,085;0,0775;0,12;0,155;0,0575;0,03;0,05;0,0775;0,12;0,0625;0,0275;0,105;0,0875
Тернопіль;4932530;Дiоксид сiрки;0,0043875;0,003775;0,0021375;0,0019625;;0,003075;0,003275;0,00355;0,004375;0,0031;0,0028625;;0,0032;0,0034375;0,003625;0,0048625;0,00425;0,0038875;0,00505;0,004975;0,0043;0,00345;0,0034625;0,0040875;0,0037;0,0041875;0,0038;0,0049375;0,003475
Тернопіль;4932530;Оксид вуглецю;4,625;4,175;4;3,9;;3,675;4,025;4,025;4,1;3,575;3,925;;3,9;3,725;3,65;3,95;3,65;3,675;3,15;3,175;3,575;3,6;3,725;3,625;3,875;3,4;3,175;3,525;3,65
Тернопіль;4932530;Дiоксид азоту;0,0546875;0,0435125;0,04705;0,0426;;0,0448625;0,0530125;0,0506125;0,0446125;0,04705;0,0542625;;0,05025;0,045975;0,0473375;0,0489125;0,0434125;0,0427375;0,0472125;0,0489125;0,0374375;0,0392;0,0350875;0,0468125;0,0453375;0,042925;0,0432125;0,039425;0,0416875
Тернопіль;4932530;Оксид азоту;0,0309;0,0243;0,025975;0,02305;;0,024975;0,02975;0,028875;0,024375;0,025475;0,03065;;0,026725;0,026675;0,0262;0,027275;0,02375;0,0241;0,0263;0,027875;0,02045;0,0214;0,019575;0,025875;0,025325;0,02325;0,024325;0,020825;0,0225
Тернопіль;4932530;Формальдегiд;0,003125;0,0027375;0,0009125;0,000925;;0,001975;0,00295;0,0033625;0,0026875;0,002075;0,0025875;;0,0028625;0,0033625;0,0028375;0,003125;0,002225;0,0024625;0,0027875;0,0030875;0,00235;0,00235;0,00235;0,0017375;0,002575;0,002625;0,0017875;0,00225;0,0031
Харків;4993630;Завислі речовини;;0,0548;0,0436;0,0228;;0,034;0,0324;0,0396;0,0376;0,0324;0,0456;;0,0456;0,0392;0,0352;0,0388;0,0264;0,0276;0,0556;0,046;0,0428;0,0468;0,04;0,0432;0,0428;0,0496;0,0344;0,0444;0,0352
Харків;4993630;Дiоксид сiрки;;0,019133333;0,02058;0,022223333;;0,021573333;0,021046667;0,02142;0,0202;0,02238;0,022443333;;0,02166;0,023793333;0,020666667;0,024123333;0,022846667;0,023283333;0,022403333;0,020856667;0,02166;0,021363333;0,021503333;0,020923333;0,017873333;0,020543333;0,01886;0,019966667;0,017006667
Харків;4993630;Сульфати;;0;0,005;0;;0;0;0;0,01;0;0,005;;0;0;0,005;0;0;0,005;0;0,005;0;0,005;0;0,005;0;0;0;0,005;0
Харків;4993630;Оксид вуглецю;;1,15;1,095;1,06;;1,255;1,165;1,25;1,36;1,295;1,3;;1,32;1,28;1,345;1,29;1,035;1,125;1,16;1,13;1,065;1,075;1,105;1,12;1,06;1,3;1,22;1,205;1,095
Харків;4993630;Дiоксид азоту;;0,027616667;0,025722857;0,02542;;0,025913333;0,022914286;0,028154286;0,031145714;0,028908571;0,026465714;;0,02748;0,019694286;0,029511429;0,027162857;0,029197143;0,030797143;0,027266667;0,027048571;0,02684;0,027391429;0,025805714;0,025605714;0,02674;0,024377143;0,024348571;0,026228571;0,026011429
Харків;4993630;Оксид азоту;;0,019066667;0,02275;0,02175;;0,009733333;0,017225;0,01745;0,010925;0,014725;0,0136;;0,0136;0,015875;0,019675;0,019275;0,02995;0,025675;0,0209;0,023675;0,025325;0,02445;0,0205;0,016875;0,0135;0,008475;0,0188;0,02375;0,018375
Харків;4993630;Сiрководень;;0,001433333;0,000875;0,001025;;0,0011;0,0006;0,00115;0,001075;0,001175;0,001175;;0,000433333;0,0008;0,000475;0,00085;0,00055;0,0007;0,0007;0,000325;0,00095;0,000725;0,0004;0,000525;0,001233333;0,001225;0,000775;0,000875;0,00075
Харків;4993630;Фенол;;0,002033333;0,00245;0,002633333;;0,002677778;0,002983333;0,002725;0,002558333;0,002075;0,002633333;;0,001788889;0,001983333;0,002466667;0,001683333;0,001883333;0,002316667;0,001455556;0,00235;0,002375;0,002858333;0,002375;0,0024;0,001988889;0,001508333;0,001658333;0,002216667;0,001875
Харків;4993630;Сажа;;0,02;0,02;0,01;;0,016666667;0,03;0,02;0,01;0,02;0;;0,03;0,02;0;0,01;0;0,02;0,01;0,02;0,02;0;0;0,03;0,02;0,01;0,01;0;0,01
Харків;4993630;Амiак;;0,003383333;0,0055125;0,0063875;;0,00625;0,0051;0,00515;0,0055;0,0076875;0,0042375;;0,006683333;0,00505;0,0037875;0,004975;0,0058375;0,00545;0,003883333;0,0054125;0,00295;0,0050625;0,005075;0,0050125;0,004466667;0,0037875;0,0021125;0,002125;0,0025125
Харків;4993630;Формальдегiд;;0,002104762;0,001364286;0,001307143;;0,001519048;0,001542857;0,001460714;0,000889286;0,001042857;0,000803571;;0,001766667;0,001467857;0,000942857;0,001164286;0,001075;0,000785714;0,001590476;0,001982143;0,001446429;0,001453571;0,000792857;0,001207143;0,002385714;0,001546429;0,001321429;0,00125;0,001182143
Хмельницький;4942690;Завислі речовини;0,048;0,04125;0,04825;0,04725;;0,064;0,073;0,07375;0,06575;0,0735;0,048;;0,05475;0,0625;0,07175;0,05525;0,04775;0,064;0,13525;0,07975;0,048;0,056;0,04025;0,056;0,0405;0,04875;0,0575;0,0805;0,06525
Хмельницький;4942690;Дiоксид сiрки;0,0184;0,0162375;0,0169875;0,0179375;;0,0170875;0,01825;0,0184625;0,0173625;0,0165;0,0190875;;0,017875;0,018075;0,0188;0,0194375;0,018925;0,0186875;0,0170625;0,0153375;0,0166;0,0176625;0,0179375;0,0168375;0,0174375;0,019075;0,0175625;0,018775;0,019075
Хмельницький;4942690;Сульфати;0,00765;0,00755;0,0071;0,007075;;0,008075;0,007625;0,008475;0,007575;0,006975;0,008025;;0,007425;0,006825;0,007025;0,006975;0,00715;0,00685;0,00675;0,008;0,006875;0,006825;0,0069;0,0069;0,00705;0,0082;0,007325;0,007525;0,0084
Хмельницький;4942690;Оксид вуглецю;1,665;1,5975;1,5775;1,65;;1,675;1,7375;1,875;1,765;1,58;1,98;;1,7875;1,76;1,635;1,6275;1,7925;1,675;2,8525;2,0925;1,5775;1,8;1,6525;1,78;1,75;1,77;1,9225;2,0525;1,7375
Хмельницький;4942690;Дiоксид азоту;0,0273375;0,0302125;0,0380625;0,039225;;0,042025;0,0394625;0,0526625;0,0466625;0,037625;0,0246625;;0,025225;0,0414875;0,0480625;0,041575;0,0226875;0,0172875;0,044375;0,02715;0,01635;0,02685;0,0237875;0,0205125;0,0135125;0,0240125;0,0180625;0,04305;0,0292875
Хмельницький;4942690;Оксид азоту;0,021625;0,023125;0,02925;0,0265125;;0,032075;0,031625;0,0398;0,0348375;0,029775;0,0229875;;0,0173875;0,031;0,036075;0,028425;0,0181375;0,015675;0,0516875;0,025125;0,01795;0,0245;0,0193;0,0143375;0,0155;0,0196875;0,02985;0,030875;0,0225
Хмельницький;4942690;Фенол;0,000716667;0,00095;0,001133333;0,001266667;;0,000833333;0,00085;0,000766667;0,001;0,001183333;0,00275;;0,002166667;0,0009;0,001516667;0,0008;0,001333333;0,001;0,001283333;0,001633333;0,001733333;0,001883333;0,001233333;0,000866667;0,0013;0,000783333;0,001283333;0,00115;0,002133333
Хмельницький;4942690;Хлористий водень;0,051325;0,033875;0,034725;0,0311;;0,040575;0,0423;0,047175;0,031575;0,0328;0,031925;;0,0354;0,02155;0,02065;0,03685;0,039125;0,035525;0,045725;0,043275;0,0387;0,0834;0,08365;0,035275;0,04175;0,02965;0,022375;0,0388;0,037975
Хмельницький;4942690;Амiак;0,005475;0,005525;0,006875;0,007075;;0,00635;0,007925;0,00715;0,0084;0,007625;0,00915;;0,00725;0,007775;0,005675;0,004075;0,00685;0,0069;0,0057;0,005425;0,00755;0,006225;0,0044;0,004925;0,0052;0,004475;0,0042;0,003875;0,0042
Хмельницький;4942690;Формальдегiд;0,0011;0,000983333;0,000833333;0,000966667;;0,001083333;0,0011;0,001516667;0,001633333;0,00185;0,001216667;;0,001966667;0,0011;0,00095;0,001416667;0,001183333;0,000833333;0,001366667;0,001716667;0,00185;0,00135;0,001083333;0,000966667;0,001716667;0,001583333;0,001216667;0,001083333;0,001333333
Херсон;4673270;Завислі речовини;;0,025;0,05;;;0,05;0,125;0,075;0,025;0,1;;;0,025;0,05;0,025;0,025;0;;0;0,025;0;0,05;0,025;;0,075;0,025;0,025;0,05;0,05
Херсон;4673270;Дiоксид сiрки;;0,001333333;0;;;0,003833333;0,003;0,0165;0,00325;0,003;;;0,0095;0,00175;0,003375;0,004875;0,002625;;0,001333333;0,004125;0,002625;0,00175;0,006875;;0,007333333;0,005625;0,00125;0,000875;0
Херсон;4673270;Сульфати;;0;0;;;0;0,005;0,005;0,005;0,015;;;0,01;0;0,005;0;0;;0;0,005;0;0;0,005;;0,01;0;0;0,005;0
Херсон;4673270;Оксид вуглецю;1,08;0,244;0,201666667;;;0,27;0,318333333;0,25;0,285;0,18;;;0,483333333;0,266666667;0,383333333;0,346666667;0,483333333;;0,458333333;0,5;0,435;0,525;0,313333333;;0,326666667;0,281666667;0,245;0,24;0,286666667
Херсон;4673270;Дiоксид азоту;;0,203333333;0,195;;;0,175;0,2375;0,23375;0,2325;0,24875;;;0,226666667;0,16625;0,18;0,1725;0,21875;;0,225;0,25625;0,2075;0,20875;0,21;;0,256666667;0,29625;0,29125;0,205;0,22125
Херсон;4673270;Оксид азоту;;0,153333333;0,13;;;0,116666667;0,135;0,1775;0,1425;0,175;;;0,13;0,1275;0,115;0,1225;0,1225;;0,173333333;0,14;0,1075;0,105;0,1225;;0,163333333;0,1775;0,175;0,14;0,145
Херсон;4673270;Фенол;;0,0035;0,006;;;0,0025;0,01375;0,010875;0,00775;0,008375;;;0,002833333;0,00625;0,00625;0,003125;0,004;;0,006833333;0,004125;0,002125;0,0055;0,0115;;0,004666667;0,0065;0,006;0,002625;0,0065
Херсон;4673270;Формальдегiд;;0,003;0,0055;;;0,006666667;0,00475;0;0;0,00625;;;0,010666667;0,00675;0,003;0,00425;0,0015;;0,001666667;0,004;0,005;0,006;0,0035;;0,005;0;0,003;0,0015;0,0015
Черкаси;4933200;Завислі речовини;0,1;0,2;0,15;0,1;;0,1;0,1;0,035;0,1;0,05;0;;0,1;0,15;0,1;0,1;0;0,1;0,1;0,1;0,016666667;0;0;0,05;0,1;0,1;0,15;0,05;0
Черкаси;4933200;Дiоксид сiрки;0,022;0,0214;0,0215;0,0212;;0,02075;0,021;0,022;0,0222;0,0213;0,021;;0,0225;0,0211;0,0233;0,0223;0,0207;0,0219;0,02125;0,0203;0,0208;0,0211;0,0213;0,0212;0,02175;0,0222;0,023;0,0241;0,0217
Черкаси;4933200;Сульфати;0,01;0,01;0,01;0,01;;0,015;0,015;0,01;0,015;0,015;0,015;;0,01;0,01;0,01;0,015;0,01;0,01;0,01;0,01;0,01;0,015;0,015;0,01;0,01;0,015;0,01;0,015;0,015
Черкаси;4933200;Оксид вуглецю;1,166666667;1;1,333333333;1;;1,333333333;2,166666667;1,666666667;1,166666667;1,833333333;1,166666667;;1;1;1;1;1;1;1;1;1,666666667;2;1,833333333;1,333333333;1,166666667;1;1,333333333;2,5;1,5
Черкаси;4933200;Дiоксид азоту;0,036666667;0,03;0,0325;0,035;;0,034444444;0,030833333;0,033333333;0,034166667;0,03;0,035833333;;0,044444444;0,038333333;0,031666667;0,028333333;0,0275;0,033333333;0,03;0,03;0,033333333;0,029166667;0,035;0,033333333;0,038888889;0,035;0,035833333;0,035833333;0,04
Черкаси;4933200;Оксид азоту;0,02;0,02;0,0275;0,0275;;0,016666667;0,02;0,025;0,025;0,0175;0,0225;;0,023333333;0,025;0,0225;0,0225;0,025;0,025;0,02;0,035;0,03;0,0225;0,035;0,02;0,02;0,0275;0,035;0,0225;0,03
Черкаси;4933200;Сiрководень;0,001916667;0,001666667;0,002166667;0,00225;;0,001888889;0,001916667;0,002;0,001916667;0,0015;0,002;;0,002;0,002;0,002;0,002;0,00225;0,002;0,002111111;0,002083333;0,001916667;0,002166667;0,002416667;0,002;0,002;0,002;0,002083333;0,001916667;0,00225
Черкаси;4933200;Амiак;0,050833333;0,048333333;0,039166667;0,056666667;;0,054444444;0,039166667;0,043333333;0,036666667;0,033333333;0,048333333;;0,043333333;0,040833333;0,055;0,039166667;0,029166667;0,04;0,042222222;0,041666667;0,0425;0,049166667;0,06;0,051666667;0,041111111;0,045;0,0425;0,036666667;0,058333333
Черкаси;4933200;Формальдегiд;0,01125;0,00875;0,00625;0,00575;;0,011;0,00675;0,006;0,0065;0,013;0,0065;;0,007;0,00725;0,0065;0,00975;0,00525;0,0055;0,011;0,01225;0,00575;0,00775;0,0105;0,00875;0,013;0,01;0,01575;0,01425;0,01525
Чернівці;4832590;Завислі речовини;;0,016666667;0,033333333;0,033333333;;0,033333333;;0,033333333;0,016666667;0,016666667;0;;0,016666667;0,033333333;0,05;0,033333333;0,033333333;0,033333333;0,05;0,033333333;0,033333333;0,05;0,05;0;0,016666667;0,05;0,05;0,066666667;0,05
Чернівці;4832590;Дiоксид сiрки;;0,002916667;0,001983333;0,001241667;;0,000744444;;0,001544444;0,001141667;0,002841667;0,002225;;0,0015;0,00135;0,00095;0,001091667;0,000841667;0,000283333;0,000833333;0,000691667;0,0007;0,002383333;0,001125;0,00085;0,0007;0,000708333;0,001991667;0,001708333;0,000991667
Чернівці;4832590;Оксид вуглецю;0;0,1;0,1;0;0;0,142857143;0;0,1;0,2;0,1;0,2;0;0;0,333333333;0,833333333;0,666666667;0,166666667;0,166666667;1;0,333333333;0,5;0,5;0,666666667;0,333333333;0,166666667;0,25;0,7;1,1;0,5
Чернівці;4832590;Дiоксид азоту;0,0361;0,01989;0,01723125;0,01275;0,023825;0,038607692;0,034125;0,034230769;0,03038125;0,01838125;0,0186;0,011925;0,022275;0,022673333;0,027066667;0,021466667;0,023;0,02795;0,034925;0,018708333;0,019158333;0,037675;0,012791667;0,0086;0,018125;0,003357143;0,0131375;0,02495;0,022825
Чернівці;4832590;Оксид азоту;0,015125;0,002133333;0,0034125;0,0053625;0,009925;0,022528571;0,019825;0,019757143;0,0197125;0,00505;0,0044625;0,004225;0,0050875;0,003657143;0,00755;0,00165;0,00165;0,003;0,00065;0,002975;0,00805;0,010775;0,000675;0,0047;0,00065;0,007016667;0,010385714;0,030875;0,0042125
Чернівці;4832591;Озон;;;;;;;;;;;;;;;;;;;;;;;;;;0,02565;0,03165;0,016025;0,025525
Чернівці;4832590;Фенол;;0;0;0;;0,0005;;0,002933333;0,0019;0,00005;0,00055;;0,00075;0,000425;0,0001;0,0015;0,0002;0,000275;0,000275;0;0;0,0007;0;0;0,000775;0,00085;0,002075;0,00145;0,00125
Чернівці;4832590;Фтористий водень;;0;0,0006125;0;;0;;0,00355;0,0000875;0,0012125;0,0012625;;0,0001875;0,000525;0;0,000625;0,0001875;0,0003125;0,00075;0,0000875;0;0;0;0;0;0;0;0,000625;0,000525
Чернівці;4832590;Хлористий водень;;0,07135;0,0572;0,213775;;0,136033333;;0,037733333;0,109725;0,0446;0;;0;0,108925;0;0,0358;0,111825;0,05355;0,025625;0,0797;0,107675;0,143075;0,03075;0;0,09015;0,080025;0,1166;0,06685;0,08
Чернівці;4832590;Формальдегiд;;0;0,003475;0,00085;;0,004266667;;0,003583333;0,00275;0,0005375;0,0001625;;0,00025;0,001075;0,0025875;0,0019625;0,0014875;0,0002625;0,0006875;0,0004375;0,001225;0,002825;0,0025625;0,0002625;0,0015875;0,002125;0,00035;0,0039375;0,0014875
Ізмаїл;4542880;Завислі речовини;0,05;0,065;0,05;0,03;;0,07;0,05;0,065000153;0,05;0,065;0,07;;0,065;0,065000153;0,03;0,05;0,085;0,07;0,07;0,03;0,05;0,05;0,085;0,03;0,065;0,05;0,065;0,1;0,05
Ізмаїл;4542880;Дiоксид сiрки;0,02670002;0,022700034;0,022650023;0,019050018;;0,032100053;0,0243;0,019325;0,024625;0,02435006;0,02285;;0,0238;0,02342502;0,022800095;0,0162;0,022075;0,01850004;0,018575035;0,01925;0,015875;0,0183;0,019000055;0,02760006;0,025833333;0,019000006;0,03245005;0,027425006;0,027875053
Ізмаїл;4542880;Сульфати;0,005;0,005;0,005;0;;0,01;0,005;0,5;0,005;0,005;0,005;;0,005;0,005;0;0,01;0,01;0,01;0,005;0;0,005;0,01;0,01;0;0,01;0,005;0,005;0,01;0,005
Ізмаїл;4542880;Оксид вуглецю;0,535001526;0,41500061;0,650001221;0,53;;0,71;0,77000061;0,58;0,625000305;0,73500061;0,545;;0,63500061;0,675;0,44;0,32;0,535;0,600001526;0,86;0,520000305;0,590000305;0,45;0,78;0,59000061;0,575001221;0,95;0,73;0,66;0,26
Ізмаїл;4542880;Дiоксид азоту;0,054500061;0,055;0,06187514;0,058425;;0,082;0,047;0,059975;0,067200061;0,0577;0,051;;0,067066748;0,064950061;0,059975061;0,05200004;0,06020004;0,064575159;0,066850061;0,054225081;0,059100131;0,071925061;0,056250079;0,063525061;0,0628;0,07015004;0,078650153;0,054525061;0,068400061
Ізмаїл;4542880;Сiрководень;0,0011;0,00105;0,001275001;0,001850001;;0,002066667;0,002050001;0,0009;0,001725003;0,001400002;0,001700002;;0,0016;0,001025001;0,00175;0,001425;0,001400001;0,002225004;0,001525001;0,001375;0,001875002;0,000725001;0,001175;0,00165;0,001733333;0,001525;0,002;0,001425002;0,001225
Ізмаїл;4542880;Формальдегiд;0,0007;0,00205;0,00135;0,002350003;;0,00105;0,001;0,0022;0,00105;0,002100003;0,00205;;0,002000003;0,00035;0,0013;0,001300002;0;0,00265;0,00135;0,002;0,0007;0;0,00205;0,00135;0,001400002;0,0017;0,002400003;0,002050003;0,00235
Біла Церква;4983020;Завислі речовини;0,05975;0,04375;0,06;0,051;;0,052;0,06025;0,061;0,061;0,07;0,051;;0,0665;0,0665;0,059;0,042;0,059;0,06825;0,059;0,067;0,05075;0,068;0,0515;0,051;0,06075;0,04375;0,05175;0,0515;0,0595
Біла Церква;4983020;Дiоксид сiрки;0,0391375;0,03805;0,035325;0,0341625;;0,03045;0,03865;0,0357;0,0342125;0,0430375;0,0399125;;0,0295125;0,0365375;0,038325;0,036;0,0309;0,0387125;0,035675;0,039375;0,0325375;0,0368;0,0378875;0,0437125;0,0429125;0,0298875;0,0360875;0,0415125;0,034575
Біла Церква;4983020;Оксид вуглецю;1,1;1,05;0,775;0,575;;0,575;1,075;1,225;1,275;1,075;0,3;;0,975;0,55;0,575;0,625;0,85;0,925;0,95;1;1,225;1,2;1,325;1,525;1,275;1,125;1,075;1,6;1,375
Біла Церква;4983020;Дiоксид азоту;0,0857875;0,0803625;0,0822;0,0834125;;0,08905;0,0814375;0,07835;0,0884;0,0977;0,0743875;;0,0916375;0,0885125;0,091575;0,0868625;0,0819375;0,0816375;0,0906375;0,0830875;0,087775;0,097125;0,0856625;0,0966;0,0902;0,08305;0,0919875;0,09955;0,1016625
Олександрія;4843230;Завислі речовини;0,25;0,3;0,25;0,15;;0,2;0,15;0,25;0,2;0,25;0,15;;0,15;0,25;0,15;0,3;0,25;0,15;0,2;0,15;0,2;0,25;0,1;0,2;0,25;0,2;0,15;0,2;0,15
Олександрія;4843230;Дiоксид сiрки;0,021125;0,01935;0,014075;0,0228;;0,016633333;0,018775;0,01505;0,02265;0,017875;0,018575;;0,025066667;0,018925;0,0175;0,0194;0,018025;0,026225;0,015366667;0,019375;0,0211;0,015375;0,0213;0,0212;0,016166667;0,01335;0,0201;0,0251;0,0233
Олександрія;4843230;Сульфати;0,005;0,005;0,005;0;;0,01;0,015;0,01;0,005;0,015;0,005;;0;0,005;0,005;0,01;0;0,01;0,01;0;0;0,01;0,01;0,005;0,005;0,01;0;0,01;0,01
Олександрія;4843230;Дiоксид азоту;0,03005;0,024625;0,02665;0,023875;;0,02;0,032975;0,02175;0,019075;0,040075;0,03895;;0,024233333;0,0234;0,02185;0,033225;0,0261;0,033075;0,028766667;0,0218;0,0397;0,02735;0,028675;0,028525;0,023166667;0,0227;0,029825;0,031375;0,039175
Олександрія;4843230;Сажа;0,1;0,065;0,035;0,035;;0,04;0,08;0,045;0,04;0,065;0,035;;0,02;0,02;0,04;0,04;0,04;0,065;0,045;0,04;0,06;0,045;0,07;0,055;0,035;0,075;0,06;0,02;0,04
Горішні Плавні;4903360;Завислі речовини;0,125;0,1;0,075;0,075;;0,075;0,125;0,13;0,1;0,05;0,075;;0,2;0,075;0,15;0,125;0,2;0,175;0,125;0,15;0,075;0,05;0,225;0,1;0,125;0,1;0,05;0,075;0,075
Горішні Плавні;4903360;Дiоксид сiрки;0,00425;0,00705;0,00765;0,0074;;0,00245;0,00185;0,00185;0,0083;0,00685;0,007325;;0,00695;0,006975;0,00825;0,0063;0,0069;0,0045;0,003025;0,004225;0,0018;0,006325;0,003625;0,003325;0,005475;0,007025;0,008025;0,005525;0,007925
Горішні Плавні;4903360;Оксид вуглецю;0,2;0,1;0,2;0,15;;0,15;0,2;0,2;0,25;0,15;0,1;;0,25;0,25;0,15;0,2;0,15;0,15;0,25;0,15;0,2;0,2;0,15;0,2;0,2;0,2;0,2;0,25;0,1
Горішні Плавні;4903360;Дiоксид азоту;0,012075;0,0153;0,0178;0,01915;;0,009775;0,004325;0,004975;0,032475;0,025525;0,032975;;0,029075;0,029625;0,0391;0,028075;0,02825;0,01935;0,0018;0,012;0,0042;0,018725;0,018225;0,017;0,030525;0,028225;0,036875;0,0441;0,0347
Горішні Плавні;4903360;Фенол;0;0,00185;0,0006;0,0006;;0;0,0019;0,0005;0,001;0,0003;0,0015;;0,0004;0,00045;0,0002;0,0008;0,00025;0,00025;0;0;0,0002;0;0;0;0,0005;0,0003;0,0004;0,0009;0,0004
Горішні Плавні;4903360;Сажа;0,00505;0,00765;0,0077;0;;0,0051;0,00775;0;0,00255;0,0026;0;;0,00255;0,0025;0,00255;0,00495;0,0025;0,0025;0,0025;0,01005;0,0075;0,01255;0,0177;0,0152;0,00765;0,00765;0,0051;0,01275;0,00505
Горішні Плавні;4903360;Хлористий водень;0,002833333;0;0,0044;0,003266667;;0,003233333;0;0;0,004233333;0,0029;0,005633333;;0,003266667;0,004166667;0,0034;0;0,005;0;0;0;0;0,0029;0,004266667;0;0;0,003233333;0,0044;0,004166667;0
Горішні Плавні;4903360;Амiак;0,00425;0,011;0,0075;0,0059;;0,00305;0,00185;0,007;0,0109;0,00465;0,0046;;0,00365;0,00305;0,0124;0,00525;0,0054;0,00515;0,0023;0,00665;0,0057;0,00605;0,0079;0,00775;0,01005;0,00395;0,01305;0,00615;0,00425
Бровари;5053080;Завислі речовини;0,052;0,0525;0,034;0,0505;;0,0515;0,0695;0,052;0,0345;0,053;0,034;;0,033;0,05;0,051;0,05;0,0525;0,034;0,0505;0,067;0,034;0,034;0,051;0,0685;0,052;0,035;0,0525;0,0505;0,052
Бровари;5053080;Дiоксид сiрки;0,031975;0,036025;0,035475;0,0347;;0,039;0,040875;0,0327;0,033625;0,050125;0,036025;;0,0417;0,035425;0,0397;0,034675;0,0365;0,035225;0,04045;0,0405;0,043525;0,0469;0,041025;0,04785;0,041325;0,04925;0,04385;0,0466;0,04275
Бровари;5053080;Оксид вуглецю;0,6;0,6;0,6;0,55;;0,55;0,55;0,65;0,65;0,6;0,65;;0,65;0,6;0,65;0,6;0,6;0,7;0,6;0,65;0,65;0,65;0,7;0,65;0,65;0,65;0,6;0,65;0,65
Бровари;5053080;Дiоксид азоту;0,0705;0,0703;0,073025;0,07735;;0,078525;0,066675;0,077875;0,0742;0,08475;0,066375;;0,070375;0,063425;0,066;0,076575;0,067475;0,077275;0,069075;0,070325;0,083625;0,076225;0,0681;0,07775;0,066075;0,0832;0,075175;0,07515;0,074
Обухів;5013060;Завислі речовини;;;;;;;;;;;;;0,0505;0,033;0,067;0,0505;0,0675;0,051;0,034;0,068;0,085;0,085;0,034;0,0685;0,0695;0,0525;0,0525;0,0855;0,0515
Обухів;5013060;Дiоксид сiрки;;;;;;;;;;;;;0,0432;0,050375;0,040875;0,047625;0,041925;0,051825;0,0396;0,0428;0,05165;0,04705;0,03545;0,03925;0,046075;0,0441;0,05385;0,055675;0,0403
Обухів;5013060;Оксид вуглецю;;;;;;;;;;;;;0,6;0,8;0,85;0,8;0,9;0,75;0,95;0,7;0,85;0,75;0,6;0,85;0,9;0,75;0,7;0,95;0,9
Обухів;5013060;Дiоксид азоту;;;;;;;;;;;;;0,06845;0,069525;0,060425;0,07195;0,057275;0,059725;0,06095;0,059775;0,0734;0,063675;0,077;0,05725;0,084325;0,066825;0,059325;0,074975;0,055175
Українка;5023080;Завислі речовини;;;;;;;;;;;;;0,033;0,049;0,0345;0,066;0,067;0,051;0,066;0,047;0,0505;0,034;0,0685;0,051;0,0515;0,051;0,0515;0,051;0,0335
Українка;5023081;Дiоксид сiрки;;;;;;;;;;;;;0,036375;0,042675;0,042825;0,0469;0,0373;0,045375;0,045425;0,044875;0,046425;0,049625;0,04585;0,04495;0,04705;0,056925;0,045425;0,04855;0,04945
Українка;5023082;Оксид вуглецю;;;;;;;;;;;;;0,765;0,75;0,72;0,895;0,855;0,92;0,875;0,79;0,685;0,56;0,92;1,17;0,665;1,04;0,645;0,845;0,845
Українка;5023083;Дiоксид азоту;;;;;;;;;;;;;0,0667;0,089625;0,088025;0,078725;0,088575;0,0965;0,0727;0,0912;0,081025;0,0667;0,091775;0,0719;0,083225;0,08745;0,077025;0,0936;0,087125
Житомир;5022870;Завислі речовини;0,0775;0,0795;0,095;0,0935;;0,076;0,07925;0,09625;0,07825;0,07025;0,086;;0,0755;0,09225;0,0765;0,0755;0,09225;0,0685;0,076;0,0755;0,07675;0,09475;0,0865;0,0775;0,07875;0,07875;0,0705;0,08675;0,0695
Житомир;5022871;Дiоксид сiрки;0,0378625;0,0387375;0,03985;0,036575;;0,037975;0,036925;0,0382;0,038475;0,0384875;0,0369125;;0,0351125;0,0383375;0,0358875;0,036775;0,03585;0,0362;0,037625;0,0360875;0,0352;0,0383;0,038725;0,0358625;0,0347625;0,0399625;0,0355625;0,0393875;0,0359625
Житомир;5022872;Оксид вуглецю;0,595;0,6925;0,815;0,72;;0,6725;0,6675;0,76;0,7975;0,68;0,67;;0,7;0,7725;0,81;0,69;0,615;0,6075;0,715;0,74;0,7475;0,6575;0,775;0,545;0,645;0,5775;0,6725;0,94;0,71
Житомир;5022872;Дiоксид азоту;0,107075;0,100125;0,096825;0,096575;;0,0933875;0,0967875;0,1024;0,1017;0,09915;0,0926;;0,08985;0,0946625;0,0981875;0,086425;0,0948125;0,0885375;0,0987375;0,0949875;0,08725;0,090375;0,0997625;0,0947375;0,0913625;0,1026;0,09305;0,10325;0,1004625
Чернігів;5143130;Завислі речовини;0,09;0,0655;0,11475;0,076;;0,07525;0,08975;0,1165;0,10275;0,0655;0,11475;;0,11175;0,1115;0,151;0,075;0,114;0,12725;0,1265;0,10025;0,1005;0,139;0,127;0,11475;0,10375;0,091;0,078;0,12675;0,0895
Чернігів;5143131;Дiоксид сiрки;0,0444625;0,0416375;0,04095;0,046725;;0,04615;0,0490625;0,0466625;0,0435375;0,0498375;0,0428;;0,0379;0,0433;0,0383625;0,0361125;0,0345375;0,0376375;0,035775;;;0,040175;0,042775;0,0461625;0,042775;0,0456;0,0420875;0,044175;0,0341125
Чернігів;5143132;Оксид вуглецю;0,3225;0,32;0,595;0,3975;;0,3625;0,51;0,5725;0,38;0,37;0,3325;;0,405;0,3;0,4375;0,4825;0,31;0,2975;0,35;0,29;0,34;0,31;0,395;0,3275;0,415;0,365;0,3475;0,6525;0,315
Чернігів;5143133;Дiоксид азоту;0,08565;0,0852125;0,0786625;0,0766375;;0,082225;0,0701875;0,085225;0,0715375;0,0882125;0,0804875;;0,0841;0,0790375;0,0754625;0,071;0,078975;0,0764;0,0829625;;;0,0797375;0,0681;0,074775;0,0870375;0,0863125;0,0791875;0,0776125;0,080375
