city;coordinateNumber;nameImpurity;1September;2September;3September;4September;5September;6September;7September;8September;9September;10September;11September;12September;13September;14September;15September;16September;17September;18September;19September;20September;21September;22September;23September;24September;25September;26September;27September;28September;29September;30September;;;;;;;;;;;;
Київ;5053050;Завислі речовини;null;0,0794;0,0768;0,080047619;0,084318182;0,079380952;0,082923077;null;0,077923077;0,079730769;0,082541667;0,079038462;0,074964;0,083115385;null;0,077076923;0,077115385;0,076730769;0,076296296;0,081642857;0,079214286;null;0,082142857;0,081035714;0,081178571;0,076321429;0,081214286;0,081178571;null;0,077285714;;;;;;;;;;;;
Київ;5053050;Дiоксид сiрки;null;0,06899697;0,063327778;0,057711429;0,060852778;0,061965714;0,056442105;null;0,060202632;0,058692105;0,056097368;0,056414286;0,057085366;0,058443902;null;0,061756098;0,056952381;0,054419048;0,057538095;0,063080952;0,057483333;null;0,056633333;0,05772381;0,056495238;0,055354762;0,056730952;0,0589;null;0,058519048;;;;;;;;;;;;
Київ;5053050;Сульфати;null;0,014;0,017;0,023;0,013;0,016;0,0175;null;0,02;0,0175;0,016;0,0175;0,02;0,017;null;0,021;0,016;0,014;0,014;0,025;0,0205;null;0,017;0,016;0,018;0,0155;0,0145;0,012;null;0,012;;;;;;;;;;;;
Київ;5053050;Оксид вуглецю;null;1,45;1,361333333;1,182333333;1,068333333;0,879666667;1,067666667;null;1,202333333;1,014;0,898666667;0,8828125;1,1071875;1,115;null;0,7625;0,9181875;1,0771875;0,93;1,7065625;1,1678125;null;1,1453125;1,4753125;0,8203125;0,7990625;0,6521875;0,7828125;null;0,7546875;;;;;;;;;;;;
Київ;5053050;Дiоксид азоту;null;0,162127273;0,178255556;0,199194286;0,153266667;0,151545714;0,146023684;null;0,144255263;0,144981579;0,137865789;0,149164286;0,134770732;0,145604878;null;0,144839024;0,142333333;0,132088095;0,12665;0,121992857;0,137164286;null;0,125530952;0,145321429;0,141930952;0,142652381;0,134461905;0,142771429;null;0,115066667;;;;;;;;;;;;
Київ;5053050;Сiрководень;null;0,00254;0,002733333;0,0025;0,002466667;0,00235;0,002416667;null;0,001716667;0,001833333;0,001833333;0,00195;0,001883333;0,002266667;null;0,002633333;0,002466667;0,00245;0,00285;0,00275;0,003933333;null;0,0035;0,003533333;0,003166667;0,002933333;0,00265;0,002666667;null;0,001933333;;;;;;;;;;;;
Київ;5053050;Фенол;null;0,0063;0,005922222;0,0059875;0,005888889;0,005744444;0,00503;null;0,00496;0,0052;0,00541;0,004792857;0,004823077;0,005015385;null;0,004676923;0,004885714;0,004814286;0,004557143;0,004757143;0,004135714;null;0,004078571;0,004235714;0,004292857;0,003985714;0,004178571;0,004171429;null;0,003985714;;;;;;;;;;;;
Київ;5053050;Фтористий водень;null;0,001181818;0,00112;0,001066667;0,001233333;0,0012;0,000885714;null;0,001042857;0,001;0,001157143;0,001171429;0,001169231;0,001142857;null;0,001114286;0,001014286;0,000914286;0,000971429;0,001185714;0,001057143;null;0,000985714;0,001028571;0,001057143;0,001042857;0,000957143;0,000828571;null;0,000842857;;;;;;;;;;;;
Київ;5053050;Хлористий водень;null;0,098583333;0,0866;0,088610526;0,099577778;0,091294444;0,07413;null;0,078795;0,076255;0,07449;0,076125;0,072705263;0,066515;null;0,06915;0,068285;0,06854;0,06858;0,08294;0,077935;null;0,079985;0,08227;0,075305;0,066975;0,08265;0,06823;null;0,07505;;;;;;;;;;;;
Київ;5053050;Амiак;null;0,009878571;0,008914286;0,008993333;0,009633333;0,009207143;0,0089625;null;0,00841875;0,00828125;0,00803125;0,008466667;0,008572222;0,008911111;null;0,009311111;0,008588889;0,007938889;0,008705556;0,012672222;0,011972222;null;0,011072222;0,00895;0,008866667;0,008305556;0,0088;0,009894444;null;0,0087;;;;;;;;;;;;
Київ;5053050;Формальдегiд;null;0,006386111;0,005522222;0,006078947;0,005931579;0,005511111;0,006042857;null;0,005980952;0,005988095;0,005509524;0,0055;0,006095455;0,006517778;null;0,00718;0,007069565;0,00621087;0,006019565;0,007213043;0,006491304;null;0,006865217;0,006634783;0,006;0,006054348;0,006113043;0,005091304;null;0,004643478;;;;;;;;;;;;
Вінниця;4922860;Завислі речовини;null;0,35;0,25;0,25;0,5;0,275;0,25;null;0;0;0,025;0,1;0;0,125;null;0,25;0,4;0,375;0;0,025;0;null;0;0,025;0,025;0,05;0,175;0,25;null;0;;;;;;;;;;;;
Вінниця;4922860;Дiоксид сiрки;null;0,0011;0;0;0,00055;0;0;null;0;0,00055;0;0,000825;0,0030125;0,00055;null;0,00055;0,00055;0;0,0002625;0;0;null;0,00055;0,000275;0,0010875;0,0005375;0,000825;0,0008125;null;0;;;;;;;;;;;;
Вінниця;4922860;Оксид вуглецю;null;0,975;0,975;1,15;1,15;0,975;1;null;1,15;1,175;1,125;1,175;0,975;0,85;null;1,05;1,125;0,925;1;1,175;1,15;null;1,275;1,025;1,05;1,1;1;0,875;null;0,9;;;;;;;;;;;;
Вінниця;4922860;Дiоксид азоту;null;0,063275;0,056775;0,0578375;0,0971125;0,065375;0,082125;null;0,134425;0,0682;0,0903125;0,097825;0,1032125;0,0475375;null;0,0628625;0,0991125;0,094;0,058375;0,09275;0,070275;null;0,06355;0,1132875;0,081075;0,0593625;0,10955;0,0866375;null;0,065325;;;;;;;;;;;;
Вінниця;4922860;Фтористий водень;null;0,007625;0,01175;0,002275;0,0128375;0,0034375;0,0107625;null;0,007175;0,0057875;0,009125;0,0080125;0,0026625;0,0064375;null;0,00565;0,000375;0,0128;0,00735;0,0066;0,0088875;null;0,0056125;0,003275;0,006325;0,0075375;0,0076625;0,0120625;null;0,0128;;;;;;;;;;;;
Вінниця;4922860;Амiак;null;0,011575;0,01755;0,0038;0,0172;0,011425;0,024375;null;0,03025;0,0134;0,00975;0,034425;0,023125;0,00775;null;0,003825;0,018925;0,018375;0,003625;0,005675;0,0266;null;0,0077;0,009325;0,00575;0,02645;0,009625;0;null;0,005575;;;;;;;;;;;;
Вінниця;4922860;Формальдегiд;null;0,00625;0,01145;0,010275;0,015525;0,0072;0,004075;null;0,02045;0,00825;0,0198;0,0166;0,017725;0,0083;null;0,009325;0,009175;0,017;0,008075;0,012025;0,018325;null;0,01215;0,01005;0,00715;0,0113;0,00835;0,00825;null;0,00505;;;;;;;;;;;;
Луцьк;5082530;Завислі речовини;null;0,116666667;0,1;0,083333333;0,05;0,1;0,033333333;null;0,1;0,116666667;0,066666667;0,066666667;0,066666667;0,016666667;null;0,066666667;0,033333333;0,033333333;0,066666667;0,116666667;0,033333333;null;0,1;0,116666667;0,066666667;0,083333333;0,1;0,05;null;0,033333333;;;;;;;;;;;;
Луцьк;5082530;Дiоксид сiрки;null;0,001966667;0,001925;0,003275;0,001891667;0,002183333;0,002641667;null;0,0027;0,002016667;0,002466667;0,003558333;0,002366667;0,002641667;null;0,002008333;0,002625;0,002541667;0,002858333;0,0032;0,002725;null;0,002083333;0,003533333;0,00255;0,002991667;0,003366667;0,002925;null;0,002575;;;;;;;;;;;;
Луцьк;5082530;Сульфати;null;0,01;0,02;0,01;0,005;0,01;0,005;null;0,01;0,01;0,01;0,01;0,01;0;null;0,005;0,01;0,015;0,01;0,01;0;null;0,015;0,01;0,01;0,005;0,01;0,005;null;0,01;;;;;;;;;;;;
Луцьк;5082530;Оксид вуглецю;null;0,166666667;0;0;0;0,333333333;0;null;0,166666667;0;0,166666667;0;0,166666667;0;null;0;0;0,166666667;0,166666667;0,833333333;0;null;0,333333333;0;0,166666667;0,333333333;0,166666667;0;null;0;;;;;;;;;;;;
Луцьк;5082530;Дiоксид азоту;null;0,066866667;0,076116667;0,081633333;0,050366667;0,045075;0,033333333;null;0,042408333;0,053616667;0,058083333;0,06355;0,076366667;0,063341667;null;0,067183333;0,064141667;0,068741667;0,081641667;0,051558333;0,0409;null;0,066675;0,075708333;0,0754;0,078808333;0,0655;0,051333333;null;0,086833333;;;;;;;;;;;;
Луцьк;5082530;Оксид азоту;null;0,0461;0,047275;0,05305;0,0263;0,02415;0,01155;null;0,016375;0,01705;0,014875;0,0233;0,028075;0,024075;null;0,015275;0,018875;0,02435;0,033525;0,029775;0,021025;null;0,03745;0,027125;0,029125;0,033425;0,031425;0,02595;null;0,056975;;;;;;;;;;;;
Луцьк;5082530;Фенол;null;0,006741667;0,008066667;0,007483333;0,006141667;0,005933333;0,005716667;null;0,007383333;0,00645;0,006941667;0,007166667;0,007466667;0,005116667;null;0,006966667;0,007416667;0,006908333;0,005841667;0,006233333;0,005416667;null;0,0073;0,006808333;0,006483333;0,006966667;0,00805;0,005483333;null;0,006483333;;;;;;;;;;;;
Луцьк;5082530;Формальдегiд;null;0,010025;0,0067625;0,0109;0,007975;0,003;0,0056;null;0,005825;0,0098125;0,0052875;0,008625;0,0104;0,006225;null;0,0143875;0,012525;0,007975;0,0089;0,0079875;0,0062125;null;0,012025;0,016325;0,0147125;0,0122125;0,0130875;0,0074125;null;0,0067125;;;;;;;;;;;;
Ужгород;4862230;Завислі речовини;null;0,2625;0,3;0,265;0,2475;0,25;0,2025;null;0,205;0,17;0,14;0,135;0,1475;0,0975;null;0,1125;0,145;0,1375;0,1375;0,1375;0,145;null;0,1525;0,185;0,15;0,1775;0,21;0,22;null;0,16;;;;;;;;;;;;
Ужгород;4862230;Дiоксид сiрки;null;0,015375;0,016625;0,0165;0,0155;0,016125;0,01475;null;0,016375;0,01275;0,0145;0,012625;0,01375;0,016875;null;0,013625;0,012375;0,011375;0,014375;0,01375;0,01175;null;0,015875;0,01375;0,01325;0,017;0,01375;0,013375;null;0,013375;;;;;;;;;;;;
Ужгород;4862230;Сульфати;null;0,005;0,003;0,005;0,007;0,0085;0,01;null;0,0085;0,0065;0,0075;0,0045;0,007;0,009;null;0,005;0,0065;0,009;0,0095;0,006;0,0075;null;0,0065;0,006;0,0075;0,0075;0,0055;0,006;null;0,0075;;;;;;;;;;;;
Ужгород;4862230;Оксид вуглецю;null;0,7625;0,805;0,7825;0,795;0,8075;0,82;null;0,8275;0,945;0,865;0,82;0,8525;0,825;null;0,875;1,0475;0,855;0,82;1,335;0,8475;null;0,895;1,005;0,9025;1,0825;0,9125;0,8625;null;0,8125;;;;;;;;;;;;
Ужгород;4862230;Дiоксид азоту;null;0,074875;0,063625;0,075875;0,062;0,068875;0,075375;null;0,081625;0,078125;0,061625;0,046625;0,0535;0,053125;null;0,11925;0,0695;0,03725;0,04625;0,07525;0,058;null;0,078;0,076;0,05425;0,047125;0,065125;0,0575;null;0,04725;;;;;;;;;;;;
Ужгород;4862230;Оксид азоту;null;0,04825;0,034;0,03975;0,0335;0,03625;0,0505;null;0,04425;0,04125;0,03575;0,0375;0,042;0,0285;null;0,08925;0,03675;0,026;0,029;0,0465;0,0375;null;0,0555;0,03575;0,02575;0,0295;0,032;0,041;null;0,02425;;;;;;;;;;;;
Ужгород;4862230;Формальдегiд;null;0,009625;0,010625;0,01;0,007875;0,007875;0,007875;null;0,008125;0,00675;0,007125;0,005375;0,006375;0,006375;null;0,008;0,0075;0,005625;0,004625;0,0075;0,007;null;0,007625;0,007875;0,006;0,0065;0,007375;0,00575;null;0,005625;;;;;;;;;;;;
Запоріжжя;4793510;Завислі речовини;null;0,13;0,14;0,13;0,15;0,12;0,12;null;0,12;0,11;0,14;0,16;0,11;0,1;null;0,122222222;0,14;0,11;0,13;0,08;0,08;null;0,08;0,12;0,12;0,07;0,1;0,08;null;0,19;;;;;;;;;;;;
Запоріжжя;4793510;Дiоксид сiрки;null;0,007153846;0,006435714;0,006592857;0,005971429;0,008378571;0,007671429;null;0,006976923;0,0068;0,006721429;0,008171429;0,007328571;0,00795;null;0,008466667;0,007742857;0,007657143;0,008085714;0,008678571;0,00585;null;0,006207692;0,006385714;0,007321429;0,00575;0,006935714;0,0079;null;0,008138462;;;;;;;;;;;;
Запоріжжя;4793510;Сульфати;null;0,02;0,02;0,02;0,02;0,01;0,015;null;0,02;0,025;0,015;0,015;0,01;0,02;null;0,02;0,01;0,01;0,01;0,015;0,01;null;0,015;0,015;0,015;0,01;0,01;0,01;null;0,02;;;;;;;;;;;;
Запоріжжя;4793510;Оксид вуглецю;null;0,57;0,76;0,94;0,74;0,72;0,73;null;0,76;0,68;0,7;0,6;0,83;0,47;null;0,79;0,68;0,77;0,53;0,551;0,472;null;0,772;0,54;0,58;0,43;0,56;0,71;null;1,04;;;;;;;;;;;;
Запоріжжя;4793510;Дiоксид азоту;null;0,086269231;0,081142857;0,086714286;0,091128571;0,103092857;0,065085714;null;0,075176923;0,089728571;0,066157143;0,084871429;0,066178571;0,06315;null;0,078508333;0,071764286;0,080264286;0,073685714;0,105328571;0,087228571;null;0,095946154;0,080657143;0,079;0,056285714;0,050207143;0,064978571;null;0,079353846;;;;;;;;;;;;
Запоріжжя;4793510;Оксид азоту;null;0,037933333;0,055966667;0,0416;0,056333333;0,062933333;0,0417;null;0,048633333;0,034966667;0,0424;0,051666667;0,051733333;0,051833333;null;0,051466667;0,041933333;0,0392;0,048166667;0,064366667;0,062333333;null;0,0648;0,053333333;0,053266667;0,039233333;0,050833333;0,0301;null;0,055566667;;;;;;;;;;;;
Запоріжжя;4793510;Сiрководень;null;0,004822222;0,003045455;0,003281818;0,003018182;0,003227273;0,0031;null;0,002933333;0,002809091;0,003263636;0,003336364;0,0034;0,003281818;null;0,003675;0,003254545;0,003190909;0,003354545;0,003590909;0,0039;null;0,004033333;0,003736364;0,003109091;0,002909091;0,002672727;0,003036364;null;0,0043;;;;;;;;;;;;
Запоріжжя;4793510;Фенол;null;0,006533333;0,00786;0,00764;0,00878;0,00777;0,00495;null;0,005788889;0,00822;0,0061;0,00714;0,00626;0,00726;null;0,007011111;0,00553;0,00545;0,0066;0,00783;0,00683;null;0,008677778;0,00626;0,00695;0,00563;0,00536;0,00582;null;0,008488889;;;;;;;;;;;;
Запоріжжя;4793510;Фтористий водень;null;0,000366667;0,00035;0,00045;0,00035;0,00035;0;null;0;0,00045;0;0;0,00045;0,0004;null;0,00035;0;0;0,00035;0,000625;0,000975;null;0,000666667;0,000175;0,00035;0;0;0;null;0,001333333;;;;;;;;;;;;
Запоріжжя;4793510;Хлористий водень;null;0,043216667;0,0492625;0,0422375;0,05355;0,0546625;0,040925;null;0,036983333;0,0425875;0,0362;0,040275;0,043025;0,0416875;null;0,0498;0,0398875;0,0395125;0,0484375;0,0484625;0,046025;null;0,0478;0,0383;0,0449;0,0408625;0,043475;0,043525;null;0,049433333;;;;;;;;;;;;
Запоріжжя;4793510;Формальдегiд;null;0,009966667;0,009875;0,009325;0,007725;0,006825;0,006775;null;0,006533333;0,008025;0,00795;0,01015;0,00915;0,006925;null;0,008666667;0,006125;0,00895;0,0074;0,008075;0,006425;null;0,009266667;0,005925;0,0078;0,0054;0,0059;0,00625;null;0,012233333;;;;;;;;;;;;
Івано-Франківськ;4892470;Завислі речовини;null;0,16;0,165;0,18;0,19;0,18;0,205;null;0,155;0,145;0,115;0,15;0,145;0,145;null;0,155;0,115;0,155;0,15;0,15;0,17;null;0,15;0,135;0,17;0,15;0,145;0,145;null;0,155;;;;;;;;;;;;
Івано-Франківськ;4892470;Дiоксид сiрки;null;0,006;0,004333333;0,0031;0,00365;0,009666667;0,009675;null;0,004425;0,004425;0,0012;0,0024;0,00365;0,0012;null;0,002775;0,00235;0,0023;0,002725;0,001975;0,002725;null;0,00395;0,00395;0,003575;0,00355;0,00285;0,0024;null;0,0027;;;;;;;;;;;;
Івано-Франківськ;4892470;Оксид вуглецю;null;3,2;2,85;2,1;3,15;2,1;3,2;null;1,8;1,85;1,4;1,95;2,15;1,85;null;1,85;1,55;1,95;2,15;2,05;2,15;null;1,95;1,6;2;1,9;1,9;2,3;null;2,15;;;;;;;;;;;;
Івано-Франківськ;4892470;Дiоксид азоту;null;0,0927;0,056833333;0,0296;0,049975;0,046266667;0,04855;null;0,03635;0,04645;0,03255;0,041475;0,039775;0,038075;null;0,05325;0,038975;0,05185;0,0503;0,058275;0,06055;null;0,04405;0,055475;0,04335;0,036025;0,0365;0,0456;null;0,03635;;;;;;;;;;;;
Івано-Франківськ;4892470;Оксид азоту;null;0,060066667;0,037733333;0,02025;0,03315;0,030666667;0,031875;null;0,02435;0,0302;0,022525;0,027575;0,02655;0,025075;null;0,034325;0,026375;0,033825;0,033275;0,037725;0,036225;null;0,02905;0,037525;0,02945;0,02495;0,02455;0,029675;null;0,02435;;;;;;;;;;;;
Дніпро;4863510;Завислі речовини;null;0,275;0,325;0,275;0,35;0,275;0,2625;null;0,2375;0,1875;0,225;0,25;0,2;0,2625;null;0,2375;0,2625;0,225;0,25;0,3;0,2;null;0,2375;0,2625;0,2875;0,2875;0,325;0,2625;null;0,675;;;;;;;;;;;;
Дніпро;4863510;Дiоксид сiрки;null;0,012555556;0,008708333;0,009416667;0,01175;0,007875;0,009833333;null;0,010888889;0,008458333;0,013791667;0,0085;0,024458333;0,024583333;null;0,016888889;0,020083333;0,012583333;0,016375;0,013333333;0,009041667;null;0,008444444;0,018875;0,015875;0,017041667;0,017708333;0,014166667;null;0,016333333;;;;;;;;;;;;
Дніпро;4863510;Оксид вуглецю;null;2,416666667;2,333333333;2,5;2,166666667;2,25;2,25;null;2,666666667;2,25;2,333333333;2,583333333;3;2,416666667;null;2,083333333;1,833333333;2,083333333;2,333333333;2,583333333;2,166666667;null;2,333333333;1,916666667;2,416666667;2,416666667;2,416666667;2,083333333;null;2,416666667;;;;;;;;;;;;
Дніпро;4863510;Дiоксид азоту;null;0,11;0,07;0,077916667;0,062916667;0,057083333;0,060416667;null;0,074444444;0,059583333;0,07625;0,087916667;0,084583333;0,079166667;null;0,066111111;0,064583333;0,061666667;0,075833333;0,077916667;0,0675;null;0,072777778;0,059583333;0,067083333;0,06625;0,05625;0,06375;null;0,077777778;;;;;;;;;;;;
Дніпро;4863510;Оксид азоту;null;0,046666667;0,03;0,04;0,035;0,0275;0,0275;null;0,04;0,0325;0,04;0,0475;0,04;0,045;null;0,043333333;0,04;0,035;0,045;0,04;0,0375;null;0,046666667;0,0325;0,0375;0,0375;0,0275;0,0375;null;0,033333333;;;;;;;;;;;;
Дніпро;4863510;Сiрководень;null;0,002111111;0,001875;0,002166667;0,003333333;0,0015;0,004416667;null;0,002722222;0,000916667;0,001833333;0,003;0,002291667;0,00275;null;0,0015;0,002416667;0,001125;0,002125;0,001916667;0,003166667;null;0,0015;0,00275;0,001625;0,002833333;0,001541667;0,0025;null;0,001555556;;;;;;;;;;;;
Дніпро;4863510;Фенол;null;0,003444444;0,002333333;0,003416667;0,002416667;0,001833333;0,00275;null;0,002666667;0,003;0,003083333;0,002666667;0,001083333;0,00225;null;0,001444444;0,003083333;0,001416667;0,0035;0,003166667;0,00325;null;0,002222222;0,0025;0,001333333;0,001916667;0,002333333;0,002083333;null;0,002;;;;;;;;;;;;
Дніпро;4863510;Амiак;null;0,05;0,03625;0,05;0,05125;0,055;0,05375;null;0,045;0,035;0,055;0,0525;0,05875;0,0625;null;0,053333333;0,06125;0,05;0,05;0,0425;0,0375;null;0,045;0,0425;0,035;0,03875;0,0525;0,04375;null;0,05;;;;;;;;;;;;
Дніпро;4863510;Формальдегiд;null;0,024;0,018583333;0,018083333;0,023583333;0,019916667;0,0185;null;0,021777778;0,016416667;0,018333333;0,022416667;0,0215;0,021416667;null;0,019888889;0,018;0,016916667;0,01475;0,015833333;0,017416667;null;0,019222222;0,01675;0,01525;0,016833333;0,0175;0,019916667;null;0,021333333;;;;;;;;;;;;
Кривий Ріг;4793340;Завислі речовини;null;0,5;0,485714286;0,4;0,375;0,385714286;0,35;null;0,3875;0,3125;0,3875;0,44;0,3;0,67;null;0,79;0,56;0,17;0,3;0,4;0,31;null;0,34;0,37;0,39;0,34;0,36;0,35;null;1,01;;;;;;;;;;;;
Кривий Ріг;4793340;Дiоксид сiрки;null;0,02675;0,029555556;0,0318;0,0307;0,029222222;0,0306;null;0,024625;0,0197;0,0299;0,038461538;0,038923077;0,037;null;0,0334;0,034307692;0,021769231;0,031307692;0,024153846;0,025692308;null;0,0264;0,033692308;0,031615385;0,035230769;0,043538462;0,034;null;0,0229;;;;;;;;;;;;
Кривий Ріг;4793340;Оксид вуглецю;null;1,25;1,125;1,375;1;1;1;null;1;1,25;1;1,7;1,6;1,2;null;1,3;1,2;1,1;1;1,2;1;null;1,2;1,4;1,3;1,101;1,401;1,5;null;1,6;;;;;;;;;;;;
Кривий Ріг;4793340;Дiоксид азоту;null;0,03;0,03;0,034;0,029;0,031111111;0,03;null;0,0325;0,05;0,067;0,057692308;0,045384615;0,036923077;null;0,05;0,033846154;0,044615385;0,036923077;0,026153846;0,030769231;null;0,042;0,039384615;0,044615385;0,025384615;0,036153846;0,036923077;null;0,105;;;;;;;;;;;;
Кривий Ріг;4793340;Оксид азоту;null;0,025;0,02;0,016666667;0,02;0,026666667;0,03;null;0,02;0,026666667;0,036666667;0,04;0,026666667;0,026666667;null;0,045;0,026666667;0,026666667;0,02;0,023333333;0,023333333;null;0,04;0,016666667;0,01;0,016666667;0,016666667;0,02;null;0,0065;;;;;;;;;;;;
Кривий Ріг;4793340;Сiрководень;null;0,00075;0,000857143;0,000875;0,000875;0,000857143;0,000875;null;0,000625;0,00125;0,0015;0,0015;0,0018;0,0013;null;0,0013;0,001;0,0009;0,001;0,0007;0,0009;null;0,001;0,0015;0,0012;0,0011;0,0016;0,0012;null;0,0008;;;;;;;;;;;;
Кривий Ріг;4793340;Фенол;null;0,001666667;0,001866667;0,0020625;0,0016875;0,0014;0,0018125;null;0,001166667;0,0020625;0,00275;0,00255;0,0034;0,0026;null;0,003133333;0,00295;0,0017;0,0018;0,0012;0,0018;null;0,001866667;0,0023;0,00265;0,00245;0,00435;0,00275;null;0,001666667;;;;;;;;;;;;
Кривий Ріг;4793340;Амiак;null;0,009166667;0,01;0,01;0,01;0,009333333;0,01;null;0,009166667;0,009375;0,011875;0,01;0,0135;0,01;null;0,012;0,0105;0,0085;0,01;0,0095;0,01;null;0,01;0,0105;0,012;0,0105;0,011;0,011;null;0,009333333;;;;;;;;;;;;
Кривий Ріг;4793340;Формальдегiд;null;0,018333333;0,016;0,01825;0,016875;0,0154;0,0155;null;0,012833333;0,011375;0,016125;0,015;0,02225;0,0214;null;0,029733333;0,02125;0,0156;0,0135;0,0147;0,0157;null;0,011066667;0,01415;0,0161;0,0142;0,0148;0,0145;null;0,017533333;;;;;;;;;;;;
Кам'янське;4853460;Завислі речовини;null;0,4726;0,4188875;0,3673875;0,3807;0,400175;0,4055875;null;0,1942625;0,2221;0,31455;0,2228125;0,1809;0,291625;null;0,441;0,49645;0,162225;0,457325;0,348675;0,371025;null;0,46135;0,381925;0,434225;0,2847;0,442125;0,4086;null;0,612333333;;;;;;;;;;;;
Кам'янське;4853460;Дiоксид сiрки;null;0,0107875;0,0078125;0,0085375;0,0083875;0,008225;0,0071875;null;0,0068375;0,007275;0,0073625;0,0079125;0,0072375;0,00795;null;0,0085;0,010275;0,0105;0,009875;0,009225;0,00855;null;0,008425;0,0097;0,0088;0,0106;0,009025;0,0098;null;0,007633333;;;;;;;;;;;;
Кам'янське;4853460;Оксид вуглецю;null;3,5;3,75;4,375;3,5;3,625;4;null;4;3,625;4,125;4;4,125;4,25;null;4,75;4,25;4,25;3,75;4;4,75;null;4,25;4,75;4;4,5;4;4,25;null;3,833333333;;;;;;;;;;;;
Кам'янське;4853460;Дiоксид азоту;null;0,137633333;0,1257;0,1339125;0,1353125;0,14431875;0,14935625;null;0,131208333;0,13531875;0,16234375;0,15363125;0,137125;0,1283;null;0,134566667;0,111125;0,0972;0,144725;0,1684625;0,1242375;null;0,1528;0,139825;0,10605;0,14365;0,1149125;0,12285;null;0,12806;;;;;;;;;;;;
Кам'янське;4853460;Оксид азоту;null;0,074033333;0,055925;0,072975;0,066775;0,07515;0,0821;null;0,064466667;0,069525;0,071125;0,08615;0,05955;0,05575;null;0,058033333;0,045875;0,04425;0,0474;0,0747;0,0663;null;0,0648;0,06205;0,051925;0,05515;0,0524;0,0617;null;0,045533333;;;;;;;;;;;;
Кам'янське;4853460;Сiрководень;null;0,006036364;0,005313333;0,005653333;0,005366667;0,005053333;0,004586667;null;0,004472727;0,004286667;0,00434;0,004526667;0,004486667;0,0042375;null;0,00505;0,0041875;0,00345;0,0037625;0,004225;0,0050375;null;0,003633333;0,0062375;0,0058125;0,0054875;0,005125;0,00545;null;0,005555556;;;;;;;;;;;;
Кам'янське;4853460;Фенол;null;0,007175;0,00634375;0,006075;0,0054875;0,00525625;0,0045875;null;0,005275;0,00496875;0,004625;0,00649375;0,00630625;0,0079125;null;0,007416667;0,0045375;0,0096625;0,00545;0,00525;0,0049625;null;0,005533333;0,0056625;0,0044625;0,0077;0,0064125;0,0055875;null;0,00532;;;;;;;;;;;;
Кам'янське;4853460;Амiак;null;0,0542625;0,05915;0,0493625;0,0457125;0,05075;0,0474625;null;0,0464875;0,0451625;0,049825;0,0494875;0,0454875;0,05355;null;0,05405;0,0526;0,04715;0,0491;0,054225;0,04425;null;0,05165;0,0538;0,05405;0,0519;0,04415;0,0416;null;0,054333333;;;;;;;;;;;;
Кам'янське;4853460;Формальдегiд;null;0,0135375;0,0128;0,011675;0,012175;0,012975;0,0121;null;0,012075;0,0106875;0,0134875;0,0119375;0,0116375;0,0122;null;0,013175;0,014;0,01365;0,01175;0,009975;0,011475;null;0,01195;0,01845;0,017325;0,017775;0,016475;0,016725;null;0,0136;;;;;;;;;;;;
Кропивницький;4853220;Завислі речовини;null;0,233333333;0,266666667;0,3;0,15;0,25;0,25;null;0,2;0,333333333;0,4;0,283333333;0,3;0,333333333;null;0,35;0,3;0,316666667;0,25;0,233333333;0,283333333;null;0,2;0,233333333;0,266666667;0,3;0,333333333;0,283333333;null;0,4;;;;;;;;;;;;
Кропивницький;4853220;Дiоксид сiрки;null;0,028644444;0,020858333;0,023458333;0,02185;0,017575;0,018958333;null;0,017255556;0,02425;0,015841667;0,021908333;0,019658333;0,023283333;null;0,018188889;0,022158333;0,015658333;0,0262;0,02245;0,016125;null;0,0152;0,017916667;0,019633333;0,018183333;0,020391667;0,022691667;null;0,027188889;;;;;;;;;;;;
Кропивницький;4853220;Сульфати;null;0,005;0,015;0,005;0,01;0;0,005;null;0,01;0,005;0,015;0;0,005;0,015;null;0;0,005;0,01;0,005;0;0,005;null;0;0,01;0,01;0,01;0;0,005;null;0,005;;;;;;;;;;;;
Кропивницький;4853220;Оксид вуглецю;null;2,333333333;3,333333333;2,333333333;2;2,166666667;2,166666667;null;2,166666667;2,5;3;3,166666667;3,166666667;4,166666667;null;3,5;2,666666667;2,166666667;2,166666667;1,5;2,166666667;null;2,5;3;3,666666667;3;3,666666667;3,833333333;null;3;;;;;;;;;;;;
Кропивницький;4853220;Дiоксид азоту;null;0,028388889;0,027608333;0,02835;0,030283333;0,022175;0,028983333;null;0,027211111;0,036966667;0,028683333;0,029975;0,03275;0,037733333;null;0,03;0,023341667;0,030758333;0,033125;0,02415;0,0299;null;0,024766667;0,035475;0,023133333;0,030816667;0,027775;0,03105;null;0,033822222;;;;;;;;;;;;
Кропивницький;4853220;Оксид азоту;null;0,016433333;0,019675;0,014425;0,010925;0,0207;0,019025;null;0,0149;0,016;0,01935;0,016125;0,0184;0,014875;null;0,016066667;0,0159;0,020075;0,0209;0,011775;0,017625;null;0,0116;0,0204;0,013675;0,0162;0,01905;0,01355;null;0,022766667;;;;;;;;;;;;
Кропивницький;4853220;Сажа;null;0,033333333;0,02;0,026666667;0,03;0,036666667;0,03;null;0,038333333;0,033333333;0,026666667;0,031666667;0,035;0,025;null;0,041666667;0,028333333;0,036666667;0,033333333;0,031666667;0,028333333;null;0,02;0,025;0,023333333;0,021666667;0,018333333;0,023333333;null;0,035;;;;;;;;;;;;
Кропивницький;4853220;Формальдегiд;null;0,004333333;0,0067;0,005366667;0,0043;0,006333333;0,005033333;null;0,0062;0,003466667;0,0072;0,007733333;0,01;0,007766667;null;0,0094;0,010066667;0,0062;0,0125;0,006433333;0,003933333;null;0,0102;0,0048;0,005333333;0,0059;0,006;0,0043;null;0,0085;;;;;;;;;;;;
Світловодськ;4903340;Завислі речовини;null;null;0,15;0,1;0,1;0,05;null;null;0,1;0,1;0,15;0,1;0,1;null;null;0,1;0,15;0,1;0,05;0,1;null;null;0,05;0,05;0;0,1;0;null;null;0,15;;;;;;;;;;;;
Світловодськ;4903340;Дiоксид сiрки;null;null;0,048966667;0,044766667;0,0429;0,064566667;null;null;0,031366667;0,017733333;0,038466667;0,024833333;0,0362;null;null;0,038066667;0,0645;0,085233333;0,041433333;0,039233333;null;null;0,019766667;0,037633333;0,0442;0,035366667;0,0311;null;null;0,0868;;;;;;;;;;;;
Світловодськ;4903340;Сульфати;null;null;0;0;0,005;0,005;null;null;0;0;0,005;0,01;0,01;null;null;0,005;0,005;0,005;0;0;null;null;0;0,01;0,01;0;0,005;null;null;0;;;;;;;;;;;;
Світловодськ;4903340;Оксид вуглецю;null;null;1;1;1;1,5;null;null;1;1;1,5;2;1;null;null;1;2;1;1;1;null;null;1;1,5;2;1;2;null;null;2;;;;;;;;;;;;
Світловодськ;4903340;Дiоксид азоту;null;null;0,032633333;0,0437;0,0367;0,0181;null;null;0,043333333;0,0216;0,0364;0,022033333;0,0258;null;null;0,025633333;0,1085;0,103166667;0,063766667;0,042666667;null;null;0,046766667;0,035866667;0,028533333;0,021566667;0,054433333;null;null;0,108533333;;;;;;;;;;;;
Світловодськ;4903340;Оксид азоту;null;null;0,017066667;0,039266667;0,0347;0,026866667;null;null;0,030733333;0,023366667;0,019;0,026266667;0,0167;null;null;0,0262;0,065966667;0,083433333;0,053033333;0,034666667;null;null;0,046833333;0,028033333;0,025666667;0,025633333;0,042533333;null;null;0,0826;;;;;;;;;;;;
Світловодськ;4903340;Формальдегiд;null;null;0,002266667;0,003466667;0,002333333;0,003433333;null;null;0,001133333;0,002266667;0,002333333;0,002333333;0,003433333;null;null;0,004633333;0,0056;0,0245;0,0189;0,01;null;null;0,006733333;0,0113;0,0011;0,002233333;0,0034;null;null;0,014833333;;;;;;;;;;;;
Львів;4982410;Завислі речовини;null;0,214;0,241428571;0,27;0,22;0,22;0,21875;null;0,175;0,1525;0,14375;0,16375;0,1675;0,1425;null;0,1725;0,1875;0,1925;0,18375;0,19125;0,19375;null;0,18125;0,18375;0,1525;0,17625;0,16375;0,15375;null;0,165;;;;;;;;;;;;
Львів;4982410;Дiоксид сiрки;null;0,006061538;0,007553846;0,011630769;0,003738462;0,003573333;0,003875;null;0,00406875;0,0039125;0,0032125;0,00271875;0,003225;0,00281875;null;0,0032;0,00368125;0,00386875;0,003475;0,00425;0,00403125;null;0,00409375;0,00309375;0,00338125;0,00410625;0,003825;0,0033625;null;0,0034625;;;;;;;;;;;;
Львів;4982410;Оксид вуглецю;null;2,76;3,314285714;3,94;3,0375;3,214285714;2,9625;null;2,55;1,65;1,5;2,1;2,125;1,5125;null;2,0375;2,5875;2,6125;2,6;2,7125;2,75;null;2,7;2,7;2,15;2,2625;2,1625;2,0125;null;2,2625;;;;;;;;;;;;
Львів;4982410;Дiоксид азоту;null;0,069153846;0,064461538;0,091369231;0,054061538;0,05394;0,0505125;null;0,05300625;0,04771875;0,047675;0,04704375;0,05258125;0,04820625;null;0,05048125;0,06481875;0,05379375;0,05274375;0,05376875;0,05330625;null;0,051975;0,05323125;0,050125;0,0504;0,04820625;0,0451375;null;0,04409375;;;;;;;;;;;;
Львів;4982410;Оксид азоту;null;0,026233333;0,0348;0,069114286;0,034366667;0,028975;0,0298875;null;0,03285;0,027325;0,0280125;0,029175;0,035625;0,0329375;null;0,0355375;0,037975;0,0336875;0,0299875;0,0324875;0,0337375;null;0,0314125;0,0327625;0,032025;0,0281125;0,027125;0,024125;null;0,02465;;;;;;;;;;;;
Львів;4982410;Фтористий водень;null;0,003384615;0,003461538;0,003815385;0,003538462;0,00428;0,00388125;null;0,00355625;0,00550625;0,00576875;0,00711875;0,004575;0,00444375;null;0,00415625;0,00425;0,00428125;0,0044125;0,00560625;0,0065125;null;0,00390625;0,004125;0,0038875;0,00486875;0,0053125;0,00528125;null;0,0046375;;;;;;;;;;;;
Львів;4982410;Формальдегiд;null;0,010053846;0,009384615;0,0104;0,009323077;0,017253333;0,01286875;null;0,0126375;0,01229375;0,01240625;0,01361875;0,0122125;0,012225;null;0,013;0,0122625;0,011875;0,011175;0,01176875;0,0129875;null;0,01143125;0,011225;0,011025;0,01215625;0,01194375;0,01086875;null;0,01166875;;;;;;;;;;;;
Миколаїв;4703200;Завислі речовини;null;0,0625;0,1;0,1;0,1375;0,1125;0,0625;null;0,1;0,1125;0,1;0,0875;0,1;0,0875;null;0,1;0,1;0,1;0,1;0,175;0,1;null;0,15;0,15;0,1;0,1;0,1;0,1;null;0,225;;;;;;;;;;;;
Миколаїв;4703200;Дiоксид сiрки;null;0,0039625;0,00245;0,0027625;0,0029125;0,0052125;0,004575;null;0,0037375;0,00655;0,0053625;0,0035625;0,0039875;0,002725;null;0,00375;0,00435;0,002775;0,004975;0,003825;0,00275;null;0,0021;0,0005;0,00085;0,0006;0,00105;0,000725;null;0,002975;;;;;;;;;;;;
Миколаїв;4703200;Оксид вуглецю;null;1,625;1,875;1,875;2;1,75;1,25;null;1,625;1,75;1,625;1,5;1,625;0,375;null;1,25;1,75;1,75;1,75;2;0,775;null;1,75;1,75;1,75;1,5;1,5;1,5;null;2,25;;;;;;;;;;;;
Миколаїв;4703200;Дiоксид азоту;null;0,033425;0,0168375;0,0234875;0,0314875;0,03045;0,01793125;null;0,03410625;0,022275;0,03285;0,02575;0,0271125;0,02324375;null;0,02265;0,0059;0,0337125;0,02165;0,026425;0,0392875;null;0,04135;0,050375;0,0448625;0,0385375;0,0477625;0,0242625;null;0,0313875;;;;;;;;;;;;
Миколаїв;4703200;Оксид азоту;null;0,021925;0,01665;0,0134;0,014925;0,02;0,0081;null;0,011675;0,004475;0,007075;0,0131;0,015175;0,013475;null;null;null;null;null;null;null;null;null;null;null;null;null;null;null;null;;;;;;;;;;;;
Миколаїв;4703200;Фтористий водень;null;0,002125;0,0054375;0,0033375;0,0025625;0,0024125;0,0015125;null;0,003175;0,0018;0,0028;0,0034;0,0044;0,002225;null;0,002675;0,0016;0,001375;0,0010625;0,0008625;0,00065;null;0,001275;0,001425;0,00075;0,001325;0,0008625;0,00085;null;0,0019375;;;;;;;;;;;;
Миколаїв;4703200;Формальдегiд;null;0,0137875;0,01389375;0,0117125;0,01015;0,01155625;0,00851875;null;0,01226875;0,00728125;0,00906875;0,0086625;0,00675;0,00608125;null;0,008675;0,0077625;0,00965;0,008575;0,0080375;0,0070375;null;0,00495;0,012575;0,0112875;0,01005;0,010625;0,0078;null;0,0124125;;;;;;;;;;;;
Одеса;4643080;Завислі речовини;null;0,206;0,238416667;0,11325;0,08125;0,124833333;0,158;null;0,175916667;0,190916667;0,210416667;0,166583333;0,148125;0,15275;null;0,158125;0,20975;0,196;0,2215;0,211;0,1795;null;0,194625;0,2005;0,214625;0,2275;0,188375;0,156125;null;0,1575;;;;;;;;;;;;
Одеса;4643080;Дiоксид сiрки;null;0,046827778;0,046572222;0,043816667;0,037616667;0,046233333;0,046544444;null;0,046538889;0,045627778;0,045616667;0,038294444;0,037453846;0,042523077;null;0,031246154;0,044069231;0,041138462;0,038330769;0,044715385;0,031238462;null;0,034707692;0,032769231;0,036592308;0,033169231;0,043253846;0,034284615;null;0,036669231;;;;;;;;;;;;
Одеса;4643080;Сульфати;null;0,0165;0,019;0,009;0,0105;0,0145;0,0195;null;0,0215;0,0175;0,0215;0,008;0,015;0,0155;null;0,013;0,014;0,016;0,016;0,016;0,018;null;0,0205;0,016;0,014;0,0225;0,0205;0,0175;null;0,015;;;;;;;;;;;;
Одеса;4643080;Оксид вуглецю;null;1,7375;1,625;1,4375;1,4875;1,5;1,6375;null;1,5125;1,7125;1,6625;1,525;1,6125;1,475;null;1,5625;1,575;1,75;1,175;1,5375;1,575;null;1,75;1,5125;1,625;1,55;1,6125;1,6;null;1,525;;;;;;;;;;;;
Одеса;4643080;Дiоксид азоту;null;0,0554;0,058566667;0,058388889;0,053788889;0,059355556;0,049666667;null;0,048911111;0,043838889;0,056861111;0,051627778;0,050853846;0,0524;null;0,038953846;0,047646154;0,041038462;0,050661538;0,051007692;0,047253846;null;0,047715385;0,047861538;0,053384615;0,049838462;0,051153846;0,055576923;null;0,039538462;;;;;;;;;;;;
Одеса;4643080;Оксид азоту;null;0,040875;0,0366;0,035775;0,037825;0,039225;0,035925;null;0,03805;0,0327;0,026025;0,027825;null;null;null;null;null;null;null;null;null;null;null;null;null;null;null;null;null;null;;;;;;;;;;;;
Одеса;4643080;Сiрководень;null;0,00145;0,001275;0,0010375;0,0008;0,0011625;0,001225;null;0,0012625;0,0016375;0,00175;0,0016;0,0012;0,00105;null;0,000575;0,00075;0,00085;0,00105;0,00085;0,000975;null;0,00115;0,0012;0,00175;0,00145;0,00115;0,001075;null;0,00065;;;;;;;;;;;;
Одеса;4643080;Фенол;null;0,003704762;0,003219048;0,002571429;0,002219048;0,002833333;0,003228571;null;0,003666667;0,003728571;0,004038095;0,004071429;0,003521429;0,003707143;null;0,00285;0,002314286;0,002564286;0,002671429;0,00245;0,003078571;null;0,003228571;0,003164286;0,003721429;0,004007143;0,004157143;0,003314286;null;0,003392857;;;;;;;;;;;;
Одеса;4643080;Сажа;null;0,0575;0,0675;0,03875;0,01875;0,04;0,04125;null;0,04625;0,04625;0,06125;0,0325;0,045;0,038333333;null;0,043333333;0,045;0,053333333;0,043333333;0,041666667;0,041666667;null;0,048333333;0,046666667;0,048333333;0,066666667;0,058333333;0,043333333;null;0,056666667;;;;;;;;;;;;
Одеса;4643080;Фтористий водень;null;0,004525;0,005525;0,0057375;0,004925;0,0046125;0,005725;null;0,0054375;0,0057875;0,0063625;0,0050625;0,005325;0,0062;null;0,00615;0,0053;0,004675;0,004425;0,00545;0,004975;null;0,004275;0,005175;0,002875;0,00325;0,004025;0,00315;null;0,0032;;;;;;;;;;;;
Одеса;4643080;Формальдегiд;null;0,008815385;0,007869231;0,009861538;0,009469231;0,008484615;0,009923077;null;0,009930769;0,008876923;0,0096;0,011376923;0,009228571;0,009685714;null;0,005185714;0,004171429;0,007814286;0,008471429;0,008057143;0,006514286;null;0,0084;0,008014286;0,009228571;0,006685714;0,007085714;0,007342857;null;0,007614286;;;;;;;;;;;;
Полтава;4963460;Завислі речовини;null;0,3005;0,525;0,25;0,3;0,2375;0,2125;null;0,2;0,35;0,275;0,35;0,3375;0,4625;null;0,5;0,3625;0,1875;0,2;0,1875;0,1875;null;0,1875;0,1;0,2375;0,2375;0,3125;0,3;null;0,8125;;;;;;;;;;;;
Полтава;4963460;Дiоксид сiрки;null;0,000666667;0,0005;0,001;0,00175;0,0015;0,0015;null;0,001;0,00225;0,00125;0,00125;0,00125;0,0025;null;0,002666667;0,00175;0,00225;0,0025;0,00575;0,005;null;0,001333333;0,0015;0,00125;0,0015;0,00225;0,00125;null;0,006;;;;;;;;;;;;
Полтава;4963460;Сульфати;null;0;0;0,005;0,005;0;0,005;null;0;0,01;0;0;0,005;0,01;null;0,005;0;0,005;0,01;0;0,015;null;0;0,005;0,005;0,005;0;0,005;null;0,015;;;;;;;;;;;;
Полтава;4963460;Оксид вуглецю;null;1,222222222;1,111111111;1,777777778;1,888888889;1,555555556;1,75;null;2;3,111111111;1,777777778;2,333333333;2,555555556;4,125;null;4,666666667;3,888888889;1,666666667;1,777777778;1,333333333;1,75;null;1,111111111;1,555555556;2;1,666666667;2;1,625;null;1,777777778;;;;;;;;;;;;
Полтава;4963460;Дiоксид азоту;null;0,058333333;0,043125;0,030625;0,03125;0,03375;0,02875;null;0,038333333;0,04625;0,03125;0,03875;0,0375;0,046875;null;0,08;0,0325;0,041875;0,055625;0,045;0,03875;null;0,028333333;0,031875;0,031875;0,030625;0,033125;0,035625;null;0,054166667;;;;;;;;;;;;
Полтава;4963460;Оксид азоту;null;0,026666667;0,025;0,025;0,02;0,0125;0,0175;null;0,023333333;0,0325;0,015;0,01;0,02;0,03;null;0,05;0,015;0,0175;0,025;0,015;0,02;null;0,02;0,015;0,01;0,015;0,015;0,0175;null;0,04;;;;;;;;;;;;
Полтава;4963460;Фтористий водень;null;0,0025;0,00375;0,002125;0,001125;0,002;0,001125;null;0,001833333;0,002625;0,0015;0,00225;0,001;0,003;null;0,004833333;0,001625;0,00225;0,002625;0,000375;0,002125;null;0,001833333;0,001125;0,001125;0,00175;0,00175;0,002125;null;0,004166667;;;;;;;;;;;;
Полтава;4963460;Хлористий водень;null;0,026666667;0,03;0,02;0,02;0,02;0,015;null;0,026666667;0,025;0,02;0,015;0,025;0,025;null;0,063333333;0,015;0,025;0,03;0,025;0,035;null;0,02;0,015;0,025;0,025;0,025;0,01;null;0,046666667;;;;;;;;;;;;
Полтава;4963460;Амiак;null;0,026666667;0,015;0,0175;0,0125;0,02;0,0125;null;0,016666667;0,0175;0,01;0,015;0,015;0,02;null;0,033333333;0,01;0,0075;0,015;0,0075;0,005;null;0,006666667;0,0125;0,0075;0,01;0,0175;0,0075;null;0,026666667;;;;;;;;;;;;
Полтава;4963460;Формальдегiд;null;0,006333333;0,005833333;0,003;0,003666667;0,004333333;0,002833333;null;0,003;0,004416667;0,003;0,005166667;0,005083333;0,003;null;0,004888889;0,00375;0,0055;0,005916667;0,00925;0,007916667;null;0,004;0,003;0,003;0,004333333;0,003583333;0,004333333;null;0,009222222;;;;;;;;;;;;
Кременчук;4813330;Завислі речовини;null;0,131428571;0,167142857;0,13125;0,1425;0,10375;0,15125;null;0,10375;0,07;0,095;0,115;0,12875;0,078333333;null;0,212;0,228;0,158;0,398;0,158;0,1025;null;0,148;0,208;0,168;0,176;0,102;0,105;null;0,594;;;;;;;;;;;;
Кременчук;4813330;Дiоксид сiрки;null;0,011930769;0,00806;0,00965;0,008425;0,00700625;0,0057875;null;0,00691875;0,0056125;0,0093625;0,0109;0,01135;0,01115;null;0,00979;0,015127273;0,007572727;0,007427273;0,010672727;0,012225;null;0,00887;0,0058;0,007472727;0,007654545;0,006972727;0,0065125;null;0,00993;;;;;;;;;;;;
Кременчук;4813330;Сульфати;null;0,01;0,01;0,01;0,005;0,01;0,005;null;0;0,005;0,01;0,005;0,005;0,005;null;null;null;null;null;null;null;null;null;null;null;null;null;null;null;null;;;;;;;;;;;;
Кременчук;4813330;Оксид вуглецю;null;0,742857143;0,75;0,75;0,675;0,7125;0,6625;null;0,75;0,675;0,9375;1,15;0,7625;0,5;null;0,44;1,1;0,42;0,8;0,66;0,7;null;0,68;0,74;0,64;0,68;0,5;0,575;null;0,58;;;;;;;;;;;;
Кременчук;4813330;Дiоксид азоту;null;0,049938462;0,02822;0,03808125;0,03379375;0,03185;0,02170625;null;0,027175;0,029875;0,04855;0,05805;0,0544125;0,047908333;null;0,03622;0,034336364;0,028509091;0,036345455;0,045636364;0,0651125;null;0,04645;0,029027273;0,038254545;0,035081818;0,033918182;0,036225;null;0,04155;;;;;;;;;;;;
Кременчук;4813330;Оксид азоту;null;0,0291;0,0138;0,022875;0,01825;0,0149;0,014825;null;0,019975;0,026075;0,042725;0,0472;0,043325;0,040075;null;null;null;null;null;null;null;null;null;null;null;null;null;null;null;null;;;;;;;;;;;;
Кременчук;4813330;Фенол;null;0,001;0,001045455;0,0006;0;0,000958333;0,002308333;null;0,00015;0,000566667;0,0014;0,00235;0,00225;0,0025375;null;0,00127;0,001581818;0,000372727;0,000590909;0,001254545;0,0021875;null;0,00068;0,000727273;0,001054545;0,000754545;0,000772727;0,0011875;null;0,00373;;;;;;;;;;;;
Кременчук;4813330;Сажа;null;0,0164;0,012766667;0,0122;0,012275;0,00955;0,02415;null;0,012;0,01215;0,008125;0,01095;0,009;0,00825;null;0,010866667;0,0179;0,016;0,0472;0,0209;0,0106;null;0,017966667;0,012366667;0,0195;0,014166667;0,016166667;0,00815;null;0,043;;;;;;;;;;;;
Кременчук;4813330;Амiак;null;0,009433333;0,002125;0,0026;0,006625;0,003275;0,007025;null;0,004125;0,00555;0,005275;0,0063;0,0054;0,006275;null;null;null;null;null;null;null;null;null;null;null;null;null;null;null;null;;;;;;;;;;;;
Кременчук;4813330;Формальдегiд;null;0,0142;0,008177778;0,0086;0,0104;0,01152;0,01012;null;0,00908;0,00935;0,00882;0,01036;0,00818;0,007466667;null;0,00765;0,008728571;0,009457143;0,007971429;0,008042857;0,008275;null;0,0109;0,0065;0,008442857;0,009057143;0,010742857;0,0083;null;0,008933333;;;;;;;;;;;;
Рівне;5062620;Завислі речовини;null;0;0;0;0,036483333;0;0,0546;null;0;0;0;0;0,1104;0,02745;null;0,036166667;0,036166667;0,068275;0,08;0;0;null;0,03196;0;0,09904;0;0,036966667;0,046083333;null;0,0211;;;;;;;;;;;;
Рівне;5062620;Дiоксид сiрки;null;0,000308333;0;0;0;0;0;null;0;0,0006;0;0,0028625;0,003175;0,00205;null;0,00145;0,0011625;0;0;0;0;null;0;0;0;0;0,002008333;0,004566667;null;0,003258333;;;;;;;;;;;;
Рівне;5062620;Оксид вуглецю;null;1,006666667;1,01;1,096666667;1,036666667;1,0825;1,235;null;0,9125;0,945;1,2075;1,155;1,1375;1,02;null;1,19;1,18;1,515;0,955;0,855;0,93;null;0,961666667;1,176666667;1,301666667;1,036666667;1,161666667;1,061666667;null;0,777;;;;;;;;;;;;
Рівне;5062620;Дiоксид азоту;null;0,036791667;0,026016667;0,052416667;0,033633333;0,0345625;0,037575;null;0,035071429;0,034275;0,0388625;0,024125;0,03965;0,045625;null;0,0656125;0,0331;0,0216875;0,00725;0,0094;0,018175;null;0,03388;0,031291667;0,034066667;0,050816667;0,031933333;0,027575;null;0,0193;;;;;;;;;;;;
Рівне;5062620;Оксид азоту;null;0,021222222;0,02409;0,02112;0,02513;0,0311;0,03485;null;0,031416667;0,035;0,0327;0,02055;0,03;0,029016667;null;0,050233333;0,03045;0,011266667;0,005733333;0,0122;0,010125;null;0,045144444;0,04371;0,03799;0,03923;0,0443;0,0209;null;0,008877778;;;;;;;;;;;;
Рівне;5062620;Сiрководень;null;0,0026;0,00285;0;0,001925;0,0011625;0;null;0;0,0004;0,0011;0;0,00065;0;null;0;0;0;0;0,00075;0,0029;null;0,002242857;0,0067125;0,00115;0,000375;0;0,0021875;null;0,0008;;;;;;;;;;;;
Рівне;5062620;Фенол;null;0,00232;0,00254;0,00365;0,00323;0,0022875;0;null;0,0006;0;0,000533333;0,000883333;0,001016667;0,000483333;null;0,004583333;0,0023;0,003983333;0,002883333;0;0;null;0,005166667;0,00588;0;0,00097;0,00194;0,00197;null;0,00349;;;;;;;;;;;;
Рівне;5062620;Фтористий водень;null;0,006657143;0,0022;0,0021125;0,0031125;0;0,0009;null;0;0,0034;0;0,00445;0,003675;0,002725;null;0,00115;0;0,00345;0,0013;0;0,00255;null;0,004057143;0,0039375;0,0037375;0,002675;0,001025;0,002775;null;0,0019;;;;;;;;;;;;
Рівне;5062620;Хлористий водень;null;0,112;0,0798625;0,0251625;0;0,070916667;0,10305;null;0,139225;0,090875;0,0417;0,09945;0,144675;0,075875;null;0,094125;0,041725;0,040975;0,076125;0;0;null;0,035314286;0,0310875;0;0,039525;0,06155;0,02015;null;0,0692625;;;;;;;;;;;;
Рівне;5062620;Амiак;null;0;0;0;0;0;0;null;0,011625;0;0,003825;0;0,0079;0,008175;null;0,0025;0,002425;0;0;0,007125;0,0036;null;0,013475;0,004175;0,0064;0;0,0031;0,002725;null;0;;;;;;;;;;;;
Рівне;5062620;Формальдегiд;null;0,009642857;0,00425;0,0083125;0;0,003966667;0;null;0,011633333;0,014725;0,00735;0,007175;0,003475;0;null;0,003525;0,013;0,019625;0,01585;0,0126;0;null;0,004;0,0082875;0,007725;0,0036625;0;0,003;null;0,007828571;;;;;;;;;;;;
Суми;5093480;Завислі речовини;null;0,433333333;0,466666667;0,383333333;0,4;0,433333333;0,45;null;0,333333333;0,4;0,383333333;0,466666667;0,4;0,416666667;null;0,366666667;null;0,35;0,366666667;0,466666667;0,5;null;0,35;0,416666667;0,433333333;0,45;0,416666667;0,416666667;null;0,516666667;;;;;;;;;;;;
Суми;5093480;Дiоксид сiрки;null;0,064555556;0,073545455;0,080083333;0,069583333;0,054083333;0,053583333;null;0,061777778;0,057083333;0,059;0,064083333;0,07475;0,069166667;null;0,062111111;0,057;0,070363636;0,06975;0,0625;0,061333333;null;0,068777778;0,076166667;0,0715;0,068166667;0,07325;0,067;null;0,074222222;;;;;;;;;;;;
Суми;5093480;Сульфати;null;0,02;0,02;0,025;0,015;0,01;0,015;null;0,01;0,01;0,01;0,015;0,015;0,025;null;0,01;null;0,025;0,025;0,015;0,015;null;0,015;0,025;0,02;0,02;0,02;0,02;null;0,025;;;;;;;;;;;;
Суми;5093480;Оксид вуглецю;null;2,333333333;3,166666667;2;1,5;1,833333333;2,666666667;null;3;2,166666667;2,166666667;2;2,166666667;2,166666667;null;1,5;1,5;2;2;2,833333333;3;null;1,333333333;1,833333333;2,166666667;1,833333333;1,833333333;2,833333333;null;2;;;;;;;;;;;;
Суми;5093480;Дiоксид азоту;null;0,113333333;0,124545455;0,108333333;0,105;0,105;0,099166667;null;0,123333333;0,118333333;0,109166667;0,125;0,115833333;0,095;null;0,093333333;0,12;0,094545455;0,098333333;0,106666667;0,109166667;null;0,103333333;0,1075;0,106666667;0,105833333;0,11;0,105;null;0,145555556;;;;;;;;;;;;
Суми;5093480;Оксид азоту;null;0,066666667;0,08;0,055;0,06;0,06;0,065;null;0,06;0,0625;0,045;0,045;0,0725;0,035;null;0,033333333;0,05;0,045;0,0675;0,0425;0,045;null;0,046666667;0,0475;0,06;0,035;0,05;0,0475;null;0,066666667;;;;;;;;;;;;
Суми;5093480;Амiак;null;0,015;0,025;0,02125;0,02;0,0175;0,01625;null;0,016666667;0,01625;0,0175;0,01625;0,01875;0,01625;null;0,018333333;0,01;0,018571429;0,01625;0,01875;0,01875;null;0,013333333;0,0175;0,015;0,01125;0,0175;0,01625;null;0,025;;;;;;;;;;;;
Суми;5093480;Формальдегiд;null;0,006666667;0,014666667;0,01125;0,007;0,009;0,008;null;0,005333333;0,00725;0,005;0,00525;0,006;0,005;null;0,006666667;0,005333333;0,009;0,00475;0,009;0,00475;null;0,008;0,007;0,007;0,004;0,008;0,006;null;0,008;;;;;;;;;;;;
Тернопіль;4932530;Завислі речовини;null;0,2475;0,245;0,2225;0,1775;0,1975;0,22;null;0,19;0,16;0,14;0,09;0,11;0;null;0,065;0,1;0,11;0,14;0,1775;0,2;null;0,2725;0,205;0,0725;0,045;0,0925;0,075;null;null;;;;;;;;;;;;
Тернопіль;4932530;Дiоксид сiрки;null;0,004775;0,0063875;0,0061375;0,004275;0,005175;0,0072375;null;0,003875;0,005675;0,00405;0,0018;0,003375;0,00045;null;0,0036;0,00315;0,0033625;0,0035;0,00375;0,003325;null;0,0035625;0,0038125;0,0042375;0,002475;0,003875;0,0036;null;null;;;;;;;;;;;;
Тернопіль;4932530;Оксид вуглецю;null;2,725;3,1;3,05;2,85;2,875;2,7;null;3;2,925;2,475;3,1;3,35;2,675;null;3,05;3,625;2,85;3,3;3,4;3,35;null;3,175;3,5;3,075;2,225;3,175;3,25;null;null;;;;;;;;;;;;
Тернопіль;4932530;Дiоксид азоту;null;0,0555125;0,0530375;0,0562625;0,0510125;0,0478375;0,0564;null;0,0485125;0,04745;0,046225;0,0455;0,04165;0,042525;null;0,0523875;0,0452625;0,041275;0,0491875;0,051325;0,05375;null;0,0513375;0,0567125;0,0537125;0,0518875;0,044425;0,0424375;null;null;;;;;;;;;;;;
Тернопіль;4932530;Оксид азоту;null;0,03095;0,029375;0,0317;0,0281;0,026025;0,031575;null;0,0267;0,025775;0,025025;0,024525;0,022075;0,0226;null;0,0285;0,0249;0,021875;0,027475;0,028425;0,030475;null;0,028375;0,03185;0,03035;0,028725;0,0243;0,02305;null;null;;;;;;;;;;;;
Тернопіль;4932530;Формальдегiд;null;0,003825;0,003475;0,003675;0,003425;0,0025375;0,0039625;null;0,0031375;0,003375;0,00275;0,0012375;0,0021;0,0003375;null;0,0025375;0,002275;0,0026125;0,002075;0,00295;0,002925;null;0,002325;0,002225;0,0023125;0,001225;0,002475;0,0029625;null;null;;;;;;;;;;;;
Харків;4993630;Завислі речовини;null;0,0984;0,1;0,088;0,0892;0,0972;0,0884;null;0,075909091;0,091818182;0,083181818;0,09;0,085909091;0,085454545;null;0,096086957;0,092173913;0,095652174;0,112608696;0,108695652;0,098695652;null;0,095652174;0,089608696;0,09;0,103478261;0,135652174;0,176956522;null;0,19826087;;;;;;;;;;;;
Харків;4993630;Дiоксид сiрки;null;0,038003333;0,043813333;0,039576667;0,031806667;0,03083;0,029703333;null;0,035725926;0,035874074;0,034618519;0,029959259;0,0325;0,0306;null;0,033037037;0,035392593;0,034803704;0,032840741;0,030981481;0,031966667;null;0,028785185;0,027114815;0,028318519;0,029988889;0,028651852;0,028355556;null;0,027322222;;;;;;;;;;;;
Харків;4993630;Сульфати;null;0;0,01;0;0,01;0;0,005;null;0;0,01;0,005;0,01;0;0,01;null;0;0,01;0;0,01;0;0,01;null;0,005;0,01;0;0;0,01;0;null;0,005;;;;;;;;;;;;
Харків;4993630;Оксид вуглецю;null;1,34;1,295;1,43;1,31;1,22;1,45;null;1,416666667;1,244444444;1,261111111;1,272222222;1,238888889;1,277777778;null;1,383333333;1,305555556;1,283333333;1,255555556;1,605555556;1,361111111;null;1,477777778;1,372222222;1,416666667;1,361111111;1,411111111;1,3;null;1,388888889;;;;;;;;;;;;
Харків;4993630;Дiоксид азоту;null;0,026093333;0,026568571;0,030688571;0,027674286;0,024994286;0,026248571;null;0,031125926;0,031067742;0,037667742;0,033683871;0,032441935;0,034777419;null;0,0342;0,032503125;0,03175625;0,03329375;0,03221875;0,0357125;null;0,030748148;0,02751875;0,0295125;0,03076875;0,033396875;0,034128125;null;0,036637037;;;;;;;;;;;;
Харків;4993630;Оксид азоту;null;0,019066667;0,0208;0,02745;0,025875;0,01735;0,024825;null;0,015433333;0,01485;0,020775;0,0168;0,01445;0,01695;null;0,0327;0,029325;0,02515;0,0304;0,02505;0,030725;null;0,020833333;0,02785;0,0189;0,029225;0,021575;0,016425;null;0,0218;;;;;;;;;;;;
Харків;4993630;Сiрководень;null;0,0016;0,001225;0,001625;0,001225;0,00155;0,001225;null;0,000666667;0,000925;0,000775;0,00085;0,000825;0,000575;null;0,001233333;0,00115;0,001225;0,0011;0,0011;0,000975;null;0,001433333;0,001525;0,001425;0,000725;0,001275;0,001225;null;0,0018;;;;;;;;;;;;
Харків;4993630;Фенол;null;0,002744444;0,003175;0,002583333;0,003183333;0,002825;0,002791667;null;0,002966667;0,002475;0,0022125;0,002825;0,002325;0,0028625;null;0,002033333;0,00215;0,002391667;0,001841667;0,002008333;0,00205;null;0,001688889;0,001758333;0,001866667;0,001708333;0,001916667;0,001708333;null;0,001477778;;;;;;;;;;;;
Харків;4993630;Сажа;null;0,02;0,02;0,026666667;0,01;0,02;0,03;null;0,036666667;0,043333333;0,043333333;0,036666667;0,036666667;0,036666667;null;null;null;null;null;null;null;null;null;null;null;null;null;null;null;null;;;;;;;;;;;;
Харків;4993630;Амiак;null;0,007433333;0,00455;0,0087;0,006325;0,0089;0,009725;null;0,009083333;0,0055;0,0105125;0,00505;0,0091;0,0068375;null;0,004833333;0,0045;0,0098125;0,0105625;0,0071125;0,009675;null;0,004766667;0,007975;0,005275;0,0066625;0,0081375;0,0063625;null;0,00845;;;;;;;;;;;;
Харків;4993630;Формальдегiд;null;0,002147619;0,002042857;0,002185714;0,001928571;0,002157143;0,001803571;null;0,0034;0,003445833;0,003683333;0,003633333;0,003008333;0,002975;null;0,002772222;0,00305;0,003120833;0,003;0,002666667;0,002475;null;0,003311111;0,00295;0,002775;0,003025;0,002666667;0,003075;null;0,003433333;;;;;;;;;;;;
Хмельницький;4942690;Завислі речовини;null;0,09475;0,1635;0,12825;0,1375;0,12775;0,09325;null;0,07625;0,09525;0,09425;0,0775;0,07775;0,09475;null;0,06875;0,1265;0,09225;0,0585;0,16625;0,1835;null;0,1345;0,10225;0,11125;0,086;0,07725;0,086;null;0,091;;;;;;;;;;;;
Хмельницький;4942690;Дiоксид сiрки;null;0,0220125;0,0234;0,0227875;0,0234125;0,0238;0,0217125;null;0,0189;0,02355;0,0235125;0,0223;0,0217;0,0201375;null;0,0218;0,021425;0,0204625;0,0221875;0,018775;0,0187125;null;0,0176875;0,0186125;0,02165;0,0220875;0,020775;0,02125;null;0,0187125;;;;;;;;;;;;
Хмельницький;4942690;Сульфати;null;0,01405;0,013125;0,01455;0,014725;0,015175;0,01525;null;0,01405;0,013875;0,0125;0,0124;0,012375;0,01315;null;0,012225;0,011575;0,01215;0,012775;0,009325;0,0076;null;0,008225;0,00635;0,00685;0,00605;0,006575;0,00745;null;0,00685;;;;;;;;;;;;
Хмельницький;4942690;Оксид вуглецю;null;2,87;3,225;3,15;2,755;2,66;2,575;null;2,5975;2,365;2,375;2,3025;2;1,7275;null;1,8475;2,215;2,5175;1,97;2,3425;2,08;null;2,66;2,075;2,0675;2,065;2,225;2,425;null;1,715;;;;;;;;;;;;
Хмельницький;4942690;Дiоксид азоту;null;0,0318875;0,040125;0,0255;0,024675;0,0307375;0,0197125;null;0,027725;0,0267375;0,0242875;0,0293625;0,0381125;0,0353;null;0,0481875;0,046675;0,0295125;0,0258625;0,035875;0,028675;null;0,0407625;0,06505;0,0366;0,027775;0,0329;0,0213375;null;0,0233;;;;;;;;;;;;
Хмельницький;4942690;Оксид азоту;null;0,0284875;0,0315125;0,0245125;0,0245125;0,0213;0,0151625;null;0,0241875;0,0221375;0,0204;0,0281625;0,0313;0,0317875;null;0,0292;0,0339625;0,0236125;0,0206;0,026025;0,0226875;null;0,0466;0,048025;0,02655;0,02785;0,025725;0,02275;null;0,0168125;;;;;;;;;;;;
Хмельницький;4942690;Фенол;null;0,001266667;0,001466667;0,001566667;0,00075;0,00085;0,000733333;null;0,000383333;0,001383333;0,001566667;0,00065;0,0013;0,00025;null;0,001266667;0,000916667;0,000833333;0,001716667;0,001666667;0,00075;null;0,00165;0,001516667;0,001733333;0,001183333;0,00115;0,000766667;null;0,000566667;;;;;;;;;;;;
Хмельницький;4942690;Хлористий водень;null;0,072825;0,079575;0,077775;0,068075;0,05365;0,078725;null;0,126475;0,07345;0,05825;0,05415;0,069475;0,065425;null;0,060825;0,051675;0,07695;0,07875;0,0599;0,059;null;0,0612;0,086175;0,10055;0,113025;0,0783;0,0564;null;0,057475;;;;;;;;;;;;
Хмельницький;4942690;Амiак;null;0,015875;0,020725;0,0204;0,02015;0,01515;0,012025;null;0,012525;0,009175;0,0133;0,011375;0,010275;0,013;null;0,008825;0,008425;0,00945;0,010775;0,008275;0,008575;null;0,020825;0,012275;0,013425;0,008525;0,0119;0,007775;null;0,01065;;;;;;;;;;;;
Хмельницький;4942690;Формальдегiд;null;0,002233333;0,001033333;0,001566667;0,00185;0,00145;0,0013;null;0,001683333;0,001583333;0,001183333;0,001583333;0,001466667;0,0013;null;0,001966667;0,001416667;0,00115;0,001516667;0,0015;0,0009;null;0,001283333;0,001916667;0,002066667;0,000933333;0,001183333;0,00145;null;0,001366667;;;;;;;;;;;;
Херсон;4673270;Завислі речовини;null;0,025;0,05;0;0;0;null;null;0;0;0;0;0;null;null;0,1;0,025;0,05;0;0;null;null;0,025;0;0;0;0;null;null;0,025;;;;;;;;;;;;
Херсон;4673270;Дiоксид сiрки;null;0;0,0007;0,0025;0,006;0,0014;null;null;0;0,0006;0,0097;0,0016;0,0042;null;null;0,000875;0,0021;0,0055;0,0006;0;null;null;0,003125;0,0022;0;0;0,0027;null;null;0,001375;;;;;;;;;;;;
Херсон;4673270;Сульфати;null;0,005;0;0;0;0;null;null;0;0;0;0;0,005;null;null;0;0,01;0,01;0;0;null;null;0,005;0;0;0;0;null;null;0;;;;;;;;;;;;
Херсон;4673270;Оксид вуглецю;null;0,371428571;0,372857143;0,335714286;0,374285714;0,27;null;null;0,271428571;0,327142857;0,294285714;0,245714286;0,355714286;null;null;0,225714286;0,202857143;0,295714286;0,248571429;0,344285714;null;null;0,342857143;0,267142857;0,232857143;0,252857143;0,302857143;null;null;0,24;;;;;;;;;;;;
Херсон;4673270;Дiоксид азоту;null;0,1775;0,178;0,152;0,18;0,166;null;null;0,16125;0,186;0,204;0,176;0,201;null;null;0,15125;0,124;0,166;0,131;0,119;null;null;0,13125;0,103;0,107;0,126;0,132;null;null;0,125;;;;;;;;;;;;
Херсон;4673270;Оксид азоту;null;0,086666667;0,1225;0,0775;0,0925;0,095;null;null;0,1;0,0775;0,125;0,14;0,175;null;null;0,1;0,0775;0,09;0,06;0,075;null;null;0,073333333;0,07;0,075;0,07;0,0875;null;null;0,063333333;;;;;;;;;;;;
Херсон;4673270;Фенол;null;0,00375;0,0013;0,0023;0,0017;0,0024;null;null;0,0005;0,0002;0,0032;0,003;0,0021;null;null;0,00275;0,004;0,001;0,0007;0,0014;null;null;0,001375;0,001;0,0004;0,002;0,0023;null;null;0,001;;;;;;;;;;;;
Херсон;4673270;Формальдегiд;null;0,004125;0,0067;0,0057;0,001;0,0039;null;null;0,001375;0;0;0,0014;0;null;null;0;0,0012;0,001;0,005;0,0056;null;null;0;0;0,002;0,0016;0,003;null;null;0;;;;;;;;;;;;
Черкаси;4933200;Завислі речовини;null;0,2;0,15;0,075;0,175;0,2;0,15;null;0,2;0,15;0,1;0,1;0,15;0,25;null;0,333333333;0,2;0,166666667;0,1;0,15;0,166666667;null;0,116666667;0,133333333;0,166666667;0,2;0,233333333;0,183333333;null;0,216666667;;;;;;;;;;;;
Черкаси;4933200;Дiоксид сiрки;null;0,017166667;0,019428571;0,019;0,0145;0,01475;0,01475;null;0,014;0,01375;0,014875;0,01475;0,016375;0,01875;null;0,0155;0,0161;0,0158;0,0264;0,0181;0,0158;null;0,0155;0,0176;0,0182;0,0151;0,0151;0,0181;null;0,01625;;;;;;;;;;;;
Черкаси;4933200;Сульфати;null;null;null;null;null;null;null;null;null;null;null;null;null;null;null;0,01;0,01;0,01;0,015;0,01;0,015;null;0,01;0,01;0,015;0,01;0,01;0,01;null;0,015;;;;;;;;;;;;
Черкаси;4933200;Оксид вуглецю;null;1,5;1,75;1;1;1;2;null;1,25;1;1;1;1;1,5;null;1,333333333;1,333333333;1;1,333333333;1,333333333;1,666666667;null;1,166666667;1,333333333;1,166666667;1;1,166666667;1,666666667;null;1,5;;;;;;;;;;;;
Черкаси;4933200;Дiоксид азоту;null;0,038333333;0,038571429;0,027142857;0,03625;0,03875;0,05625;null;0,043333333;0,0275;0,03125;0,0275;0,0275;0,0375;null;0,044444444;0,034166667;0,035833333;0,0325;0,0375;0,035833333;null;0,034444444;0,0375;0,031666667;0,028333333;0,033333333;0,0475;null;0,038888889;;;;;;;;;;;;
Черкаси;4933200;Оксид азоту;null;0,036666667;0,03;0,0525;0,0375;0,0375;0,07;null;0,05;0,0475;0,025;0,02;0,0325;0,0175;null;0,04;0,0425;0,0325;0,0375;0,0225;0,035;null;0,036666667;0,0275;0,04;0,03;0,025;0,04;null;0,033333333;;;;;;;;;;;;
Черкаси;4933200;Сiрководень;null;0,0025;0,002285714;0,002142857;0,002;0,002;0,002;null;0,001833333;0,002;0,002;0,002625;0,00225;0,00225;null;0,002;0,002;0,002083333;0,00225;0,002083333;0,001833333;null;0,002222222;0,002;0,001916667;0,00275;0,00225;0,002166667;null;0,002;;;;;;;;;;;;
Черкаси;4933200;Амiак;null;0,076666667;0,102857143;0,068571429;0,03875;0,08;0,08625;null;0,063333333;0,05375;0,06375;0,05;0,06;0,03875;null;0,091111111;0,070833333;0,051666667;0,050833333;0,055833333;0,064166667;null;0,042222222;0,074166667;0,040833333;0,041666667;0,048333333;0,066666667;null;0,037777778;;;;;;;;;;;;
Черкаси;4933200;Формальдегiд;null;0,018;0,010333333;0,004666667;0,005;0,00525;0,00525;null;0,015;0,0195;0,03;0,02975;0,01025;0,011;null;0,018333333;0,026;0,01325;0,014;0,0085;0,01175;null;0,019333333;0,01675;0,01875;0,01275;0,00775;0,00925;null;0,015;;;;;;;;;;;;
Чернівці;4832590;Завислі речовини;null;0,025;0;0;0,025;0,05;0,075;null;0,025;0;0,025;0;0;0;null;0;0;0;0;0;0;null;0;0;0,025;0,025;0,025;0;null;0;;;;;;;;;;;;
Чернівці;4832590;Дiоксид сiрки;null;0,0016;0,0006625;0;0;0,002475;0,000875;null;0,0017125;0,001825;0,0009;0,000225;0,000925;0,0009;null;0;0,000425;0,0009;0,002775;0,00305;0,0009;null;0,0013125;0,0008875;0,001575;0,0004375;0,001575;0,0018125;null;0,00206;;;;;;;;;;;;
Чернівці;4832590;Оксид вуглецю;0;0,125;0,125;0;0,125;0;0,125;0;0;0;0,25;0,5;0;0;null;0;0;0,25;0,166666667;0,125;0;0;0;0,25;0,125;0,375;0,375;0,25;0;0,142857143;;;;;;;;;;;;
Чернівці;4832590;Дiоксид азоту;0,010225;0,019541667;0,028208333;0,02605;0,025941667;0,012133333;0,011975;0,01425;0,01778;0,021241667;0,023;0,013133333;0,0153375;0,012775;0,006175;0,019;0,017766667;0,019833333;0,018333333;0,0246;0,0159;0,020325;0,02615;0,036875;0,039591667;0,042433333;0,026066667;0,019175;0,004125;0,00975625;;;;;;;;;;;;
Чернівці;4832590;Оксид азоту;0,002225;0,008725;0,0064375;0,0099;0,01085;0,0019875;0,0009625;0,001775;0,008325;0,0086;0,0022125;0,0023125;0,0046;0,00235;0,002675;0,003775;0,0053;0,003875;0,00795;0,00815;0,0067;0,00675;0,007825;0,002825;0,0029;0,008875;0,00965;0,00205;0,00205;0,0021;;;;;;;;;;;;
Чернівці;4832591;Озон;0,073;0,058525;0,0527;0,054925;0,048225;0,0697;0,0684;0,0682;0,077225;0,0725;0,071725;0,041275;0,027625;0,0127;0,009825;0,011925;0,0185;0,0173;0,0164;null;null;null;null;null;null;null;null;null;null;null;;;;;;;;;;;;
Чернівці;4832590;Фенол;null;0,001925;0,001675;0,000375;0;0,000375;0,000175;null;0,0009;0,00025;0;0,00055;null;null;null;null;null;null;null;null;null;null;null;null;null;null;null;null;null;null;;;;;;;;;;;;
Чернівці;4832590;Фтористий водень;null;0;0,0007;0,00125;0,000925;0,00075;0;null;0;0,000675;0;0;0;0,001325;null;0,000766667;0;0,000625;0;0,000125;0,0003625;null;0,000325;0,000125;0,0005375;0,001025;0,0006625;0;null;0,00212;;;;;;;;;;;;
Чернівці;4832590;Хлористий водень;null;0;0,15595;0,063325;0,08285;0,048125;0;null;0,0503;0,0398;0;0,07215;0,0525;0,07785;null;0;0,139;0,0471;0,09305;0,016925;0,123275;null;0,00475;0,04425;0,204925;0,1919;0,14895;0,147125;null;0,1679;;;;;;;;;;;;
Чернівці;4832590;Формальдегiд;null;0,0009;0,0022;0;0;0,001125;0,0007;null;0,00105;0;0;0;null;null;null;0,00035;0,00165;0,00205;0,00505;0,002675;0;null;0,00335;0,0049;0,006225;0,003875;0,004725;0,007875;null;0,0056;;;;;;;;;;;;
Ізмаїл;4542880;Завислі речовини;null;0,05;0,065;0,1;0,05;0,065000153;0,05;null;0,07;0,05;0,03;0;0,08;0,07;null;0,07;0,03;0,065;0,1;0,085;0,05;null;0,03;0,05;0,065;0,065000153;0,05;0,05;null;0,03;;;;;;;;;;;;
Ізмаїл;4542880;Дiоксид сiрки;null;0,025133407;0,018900003;0,022650066;0,025800008;0,02590007;0,024675031;null;0,01653336;0,022250026;0,034250031;0,02742506;0,01745004;0,0192;null;0,02160001;0,019725087;0,02507504;0,0277;0,024350055;0,02535002;null;0,035200114;0,02592504;0,026275;0,032600038;0,0301;0,02125;null;0,024066667;;;;;;;;;;;;
Ізмаїл;4542880;Сульфати;null;0,005;0,005;0,015;0,005;0,01;0,01;null;0,005;0,005;0;0,005;0,01;0,01;null;0,005;0;0,005;0,015;0,005;0,005;null;0;0,005;0,005;0,005;0,005;0,005;null;0;;;;;;;;;;;;
Ізмаїл;4542880;Оксид вуглецю;null;0,610001221;0,7;0,725;0,52;0,445000916;0,45500061;null;0,305;0,345000153;0,385;0,43000061;0,630001221;0,670000305;null;0,64;0,47;0,320000153;0,46;0,580001221;0,585001221;null;0,450000305;0,535;0,445;0,460000916;0,56;0,525;null;0,225;;;;;;;;;;;;
Ізмаїл;4542880;Дiоксид азоту;null;0,0631;0,065000101;0,055000171;0,061700189;0,054450076;0,054525101;null;0,060000187;0,065600061;0,04357507;0,046075061;0,054750119;0,058;null;0,066633439;0,032175;0,046750092;0,0632;0,060625031;0,052000015;null;0,080533415;0,066850171;0,050950092;0,05175;0,06155;0,065;null;0,0661;;;;;;;;;;;;
Ізмаїл;4542880;Сiрководень;null;0,001500001;0,001325;0,001400003;0,001150002;0,001675001;0,001175;null;0,001066669;0,001350002;0,001175002;0,001;0,001325001;0,00155;null;0,001433336;0,001075002;0,001775002;0,001325;0,001150002;0,001275002;null;0,002133334;0,001100001;0,001300001;0,000575001;0,001475;0,001375;null;0,001;;;;;;;;;;;;
Ізмаїл;4542880;Формальдегiд;null;0,001500003;0,0011;0,0018;0,0007;0;0,00215;null;0,00215;0,0011;0,001450003;0;0,0018;0,00145;null;0,002150002;0;0,002150006;0,0007;0,001750005;0,0018;null;0,00105;0,0018;0,00285;0;0,00215;0,00105;null;0;;;;;;;;;;;;
Біла Церква;4983020;Завислі речовини;null;0,0735;0,0735;0,07325;0,07275;0,0725;0,071;null;0,072;0,07375;0,0735;0,07275;0,073;0,07325;null;0,07275;0,07225;0,071;0,07075;0,071;0,07125;null;0,07175;0,072;0,07225;0,07275;0,07375;0,0725;null;0,07275;;;;;;;;;;;;
Біла Церква;4983020;Дiоксид сiрки;null;0,0362375;0,0409875;0,0348375;0,0404375;0,0392125;0,0421625;null;0,0386375;0,039125;0,0395;0,036475;0,038575;0,029975;null;0,0427125;0,0393375;0,043125;0,035275;0,0388375;0,0317875;null;0,035575;0,0444375;0,040475;0,042875;0,0388125;0,0425;null;0,0379;;;;;;;;;;;;
Біла Церква;4983020;Оксид вуглецю;null;0,55;0,575;0,6;0,525;0,5;0,4;null;0,575;0,625;0,6;0,725;0,975;0,8;null;0,825;0,775;0,6;0,725;0,775;0,65;null;0,625;0,575;0,55;0,425;0,625;0,4;null;0,5;;;;;;;;;;;;
Біла Церква;4983020;Дiоксид азоту;null;0,1105;0,101325;0,1298375;0,11505;0,1073875;0,1288625;null;0,1089875;0,090375;0,1128375;0,1058625;0,1087625;0,1050625;null;0,113025;0,11355;0,115925;0,1072;0,097375;0,08805;null;0,1262;0,122675;0,1049125;0,1399625;0,1170875;0,1100625;null;0,0794;;;;;;;;;;;;
Олександрія;4843230;Завислі речовини;null;0,25;0,2;0,5;0,2;0,2;0,35;null;0,25;0,35;0,45;0,25;0,25;0,25;null;0,35;0,35;0,25;0,35;0,3;0,35;null;0,15;0,45;0,35;0,4;0,35;0,45;null;0,3;;;;;;;;;;;;
Олександрія;4843230;Дiоксид сiрки;null;0,0278;0,016825;0,034975;0,01365;0,02345;0,02325;null;0,015433333;0,02145;0,01725;0,0182;0,0141;0,028275;null;0,013133333;0,02085;0,021125;0,021675;0,0263;0,0147;null;0,03;0,0181;0,015175;0,03075;0,0184;0,020025;null;0,0392;;;;;;;;;;;;
Олександрія;4843230;Сульфати;null;0,005;0,005;0,005;0,005;0,005;0,005;null;0,005;0,01;0,005;0,01;0,005;0,005;null;0,005;0,005;0,005;0,015;0,01;0,01;null;0;0,005;0,005;0,01;0,005;0,01;null;0;;;;;;;;;;;;
Олександрія;4843230;Дiоксид азоту;null;0,0274;0,035875;0,025825;0,036975;0,0343;0,03855;null;0,025366667;0,035225;0,042725;0,043425;0,022125;0,042425;null;0,028733333;0,021325;0,031575;0,036425;0,027675;0,027675;null;0,035633333;0,0341;0,02485;0,040475;0,035325;0,028775;null;0,014666667;;;;;;;;;;;;
Олександрія;4843230;Сажа;null;0,06;0,075;0,065;0,035;0,035;0,075;null;0,07;0,03;0,09;0,035;0,065;0,035;null;0,065;0,01;0,045;0,045;0,055;0,045;null;0,065;0,035;0,075;0,07;0,085;0,04;null;0,04;;;;;;;;;;;;
Горішні Плавні;4903360;Завислі речовини;null;0,135;0,135;0,105;0,08;0,05;0,13;null;0,135;0,135;0,105;0,165;0,16;0,14;null;0,08;0,11;0,19;0,105;0,135;0,105;null;null;null;null;null;null;null;null;null;;;;;;;;;;;;
Горішні Плавні;4903360;Дiоксид сiрки;null;0,003625;0,0059;0,007875;0,007175;0,00515;0,00415;null;0,004525;0,004575;0,0059;0,006875;0,009475;0,0066;null;0,004825;0,003225;0,0048;0,00445;0,0051;0,0045;null;null;null;null;null;null;null;null;null;;;;;;;;;;;;
Горішні Плавні;4903360;Оксид вуглецю;null;0,25;0,3;0,25;0,1;0,2;0,25;null;0,2;0,25;0,2;0,3;0,2;0,2;null;0,15;0,15;0,2;0,2;0,15;0,1;null;null;null;null;null;null;null;null;null;;;;;;;;;;;;
Горішні Плавні;4903360;Дiоксид азоту;null;0,011825;0,015075;0,02945;0,0319;0,022625;0,017275;null;0,014275;0,0144;0,020975;0,02425;0,038025;0,024375;null;0,01485;0,0084;0,01725;0,01145;0,019175;0,019325;null;null;null;null;null;null;null;null;null;;;;;;;;;;;;
Горішні Плавні;4903360;Фенол;null;0,00095;0,0012;0,0003;0,0001;0;0;null;0,00155;0,00285;0,00485;0,00205;0,00325;0,0041;null;0,0003;0,0004;0,0006;0,0011;0,0009;0,0005;null;null;null;null;null;null;null;null;null;;;;;;;;;;;;
Горішні Плавні;4903360;Сажа;null;0,0082;0,0055;0,00275;0;0,0108;0,0026;null;0,00805;0,00275;0;0,00815;0,01365;0,00815;null;0,00545;0,0027;0,00265;0;0,0053;0,00535;null;null;null;null;null;null;null;null;null;;;;;;;;;;;;
Горішні Плавні;4903360;Хлористий водень;null;0;0;0,0058;0,0034;0;0;null;0;0;0,0034;0;0,005866667;0,0058;null;0,003066667;0;0;0;0,005333333;0,005066667;null;null;null;null;null;null;null;null;null;;;;;;;;;;;;
Горішні Плавні;4903360;Амiак;null;0;0,0046;0,0082;0,0036;0,001;0,0048;null;0,0045;0,001;0,00395;0,00885;0,0036;0,00695;null;0,0045;0,00245;0,0038;0,0029;0,0042;0,001;null;null;null;null;null;null;null;null;null;;;;;;;;;;;;
Бровари;5053080;Завислі речовини;null;0,055;0,073;0,055;0,0545;0,0545;0,072;null;0,065;0,0365;0,0545;0,0555;0,055;0,0545;null;0,073;0,0545;0,0535;0,0355;0,0715;0,0715;null;0,0725;0,054;0,072;0,055;0,055;0,055;null;0,0715;;;;;;;;;;;;
Бровари;5053080;Дiоксид сiрки;null;0,0444;0,036575;0,034175;0,0417;0,048175;0,048275;null;0,0471;0,042725;0,044675;0,04725;0,04145;0,0359;null;0,035225;0,036275;0,048875;0,066225;0,07915;0,06875;null;0,067375;0,058525;0,05985;0,0529;0,059975;0,0517;null;0,04495;;;;;;;;;;;;
Бровари;5053080;Оксид вуглецю;null;0,5;0,45;0,5;0,45;0,4;0,55;null;0,5;0,6;0,55;0,6;0,6;0,55;null;0,55;0,55;0,55;0,55;0,5;0,55;null;0,55;0,5;0,55;0,6;0,55;0,55;null;0,6;;;;;;;;;;;;
Бровари;5053080;Дiоксид азоту;null;0,085175;0,076475;0,068;0,08525;0,09355;0,091;null;0,089875;0,078275;0,08955;0,0895;0,080875;0,07415;null;0,0591;0,073;0,069875;0,08055;0,096675;0,09125;null;0,11765;0,10675;0,104925;0,0952;0,1033;0,09205;null;0,081575;;;;;;;;;;;;
Обухів;5013060;Завислі речовини;null;0,111;0,0925;0,074;0,147;0,1095;0,0725;null;0,0915;0,128;0,13;0,0925;0,145;0,146;null;0,0725;0,036;0,0535;0,1065;0,1075;0,0715;null;0,054;0,0715;0,054;0,0365;0,0725;0,0915;null;0,071;;;;;;;;;;;;
Обухів;5013060;Дiоксид сiрки;null;0,041775;0,034325;0,04805;0,037775;0,0372;0,053325;null;0,045025;0,0335;0,054425;0,03885;0,0452;0,03545;null;0,045425;0,0504;0,038075;0,045825;0,064;0,057825;null;0,05105;0,043125;0,03435;0,053;0,0436;0,05835;null;0,04515;;;;;;;;;;;;
Обухів;5013060;Оксид вуглецю;null;0,6;0,85;0,6;0,7;0,8;0,9;null;0,6;0,9;0,75;0,7;0,95;0,85;null;0,75;0,9;0,518;1,3;1,55;1;null;1,15;1,35;0,95;0,45;0,15;0,25;null;0,5;;;;;;;;;;;;
Обухів;5013060;Дiоксид азоту;null;0,0748;0,062225;0,082775;0,081;0,072725;0,070775;null;0,088325;0,0536;0,092875;0,061475;0,0722;0,077125;null;0,075275;0,083875;0,08725;0,0908;0,110475;0,080975;null;0,0915;0,095475;0,073825;0,1043;0,082225;0,098425;null;0,075375;;;;;;;;;;;;
Українка;5023080;Завислі речовини;null;0,073;0,036;0,0365;0,054;0,0715;0,0355;null;0,0715;0,0545;0,073;0,0545;0,055;0,055;null;0,0545;0,0715;0,088;0,0695;0,07;0,0885;null;0,0535;0,0535;0,071;0,054;0,055;0,073;null;0,071;;;;;;;;;;;;
Українка;5023081;Дiоксид сiрки;null;0,035475;0,035466667;0,03355;0,04465;0,041775;0,03345;null;0,038975;0,04455;0,044175;0,04495;0,046425;0,05025;null;0,084025;0,042825;0,06315;0,0629;0,082025;0,079;null;0,049325;0,033375;0,0382;0,039;0,046575;0,0437;null;0,03275;;;;;;;;;;;;
Українка;5023082;Оксид вуглецю;null;1,085;1,21;0,955;1,645;0,97;1,1;null;1,425;1,895;1,17;0,825;1,015;1,15;null;0,965;0,785;0,865;1,425;4,86;1,11;null;0,915;0,91;0,72;0,92;0,78;1,09;null;1,41;;;;;;;;;;;;
Українка;5023083;Дiоксид азоту;null;0,0679;0,071533333;0,07465;0,08055;0,077875;0,06375;null;0,08245;0,081725;0,08525;0,0797;0,091975;0,098175;null;0,23435;0,194375;0,157425;0,162475;0,128525;0,128825;null;0,0884;0,08055;0,0807;0,078825;0,076575;0,079225;null;0,080575;;;;;;;;;;;;
Житомир;5022870;Завислі речовини;null;0,083;0,09225;0,08275;0,08225;0,08225;0,08175;null;0,099;0,1015;0,0745;0,0935;0,074;0,08325;null;0,10075;0,0905;0,0805;0,0805;0,08025;0,09;null;0,08175;0,10075;0,08225;0,0735;0,0925;0,0835;null;0,0885;;;;;;;;;;;;
Житомир;5022871;Дiоксид сiрки;null;0,031325;0,031725;0,031175;0,0296375;0,032;0,0298375;null;0,0316375;0,0324625;0,041625;0,0384125;0,0397;0,042075;null;0,0387875;0,037625;0,0398375;0,039425;0,0373625;0,0393375;null;0,038575;0,04115;0,03845;0,041775;0,0398875;0,0402875;null;0,0377875;;;;;;;;;;;;
Житомир;5022872;Оксид вуглецю;null;0,5975;0,6075;0,6225;0,5675;0,6075;0,535;null;0,74;0,6625;0,81;0,65;0,505;0,675;null;0,595;0,6;0,55;0,55;0,555;0,53;null;0,575;0,6625;0,6175;0,525;0,325;0,5725;null;0,5175;;;;;;;;;;;;
Житомир;5022873;Дiоксид азоту;null;0,10805;0,110925;0,103325;0,1146875;0,1018875;0,1095625;null;0,1056625;0,1165125;0,108875;0,11775;0,1084875;0,11275;null;0,1061875;0,1054125;0,110425;0,100725;0,10995;0,1060375;null;0,1066625;0,1030625;0,1057625;0,111525;0,1079125;0,1151625;null;0,1086125;;;;;;;;;;;;
Чернігів;5143130;Завислі речовини;null;0,09525;0,1085;0,081;0,1085;0,12025;0,09275;null;0,0665;0,095;0,06825;0,08175;0,068;0,109;null;0,108;0,08025;0,09275;0,07925;0,10525;0,092;null;0,106;0,078;0,10425;0,09425;0,0815;0,09575;null;0,06625;;;;;;;;;;;;
Чернігів;5143131;Дiоксид сiрки;null;0,054425;0,0488375;0,0513375;0,0491375;0,0557125;0,0475625;null;0,05285;0,053175;0,0483375;0,0452375;0,0523;0,053725;null;0,03635;0,034725;0,041775;0,04165;0,0430125;0,042875;null;0,04295;0,0414375;0,03675;0,0480875;0,0407625;0,0505875;null;0,043;;;;;;;;;;;;
Чернігів;5143132;Оксид вуглецю;null;0,3475;0,385;0,43;0,4025;0,385;0,39;null;0,3925;0,4075;0,34;0,305;0,3175;0,32;null;0,3575;0,3875;0,53;0,56;0,5475;1,67;null;0,61;0,3925;0,3875;0,4075;0,3725;0,425;null;0,4075;;;;;;;;;;;;
Чернігів;5143133;Дiоксид азоту;null;0,090425;0,0945125;0,0940125;0,0991625;0,0940125;0,0807;null;0,087975;0,0941625;0,10605;0,0920875;0,0909625;0,0958125;null;0,075575;0,076125;0,0795875;0,0761375;0,07585;0,0800625;null;0,0788625;0,09295;0,0914;0,104275;0,07665;0,0855375;null;0,083425;;;;;;;;;;;;
