city;coordinateNumber;nameImpurity;1February;2February;3February;5February;6February;7February;8February;9February;10February;11February;12February;13February;14February;15February;16February;17February;19February;20February;21February;22February;23February;24February;26February;27February;28February;29February
Київ;5053050;Завислі речовини;0,076857143;0,077964286;0,081678571;0,078178571;0,077964286;0,080357143;0,077333333;0,077153846;0,077423077;null;0,078961538;0,077769231;0,076846154;0,081;0,076615385;0,077384615;0,073333333;0,073;0,075625;0,079083333;0,079375;0,076416667;0,076958333;0,076041667;0,075;0,077076923
Київ;5053050;Дiоксид сiрки;0,094547619;0,09017381;0,081097619;0,084780952;0,080264286;0,088866667;0,085434146;0,087239474;0,074521053;null;0,087152632;0,087292105;0,083523684;0,085297368;0,088439474;0,074410526;0,088805882;0,085352941;0,087161765;0,09555;0,095758824;0,085164706;0,095573529;0,093876471;0,097491176;0,092486842
Київ;5053050;Сульфати;0,02;0,0195;0,0195;0,0185;0,021;0,0175;0,0195;0,019;0,0165;0,011;0,0205;0,021;0,019;0,017;0,021;0,0165;0,0195;0,015;0,0155;0,015;0,0185;0,0195;0,0175;0,018;0,0215;0,0225
Київ;5053050;Оксид вуглецю;1,1328125;0,939375;0,586875;0,6834375;0,7565625;0,823125;0,786875;0,92625;0,76375;null;1,15125;1,335;1,4671875;1,3746875;1,2115625;0,7709375;0,963;0,719;0,981;0,813666667;0,801666667;0,594333333;0,802333333;0,892333333;0,756333333;1,0621875
Київ;5053050;Дiоксид азоту;0,06215;0,063707143;0,056680952;0,052290476;0,050388095;0,063185714;0,06885122;0,063894737;0,055760526;null;0,055797368;0,063294737;0,0664;0,058721053;0,060665789;0,057818421;0,065967647;0,069661765;0,073602941;0,097894118;0,097273529;0,105473529;0,103767647;0,105252941;0,113191176;0,117610526
Київ;5053050;Оксид азоту;0,036075;0,03735;0,0315;0,0316;0,03035;0,0383;0,0395;null;null;null;null;null;null;null;null;null;null;null;null;null;null;null;null;null;null;null
Київ;5053050;Сiрководень;0,001766667;0,001766667;0,001833333;0,001733333;0,00165;0,002;0,001866667;0,001766667;0,00155;null;0,001716667;0,00175;0,001616667;0,001933333;0,001716667;0,00145;0,001433333;0,001533333;0,001916667;0,0019;0,001883333;0,0017;0,001916667;0,001766667;0,00185;0,001933333
Київ;5053050;Фенол;0,001583333;0,001494444;0,001427778;0,001516667;0,00135;0,001672222;0,001458824;0,001492857;0,001685714;null;0,001592857;0,002021429;0,002078571;0,001878571;0,002192857;0,00165;0,002241667;0,002291667;0,0023;0,002558333;0,002691667;0,00235;0,002683333;0,003066667;0,002941667;0,003142857
Київ;5053050;Фтористий водень;0,000744444;0,000566667;0,000544444;0,000661111;0,000777778;0,000711111;0,000711765;0,000678571;0,000614286;null;0,000728571;0,000964286;0,000714286;0,000628571;0,000878571;0,000728571;0,000757143;0,000678571;0,00075;0,0009;0,000742857;0,000614286;0,000742857;0,000771429;0,000728571;0,000742857
Київ;5053050;Хлористий водень;0,052295;0,04842;0,042985;0,04746;0,0473;0,05407;0,046865;0,04474;0,046885;null;0,053555;0,052135;0,048865;0,050045;0,05116;0,042055;0,038665;0,04659;0,04346;0,05932;0,048325;0,05732;0,047045;0,04428;0,052995;0,059015
Київ;5053050;Амiак;0,007035;0,00692;0,00689;0,007315;0,00689;0,007455;0,007205263;0,007394444;0,006861111;null;0,007338889;0,007422222;0,007227778;0,007038889;0,006805556;0,007022222;0,0069625;0,0073625;0,00715;0,00761875;0,00719375;0,0075125;0,00709375;0,00705625;0,00730625;0,007183333
Київ;5053050;Формальдегiд;0,00328;0,003164;0,00368;0,003186;0,003484;0,00369;0,003106122;0,003382609;0,003167391;null;0,004213043;0,003908696;0,003586957;0,003126087;0,003582609;0,003086957;0,002869048;0,003045238;0,003764286;0,003980952;0,004011905;0,003969048;0,003992857;0,003807143;0,003716667;0,004056522
Вінниця;4922860;Завислі речовини;0,075;0,025;0,025;0,05;0,025;0,125;0;0;0;null;0,25;0,075;0,075;0,25;0,375;0,1;0,05;0;0;0,375;0,225;0,05;0,1;0,35;0,4;0,375
Вінниця;4922860;Дiоксид сiрки;0;0,0005;0,0015375;0,0007875;0,000525;0,000525;0,001025;0,0005125;0,0013125;null;0,0002625;0,0007875;0;0,0005;0;0,0005;0,0005;0,0005;0,000775;0;0,0002625;0,0007875;0,00105;0,001;0,0031;0
Вінниця;4922860;Оксид вуглецю;0,875;0,625;0,625;0,6;0,675;0,675;0,725;0,75;0,875;null;1,075;0,725;0,675;0,6;0,75;0,625;0,675;0,625;0,725;0,7;0,725;0,675;0,675;0,8;0,8;0,8
Вінниця;4922860;Дiоксид азоту;0,1492375;0,1084375;0,1050625;0,1162375;0,0881;0,12415;0,12885;0,1007625;0,0990125;null;0,119075;0,1277125;0,053075;0,084775;0,0928125;0,0874125;0,1185875;0,111925;0,1694375;0,112275;0,1097875;0,094275;0,0572;0,0847;0,059875;0,0874
Вінниця;4922860;Фтористий водень;0,0077625;0,0046;0,0014125;0,007625;0,0102;0,0106375;0,0003625;0,00325;0,0175125;null;0,0055;0;0,015325;0,002125;0;0,0140125;0,00035;0,004275;0,0131875;0;0,004725;0,015275;0,000725;0,004275;0;0,00285
Вінниця;4922860;Амiак;0,010625;0;0,003625;0,00365;0;0,012975;0;0,018025;0,00365;null;0;0,00365;0,012525;0,0106;0;0;0;0,023125;0,016225;0,003575;0;0;0,003575;0,003625;0,014325;0
Вінниця;4922860;Формальдегiд;0,0116;0,00385;0;0,004;0,004;0,006;0,01835;0,00395;0,006;null;0,012;0,01;0,00385;0,0038;0,0135;0,0019;0;0,00585;0,00585;0;0,00195;0;null;null;null;null
Луцьк;5082530;Завислі речовини;0,083333333;0,1;0,016666667;0,033333333;0,066666667;0,066666667;0,116666667;0,05;0,016666667;null;0,1;0,083333333;0,1;0,1;0,066666667;0,083333333;0,1;0,066666667;0,083333333;0,1;0,05;0,033333333;0,066666667;0,083333333;0,1;0,1
Луцьк;5082530;Дiоксид сiрки;0,003125;0,002441667;0,00255;0,001958333;0,002825;0,002758333;0,003141667;0,002508333;0,002066667;null;0,002766667;0,002283333;0,001925;0,001925;0,002116667;0,002175;0,003616667;0,004933333;0,0028;0,002366667;0,0027;0,002033333;0,001983333;0,002483333;0,002766667;0,002233333
Луцьк;5082530;Сульфати;0,01;0,01;0;0,005;0;0,005;0,01;0;0;null;0,01;0,01;0,01;0,01;0,02;0,005;0,01;0,005;0,015;0,01;0,005;0;0,01;0,01;0,01;0,005
Луцьк;5082530;Оксид вуглецю;0,166666667;0,166666667;0;0;0,166666667;0,166666667;0;0,166666667;0;null;0;0;0,166666667;0,666666667;0,333333333;0;0,666666667;0,333333333;0,666666667;0;0;0;0,333333333;0,5;0,5;0,666666667
Луцьк;5082530;Дiоксид азоту;0,119091667;0,141041667;0,109425;0,131875;0,121158333;0,108341667;0,129375;0,131208333;0,126208333;null;0,179366667;0,113716667;0,095141667;0,11345;0,120583333;0,076108333;0,129133333;0,129925;0,179666667;0,13525;0,141916667;0,109216667;0,14695;0,1045;0,105883333;0,102108333
Луцьк;5082530;Оксид азоту;0,084475;0,054925;0,040425;0,055525;0,060225;0,044075;0,0765;0,094725;0,0923;null;0,0843;0,03885;0,053075;0,065625;0,05385;0,05735;0,05015;0,050225;0,066525;0,044875;0,040225;0,052475;0,062125;0,041125;0,039225;0,045325
Луцьк;5082530;Фенол;0,007166667;0,007058333;0,005383333;0,007041667;0,005983333;0,007016667;0,006791667;0,005725;0,004783333;null;0,007083333;0,006575;0,006341667;0,006766667;0,007141667;0,005416667;0,007841667;0,006666667;0,0079;0,007258333;0,006825;0,005075;0,006325;0,007891667;0,007108333;0,007983333
Луцьк;5082530;Формальдегiд;0,0036;0,0031375;0,002625;0,00345;0,00485;0,0047375;0,004775;0,0064875;0,0055375;null;0,010725;0,0082375;0,0054875;0,0067875;0,0076125;0,0050375;0,0071625;0,008125;0,007225;0,007225;0,0083625;0,0069375;0,0091;0,010025;0,00975;0,00755
Ужгород;4862230;Завислі речовини;0,1775;0,135;0,1675;0,16;0,1425;0,13;0,1075;0,1025;0,0925;null;0,0975;0,1075;0,1025;0,1125;0,1175;0,1375;0,135;0,16;0,1225;0,1275;0,1175;0,085;0,085;0,2575;0,1175;0,15
Ужгород;4862230;Дiоксид сiрки;0,01875;0,01825;0,015375;0,01625;0,019;0,016;0,01325;0,012375;0,014125;null;0,011125;0,011;0,014125;0,013125;0,0155;0,015125;0,017;0,018;0,015875;0,01425;0,012375;0,015125;0,0145;0,01475;0,01275;0,0165
Ужгород;4862230;Сульфати;0,0045;0,008;0,006;0,0055;0,0065;0,0035;0,006;0,0065;0,007;null;0,0065;0,0045;0,009;0,009;0,009;0,0075;0,004;0,007;0,0065;0,0045;0,0065;0,0045;0,005;0,008;0,006;0,0075
Ужгород;4862230;Оксид вуглецю;1,125;0,8925;0,8075;1,21;1,2475;0,6925;0,735;0,855;0,69;null;0,735;0,7225;0,69;0,9825;1,3575;1,2925;1;1,7025;1,0425;0,8425;0,715;0,825;0,975;2,465;1,3575;1,5775
Ужгород;4862230;Дiоксид азоту;0,0825;0,06525;0,07875;0,07175;0,07075;0,05275;0,057125;0,041;0,06675;null;0,05325;0,049;0,04525;0,05025;0,059875;0,083125;0,07425;0,06625;0,04925;0,04475;0,044125;0,05;0,042875;0,059375;0,04625;0,054
Ужгород;4862230;Оксид азоту;0,029;0,02975;0,0455;0,04225;0,04175;0,028;0,03575;0,02375;0,05075;null;0,03575;0,025;0,02825;0,0315;0,0295;0,03475;0,04;0,042;0,02775;0,02625;0,02825;0,02925;0,02525;0,03425;0,0215;0,03025
Ужгород;4862230;Формальдегiд;0,00975;0,007875;0,00725;0,00575;0,006875;0,0075;0,004875;0,005875;0,005875;null;0,00575;0,00825;0,007;0,007875;0,007625;0,008;0,00875;0,00775;0,006125;0,0075;0,007625;0,009;0,008625;0,008375;0,005375;0,006125
Запоріжжя;4793510;Завислі речовини;0,1;0,07;0,07;0,091;0,11;0,13;0,13;0,11;0,1;null;0,1;0,1;0,14;0,18;0,24;0,14;0,16;0,1;0,12;0,12;0,1;0,12;0,17;0,21;0,21;0,14
Запоріжжя;4793510;Дiоксид сiрки;0,005757143;0,007892857;0,0074;0,0066;0,0072;0,006557143;0,00775;0,007607143;0,0066;null;0,006023077;0,007321429;0,007885714;0,006928571;0,00695;0,006792857;0,0074;0,006357143;0,00635;0,00785;0,007328571;0,006228571;0,007469231;0,008007143;0,006435714;0,005992857
Запоріжжя;4793510;Сульфати;0,01;0,01;0,01;0,01;0,01;0,01;0,005;0,015;0,015;null;0,015;0,015;0,01;0,02;0,02;0,01;0,015;0,015;0,01;0,01;0,015;0,01;0,02;0,015;0,015;0,02
Запоріжжя;4793510;Оксид вуглецю;0,29;0,22;0,14;0,2;0,18;0,17;0,22;0,3;0,21;null;0,23;0,3;0,4;0,2;0,2;0,15;0,13;0,21;0,16;0,17;0,18;0,12;0,25;0,26;0,26;0,35
Запоріжжя;4793510;Дiоксид азоту;0,061342857;0,048535714;0,063107143;0,0607;0,052614286;0,064542857;0,073857143;0,075435714;0,06505;null;0,069007692;0,088714286;0,064585714;0,083121429;0,07865;0,064771429;0,050623077;0,057607143;0,056485714;0,0796;0,070735714;0,056621429;0,074923077;0,0943;0,077628571;0,081528571
Запоріжжя;4793510;Оксид азоту;0,036966667;0,039166667;0,038933333;0,031233333;0,041733333;0,047533333;0,033433333;0,0482;0,0529;null;0,0517;0,049166667;0,044766667;0,058966667;0,064766667;0,064333333;0,051233333;0,053466667;0,045166667;0,054366667;0,047933333;0,052633333;0,050233333;0,0676;0,049966667;0,058766667
Запоріжжя;4793510;Сiрководень;0,003163636;0,002454545;0,002072727;0,002866667;0,0024;0,002572727;0,003254545;0,003272727;0,0034;null;0,003244444;0,004081818;0,003918182;0,004663636;0,003490909;0,003645455;0,003733333;0,004127273;0,002981818;0,003509091;0,002854545;0,002245455;0,002933333;0,0035;0,0027;0,003163636
Запоріжжя;4793510;Фенол;0,00441;0,00511;0,00453;0,004911111;0,00508;0,00575;0,00609;0,00605;0,00594;null;0,005877778;0,00684;0,00511;0,00685;0,00589;0,00481;0,005244444;0,00633;0,00544;0,00649;0,00537;0,00483;0,007555556;0,00689;0,00634;0,00718
Запоріжжя;4793510;Фтористий водень;0;0;0;0;0;0;0;0,0004;0,000275;null;0;0,00055;0,0005;0,001;0,00065;0,0003;0,000333333;0,00055;0;0,000725;0,0012;0,000675;0,0002;0,00075;0,00015;0
Запоріжжя;4793510;Хлористий водень;0,0401125;0,0388625;0,0326;0,033316667;0,0307375;0,0315875;0,0299375;0,0367;0,0344;null;0,0386;0,046225;0,02875;0,0404375;0,039875;0,039625;0,033483333;0,0360125;0,0337375;0,03875;0,0376125;0,0377125;0,047266667;0,04495;0,03885;0,04155
Запоріжжя;4793510;Формальдегiд;0,0038;0,003;0,0033;0,004333333;0,005425;0,006875;0,0047;0,005725;0,0043;null;0,0076;0,006175;0,004375;0,009525;0,0069;0,00655;0,0066;0,007;0,003125;0,00425;0,00395;0,00255;0,0068;0,007075;0,005575;0,007475
Івано-Франківськ;4892470;Завислі речовини;0,145;0,11;0,15;0,16;0,14;0,15;0,105;0,105;0,15;null;0,145;0,135;0,14;0,145;0,16;0,15;0,14;0,115;0,145;0,145;0,165;0,14;0,145;0,15;0,16;0,14
Івано-Франківськ;4892470;Дiоксид сiрки;0,0068;0,006;0,006875;0,008125;0,00775;0,0078;0,004925;0,005825;0,0078;null;0,008575;0,007675;0,007125;0,016125;0,006;0,004875;0,00525;0,0057;0,0057;0,005375;0,00545;0,005025;0,005025;0,004575;0,004625;0,004925
Івано-Франківськ;4892470;Оксид вуглецю;1,8;1,15;1,8;2,05;1,65;1,9;1,3;1,4;1,85;null;1,75;1,6;1,5;1,75;1,85;1,75;1,6;1,4;1,8;1,9;2,1;1,75;1,5;1,8;1,95;1,6
Івано-Франківськ;4892470;Дiоксид азоту;0,0384;0,037425;0,034075;0,04285;0,041825;0,043925;0,04805;0,043725;0,03905;null;0,066425;0,04685;0,039175;0,045875;0,036175;0,041675;0,038125;0,040925;0,039125;0,04265;0,0462;0,038475;0,043475;0,054675;0,0409;0,0506
Івано-Франківськ;4892470;Оксид азоту;0,02555;0,0257;0,0237;0,0291;0,028125;0,0286;0,031775;0,0292;0,026;null;0,04345;0,031475;0,02675;0,030475;0,024575;0,026825;0,026125;0,027475;0,026;0,02855;0,03005;0,026025;0,0287;0,035125;0,02675;0,033375
Дніпро;4863510;Завислі речовини;0,325;0,2375;0,2125;0,2375;0,175;0,25;0,2;0,2;0,1625;null;0,1875;0,2375;0,225;0,2375;0,2;0,225;0,2625;0,225;0,25;0,3;0,2375;0,2375;0,2375;0,275;0,3;0,325
Дніпро;4863510;Дiоксид сiрки;0,012875;0,009791667;0,011833333;0,0115;0,011083333;0,009541667;0,009208333;0,008833333;0,011041667;null;0,011388889;0,012916667;0,009708333;0,011666667;0,012583333;0,012583333;0,010055556;0,009291667;0,010541667;0,015291667;0,013125;0,012541667;0,020388889;0,016625;0,029291667;0,018916667
Дніпро;4863510;Оксид вуглецю;1,916666667;2,25;3;2,583333333;2,25;2,666666667;2,333333333;2,25;2,083333333;null;2;2,416666667;2,666666667;2;2,25;1,833333333;2,083333333;1,916666667;1,916666667;2,166666667;2;2;2,416666667;2;2,083333333;2,333333333
Дніпро;4863510;Дiоксид азоту;0,07375;0,074166667;0,077916667;0,088888889;0,08;0,079166667;0,085416667;0,082916667;0,065833333;null;0,06;0,073333333;0,06625;0,058333333;0,058333333;0,055416667;0,057222222;0,06375;0,0625;0,055416667;0,0525;0,04625;0,052222222;0,049583333;0,050416667;0,055416667
Дніпро;4863510;Оксид азоту;0,0275;0,03;0,05;0,046666667;0,05;0,0475;0,0375;0,05;0,035;null;0,03;0,0425;0,045;0,0275;0,0425;0,0275;0,036666667;0,0375;0,0325;0,035;0,0275;0,03;0,03;0,0325;0,035;0,04
Дніпро;4863510;Сiрководень;0,001833333;0,003041667;0,003041667;0,003722222;0,00375;0,00325;0,003083333;0,001333333;0,001541667;null;0,003111111;0,0015;0,001458333;0,001666667;0,00175;0,0015;0,001277778;0,001041667;0,00125;0,001208333;0,001958333;0,001208333;0,001611111;0,002166667;0,001291667;0,001958333
Дніпро;4863510;Фенол;0,001666667;0,002083333;0,002166667;0,002111111;0,00225;0,00175;0,00225;0,002666667;0,003;null;0,001777778;0,001916667;0,002083333;0,0035;0,004083333;0,002;0,003444444;0,002583333;0,001916667;0,001666667;0,00175;0,002166667;0,002333333;0,00175;0,001833333;0,001583333
Дніпро;4863510;Амiак;0,0375;0,02625;0,02125;0,035;0,03;0,02875;0,04625;0,0375;0,0325;null;0,035;0,03625;0,0375;0,03625;0,0325;0,035;0,035;0,03;0,035;0,03625;0,0375;0,035;0,038333333;0,035;0,03625;0,03625
Дніпро;4863510;Формальдегiд;0,009583333;0,008916667;0,009166667;0,007555556;0,0105;0,011;0,011666667;0,011416667;0,010083333;null;0,013222222;0,011916667;0,012083333;0,010083333;0,009333333;0,00925;0,010333333;0,009083333;0,008916667;0,011666667;0,011333333;0,01225;0,012111111;0,010166667;0,01125;0,010166667
Кривий Ріг;4793340;Завислі речовини;0,26;0,23;0,06;0,11;0,17;0,27;0,19;0,05;0;null;0,14;0,11;0,11;0,08;0,24;0,27;0,19;0,27;0,32;0,49;0,48;0,46;0,35;0,46;0,39;0,36
Кривий Ріг;4793340;Дiоксид сiрки;0,021692308;0,016076923;0,012923077;0,0141;0,019846154;0,024615385;0,016538462;0,017076923;0,006769231;null;0,0358;0,031846154;0,019230769;0,007230769;0,014230769;0,023153846;0,0187;0,024461538;0,033307692;0,034461538;0,027461538;0,026769231;0,0284;0,029;0,023769231;0,026923077
Кривий Ріг;4793340;Оксид вуглецю;1,2;1;1,1;0,8;1;1;0,8;1,7;2;null;2,2;1,7;1,2;1,2;1,4;1,4;1;1;1,3;1,4;1,4;1,5;1,2;1,1;1,2;1,4
Кривий Ріг;4793340;Дiоксид азоту;0,026923077;0,023846154;0,023846154;0,018;0,024615385;0,028461538;0,021538462;0,03;0,031538462;null;0,043;0,023076923;0,020769231;0,019230769;0,026153846;0,033076923;0,024;0,032307692;0,026153846;0,030769231;0,034615385;0,026153846;0,026;0,026923077;0,031538462;0,038461538
Кривий Ріг;4793340;Оксид азоту;0,01;0,013333333;0,006666667;0,01;0,016666667;0,016666667;0,013333333;0,026666667;0,02;null;0,02;0,016666667;0,013333333;0,01;0,013333333;0,02;0,01;0,02;0,01;0,016666667;0,02;0,013333333;0,03;0,013333333;0,016666667;0,02
Кривий Ріг;4793340;Сiрководень;0,0013;0,0008;0,0011;0,0006;0,0011;0,0011;0,0008;0,0014;0,0013;null;0,0019;0,0011;0,001;0,001;0,0015;0,0013;0,0009;0,0013;0,0015;0,0018;0,0013;0,0011;0,0014;0,0019;0,0014;0,0015
Кривий Ріг;4793340;Фенол;0,002;0,0014;0,00175;0,001933333;0,0018;0,00215;0,00135;0,0026;0,0021;null;0,003446667;0,00275;0,00155;0,0014;0,00255;0,00275;0,002066667;0,0023;0,0031;0,00405;0,0031;0,00255;0,002866667;0,003;0,003;0,0036
Кривий Ріг;4793340;Амiак;0,0095;0,0085;0,0095;0,009333333;0,01;0,0095;0,008;0,0095;0,0105;null;0,012;0,011;0,0105;0,0085;0,01;0,011;0,01;0,01;0,0105;0,0115;0,011;0,01;0,008266667;0,0095;0,0105;0,012
Кривий Ріг;4793340;Формальдегiд;0,00685;0,0067;0,0074;0,009066667;0,0087;0,0081;0,0058;0,00525;0,00615;null;0,010533333;0,00915;0,0082;0,0054;0,0068;0,00935;0,0082;0,0103;0,0094;0,00775;0,0079;0,00765;0,0118;0,0147;0,0118;0,01025
Кам'янське;4853460;Завислі речовини;0,2025875;0,166475;0,1554125;0,0910375;0,126325;0,244625;0,1672125;0,0803875;0,047825;null;0,0923;0,0858625;0,182125;0,16205;0,204125;0,1635875;0,1813375;0,2549125;0,171875;0,2174;0,31925;0,31405;0,286525;0,216125;0,2415;0,247525
Кам'янське;4853460;Дiоксид сiрки;0,005075;0,00295;0,00375;0,002925;0,0044125;0,00395;0,004625;0,0047875;0,003175;null;0,003175;0,0041625;0,00605;0,00505;0,0070125;0,00555;0,0048375;0,0056375;0,004375;0,00535;0,00575;0,005075;0,0055;0,005825;0,0061;0,00665
Кам'янське;4853460;Оксид вуглецю;2,75;2,625;3;2,625;3;2,875;2,75;2,75;2,875;null;2,875;3;3,125;3,5;4;3,75;3,25;3,5;2,75;2,75;2,25;2,5;2,75;3,25;2,5;2,75
Кам'янське;4853460;Дiоксид азоту;0,08366875;0,08984375;0,085625;0,054275;0,09691875;0,09138125;0,0975375;0,08511875;0,0769875;null;0,122191667;0,117425;0,0988;0,1013;0,10439375;0,1074625;0,118058333;0,11104375;0,1042;0,103275;0,11085;0,09865;0,098033333;0,0984125;0,1153375;0,113675
Кам'янське;4853460;Оксид азоту;0,04245;0,0432;0,040975;0,028966667;0,05705;0,052025;0,056325;0,0451;0,03985;null;0,062266667;0,0557;0,047825;0,04595;0,0417;0,049175;0,047733333;0,053575;null;null;null;null;null;null;null;null
Кам'янське;4853460;Сiрководень;0,004913333;0,004806667;0,004126667;0,004281818;0,004973333;0,004426667;0,004866667;0,004626667;0,00422;null;0,006154545;0,005906667;0,006006667;0,005646667;0,005226667;0,005146667;0,005272727;0,00542;0,004542857;0,004185714;0,004928571;0,005242857;0,0056;0,004742857;0,004971429;0,004842857
Кам'янське;4853460;Фенол;0,005175;0,00529375;0,0043125;0,004925;0,0061625;0,00545625;0,00584375;0,005025;0,00443125;null;0,0061;0,00584375;0,00639375;0,00623125;0,00593125;0,0050125;0,006725;0,006175;0,0055625;0,004975;0,006625;0,0062625;0,005716667;0,0070625;0,0069625;0,00575
Кам'янське;4853460;Амiак;0,043525;0,0326625;0,042425;0,0344125;0,0280875;0,0335875;0,0389875;0,038575;0,0358375;null;0,0424125;0,0481;0,0412125;0,0451375;0,04885;0,045875;0,04255;0,04665;0,048025;0,042225;0,051775;0,048325;0,041275;0,04695;0,0464;0,048475
Кам'янське;4853460;Формальдегiд;0,009225;0,0094625;0,0098875;0,0083375;0,0117125;0,0095625;0,0092125;0,0088625;0,0081625;null;0,009675;0,0093125;0,0114875;0,0114625;0,0110375;0,009775;0,00955;0,0121375;0,010925;0,01265;0,011575;0,009725;0,009525;0,0113;0,010725;0,009475
Краматорськ;4873760;Завислі речовини;0,075;0,1;0,1;0,075;0,125;0,075;0,1;0,075;0,1;null;0,1;0,175;0,15;0,15;0,1;0,125;0,075;0,1;0,125;0,125;0,125;0,1;0,025;0,025;0,05;0,075
Краматорськ;4873760;Дiоксид сiрки;0,005125;0,001275;0,00225;0,001775;0,0035;0,001475;0,001275;0,00045;0,004925;null;0,004;0,004725;0,00215;0,0095;0,001275;0,006025;0,00205;0,001975;0,002775;0,01345;0,011925;0,000825;0,001375;0,003975;0,0034;0,002625
Краматорськ;4873760;Оксид вуглецю;1,25;1;0,75;0,5;0,75;0,5;1;1,5;1;null;1,25;2;1,5;1;1,5;1,25;0,75;0,75;0,5;0,75;0,75;1;1;1,5;3;2,5
Краматорськ;4873760;Дiоксид азоту;0,054425;0,056675;0,11095;0,094425;0,05305;0,048375;0,08285;0,08985;0,081225;null;0,085025;0,070875;0,07465;0,058475;0,058125;0,09;0,04965;0,018875;0,2196;0,082875;0,0576;0,0954;0,09935;0,155625;0,116625;0,103125
Краматорськ;4873760;Фенол;0,00345;0,003175;0,002875;0,002325;0,00895;0,0014;0,008325;0,00295;0,00295;null;0,00475;0,002125;0,011225;0,003775;0,00155;0,002775;0,0032;0,0015;0,00235;0,00125;0,00435;0,002475;0,00245;0,001675;0,0015;0,0014
Краматорськ;4873760;Фтористий водень;0,0089;0,01405;0,015975;0,008975;0,008375;0,008375;0,005525;0,00875;0,0057;null;0,00755;0,007;0,00925;0,0144;0,0072;0,01115;0,01315;0,0062;0,009225;0,00815;0,0086;0,011425;0,010725;0,009025;0,008875;0,00795
Краматорськ;4873760;Формальдегiд;0,016025;0,0117;0,014125;0,010725;0,0201;0,015325;0,0241;0,0246;0,023975;null;0,014525;0,003425;0,00735;0,002925;0,00265;0,00925;0,014425;0,0047;0,011875;0,0098;0,0031;0,003775;0,00295;0,010675;0,001175;0,0006
Кропивницький;4853220;Завислі речовини;0,216666667;0,166666667;0,166666667;0,133333333;0,233333333;0,2;0,15;0,15;0,2;null;0,283333333;0,166666667;0,216666667;0,183333333;0,166666667;0,2;0,166666667;0,183333333;0,25;0,183333333;0,166666667;0,15;0,2;0,216666667;0,2;0,166666667
Кропивницький;4853220;Дiоксид сiрки;0,015083333;0,019008333;0,0196;0,017522222;0,01515;0,019275;0,0154;0,018966667;0,020108333;null;0,017933333;0,023483333;0,015925;0,014308333;0,017091667;0,016775;0,019577778;0,015708333;0,0216;0,021258333;0,017258333;0,020591667;0,014133333;0,014225;0,020133333;0,016683333
Кропивницький;4853220;Сульфати;0,005;0;0,01;0,005;0,01;0,005;0,005;0,005;0;null;0,005;0;0,01;0;0,005;0,01;0;0,01;0,005;0,01;0,01;0,005;0,01;0,005;0;0,005
Кропивницький;4853220;Оксид вуглецю;1,666666667;1,5;1,833333333;1,666666667;1,666666667;1,666666667;2,166666667;2,166666667;2,666666667;null;2,833333333;2,333333333;3;2,833333333;2,333333333;2,166666667;2,333333333;1,666666667;1,666666667;2;2,166666667;2,5;1,666666667;1,833333333;1,333333333;1,666666667
Кропивницький;4853220;Дiоксид азоту;0,045333333;0,025933333;0,042725;0,033255556;0,028275;0,032291667;0,026233333;0,029066667;0,030516667;null;0,031533333;0,031008333;0,030908333;0,02635;0,026833333;0,030591667;0,026622222;0,033433333;0,026033333;0,024;0,03035;0,033258333;0,030822222;0,031891667;0,025016667;0,026091667
Кропивницький;4853220;Оксид азоту;0,031675;0,011625;0,02205;0,0196;0,02255;0,015675;0,018225;0,0189;0,021375;null;0,013966667;0,02285;0,0193;0,018325;0,015425;0,0193;0,016066667;0,020875;0,01755;0,011725;0,019675;0,0138;0,015133333;0,020275;0,0164;0,014075
Кропивницький;4853220;Сажа;0,028333333;0,016666667;0,036666667;0,031666667;0,02;0,021666667;0,025;0,015;0,025;null;0,013333333;0,025;0,036666667;0,03;0,028333333;0,031666667;0,018333333;0,045;0,036666667;0,033333333;0,023333333;0,035;0,026666667;0,031666667;0,033333333;0,031666667
Кропивницький;4853220;Формальдегiд;0,003466667;0,003233333;0,003033333;0,003333333;0,003066667;0,0039;0,0038;0,004333333;0,002033333;null;0,006766667;0,003666667;0,004366667;0,004;0,0027;0,003;0,003;0,002266667;0,004533333;0,001266667;0,0043;0,002266667;0,003;0,003533333;0,0033;0,002533333
Світловодськ;4903340;Завислі речовини;0,05;0,1;0;0,05;0,15;0,15;0,1;0,05;0;null;0,05;0,05;0,05;0,05;0,05;0;0,15;0,05;0,05;0,1;0,05;0,1;null;0;0,1;0,1
Світловодськ;4903340;Дiоксид сiрки;0,022566667;0,010266667;0,0144;0,0167;0,004166667;0,0085;0,0124;0,0145;0,014466667;null;0,0299;0,014766667;0,051266667;0,016366667;0,008166667;0,008066667;0,018266667;0,014166667;0,0163;0,0187;0,031066667;0,0083;null;0,016366667;0,010266667;0,016533333
Світловодськ;4903340;Сульфати;0;0,005;0,01;0,005;0,01;0,01;0,01;0;0,005;null;0;0,005;0,005;0;0,01;0,005;0;0,01;0,01;0,005;0,01;0;null;0,01;0,01;0,005
Світловодськ;4903340;Оксид вуглецю;1;1;1;1;1;1;1;1;1,5;null;2;1;1;1;1;1;1;1;1;1;1;1;null;1,5;1,5;1
Світловодськ;4903340;Дiоксид азоту;0,0339;0,010166667;0,013566667;0,024066667;0,0239;0,020966667;0,037566667;0,017066667;0,027233333;null;0,045566667;0,0383;0,0542;0,0439;0,013466667;0,023266667;0,073633333;0,0467;0,053866667;0,047866667;0,0341;0,027433333;null;0,0507;0,0374;0,0408
Світловодськ;4903340;Оксид азоту;0,024366667;0,019866667;0,0133;0,015733333;0,0223;0,029733333;0,0201;0,026766667;0,033366667;null;0,022933333;0,022733333;0,0487;0,0331;0,011;0,0131;0,048033333;0,047933333;0,0264;0,008966667;0,0155;0,020133333;null;0,037566667;0,031;0,031166667
Світловодськ;4903340;Формальдегiд;0,002166667;0,002133333;0,002133333;0,0033;0,0022;0;0,0011;0,002166667;0;null;0,002266667;0,005533333;0;0,002133333;0,002133333;0,006366667;0,002133333;0,004233333;0;0,0011;0,002166667;0,0011;null;0,002133333;0,001066667;0
Львів;4982410;Завислі речовини;0,16125;0,15625;0,145;0,14125;0,1475;0,1575;0,13875;0,1475;0,1475;null;0,1675;0,15875;0,15875;0,15625;0,15125;0,15875;0,16;0,14875;0,1525;0,16125;0,15625;0,16;0,16625;0,1625;0,15875;0,1625
Львів;4982410;Дiоксид сiрки;0,0062125;0,00571875;0,00578125;0,0061125;0,0078375;0,00871875;0,007325;0,00600625;0,00564375;null;0,00569375;0,004825;0,0043125;0,0049375;0,0047;0,0052375;0,00426875;0,00381875;0,0042875;0,00465625;0,00529375;0,0051625;0,0037125;0,00415625;0,00405625;0,00444375
Львів;4982410;Оксид вуглецю;1,8125;1,6625;1,525;1,4625;1,625;1,775;1,4125;1,4875;1,5125;null;1,95;1,8375;1,8125;1,775;1,7375;1,8375;1,825;1,6125;1,6375;1,8375;1,8375;1,8625;1,925;1,8875;1,8125;1,9
Львів;4982410;Дiоксид азоту;0,0400625;0,039175;0,04429375;0,0394125;0,044375;0,04831875;0,0387;0,03758125;0,04460625;null;0,0403125;0,03975625;0,03988125;0,04123125;0,04174375;0,0415;0,0385;0,0395375;0,0429125;0,04125;0,04311875;0,04335;0,04200625;0,042225;0,04;0,0401625
Львів;4982410;Оксид азоту;0,02585;0,025725;0,02865;0,02475;0,0232375;0,031825;0,022725;0,0240375;0,0306;null;0,0256125;0,025725;0,024825;0,0291875;0,0268;0,0278125;0,024875;0,0272875;0,027325;0,0292125;0,0278375;0,0299875;0,02505;0,0273125;0,02825;0,0275625
Львів;4982410;Фтористий водень;0,00278125;0,00275;0,0029;0,003175;0,00455625;0,00391875;0,00333125;0,00346875;0,003275;null;0,00326875;0,0034;0,00305;0,0036875;0,00339375;0,0031875;0,0035375;0,003675;0,00335625;0,0036625;0,00364375;0,003375;0,0041;0,003375;0,00364375;0,003125
Львів;4982410;Формальдегiд;0,00759375;0,007725;0,00804375;0,00904375;0,0096375;0,010225;0,0092125;0,0088125;0,0095625;null;0,00928125;0,0090375;0,00798125;0,0086875;0,0084375;0,0090375;0,00888125;0,00986875;0,008675;0,009275;0,0091125;0,00985;0,00884375;0,00966875;0,009125;0,00991875
Миколаїв;4703200;Завислі речовини;0,1;0,1;0,1;0,1;0,1;0,075;0,1;0,075;0,1;null;0,075;0,0875;0,1125;0,1125;0,075;0,0875;0,1;0,1;0,0625;0,075;0,0625;0,05;0,0875;0,0875;0,1;0,1
Миколаїв;4703200;Дiоксид сiрки;0,0043625;0,004175;0,0071;0,0042125;0,005325;0,0073125;0,0096875;0,0100875;0,0096875;null;0,0066;0,0048375;0,0067875;0,005275;0,0067625;0,0041875;0,00315;0,0013;0,0045875;0,0077625;0,007475;0,0071875;0,0045125;0,0011;0,0021625;0,0043625
Миколаїв;4703200;Оксид вуглецю;1,875;2,25;1,625;1,625;2;2,125;1,75;2;1,875;null;1,875;2,125;2,25;2;1,75;1,375;1,625;1,375;1,375;1,5;1,75;1,375;1,875;1,75;1,75;1,625
Миколаїв;4703200;Дiоксид азоту;0,02485625;0,01370625;0,0268875;0,033725;0,0684625;0,0519375;0,03154375;0,0113;0,02115625;null;0,03045;0,0513125;0,0339625;0,0369;0,02393125;0,02169375;0,026575;0,038725;0,01941875;0,0152375;0,01398125;0,008875;0,017625;0,03453125;0,023475;0,01485625
Миколаїв;4703200;Оксид азоту;0,010925;0,0034;0,008;0,02465;0,04195;0,019;0,003475;0,003475;0,008125;null;0,0126;0,026375;0,022425;0,017975;0,016;0,011925;0,0175;0,024625;0,012325;0,00575;0,0084;0,008825;0,0115;0,0148;0,009475;0,0049
Миколаїв;4703200;Фтористий водень;0,0032;0,0028375;0,0031;0,00115;0,00035;0,0004625;0,0014;0,000625;0,0006375;null;0,0011125;0,002125;0,002075;0,00295;0,002175;0,0013625;0,0017;0,002075;0,0021375;0,0041875;0,00355;0,0034125;0,002275;0,0011375;0,001025;0,0012375
Миколаїв;4703200;Формальдегiд;0,00730625;0,0043375;0,00599375;0,007525;0,0122125;0,01359375;0,0095375;0,014275;0,011525;null;0,01481875;0,01123125;0,009725;0,01176875;0,009575;0,011;0,01525625;0,0088125;0,01483125;0,01710625;0,0154625;0,014025;0,012925;0,0130875;0,00815625;0,00904375
Одеса;4643080;Завислі речовини;0,198928571;0,173071429;0,196785714;0,148642857;0,1985;0,218357143;0,196;0,218571429;0,220357143;null;0,223357143;0,195142857;0,213428571;0,142714286;0,210214286;0,148071429;0,200642857;0,201571429;0,239571429;0,1978;0,1727;0,1918;0,194;0,2021;0,2192;0,2121
Одеса;4643080;Дiоксид сiрки;0,034827273;0,038204545;0,038440909;0,039118182;0,039163636;0,043990909;0,043363636;0,040454545;0,042218182;null;0,043327273;0,036304545;0,039154545;0,035736364;0,038554545;0,04;0,036595455;0,038136364;0,039077273;0,040729412;0,042788235;0,044117647;0,040011765;0,038782353;0,039094118;0,036788235
Одеса;4643080;Сульфати;0,0205;0,018;0,0115;0,0175;0,015;0,019;0,02;0,0185;0,0155;null;0,015;0,018;0,0155;0,018;0,0195;0,015;0,0125;0,0135;0,0165;0,0205;0,0175;0,015;0,0185;0,022;0,023;0,0215
Одеса;4643080;Оксид вуглецю;1,65;1,72;1,7;1,6;1,85;1,93;2,09;1,9;1,92;null;2,16;1,9;1,84;2,03;2,01;1,7;1,76;1,73;1,95;1,916666667;1,633333333;1,966666667;2,016666667;1,783333333;1,75;2,066666667
Одеса;4643080;Дiоксид азоту;0,048709091;0,047281818;0,047027273;0,048304545;0,054345455;0,048786364;0,053827273;0,052572727;0,051804545;null;0,05215;0,046786364;0,0476;0,044540909;0,046054545;0,048813636;0,049422727;0,0458;0,048954545;0,047547059;0,050835294;0,051270588;0,050811765;0,049482353;0,046729412;0,050229412
Одеса;4643080;Оксид азоту;0,030775;0,04545;0,03575;0,03325;0,052825;0,045275;0,037525;0,040475;0,03695;null;0,036375;0,027525;0,039725;0,033875;0,04;0,0428;0,040175;0,027175;0,041775;null;null;null;null;null;null;null
Одеса;4643080;Сiрководень;0,0015375;0,001275;0,0020125;0,0015625;0,0011625;0,0011375;0,0013625;0,0015875;0,00145;null;0,001225;0,0027375;0,001825;0,00165;0,0014375;0,0015125;0,0014;0,00145;0,0023125;0,00145;0,001625;0,0016;0,0011;0,00095;0,000925;0,000875
Одеса;4643080;Фенол;0,003142857;0,003452381;0,003366667;0,003652381;0,00362381;0,003585714;0,00347619;0,003547619;0,003338095;null;0,003347619;0,003142857;0,00307619;0,003242857;0,002828571;0,003195238;0,00287619;0,003447619;0,003280952;0,004321429;0,003035714;0,003335714;0,003221429;0,003421429;0,003342857;0,003607143
Одеса;4643080;Сажа;0,07;0,062;0,056;0,048;0,054;0,07;0,047;0,052;0,049;null;0,078;0,064;0,065;0,048;0,051;0,051;0,059;0,057;0,0511;0,05375;0,04625;0,04375;0,0525;0,06375;0,0475;0,05375
Одеса;4643080;Фтористий водень;0,00325;0,00339;0,00265;0,00353;0,00348;0,00295;0,00411;0,00361;0,00278;null;0,00566;0,00625;0,00672;0,00487;0,00296;0,00362;0,00478;0,00452;0,0045;0,005766667;0,004016667;0,00465;0,003333333;0,004233333;0,003033333;0,0042
Одеса;4643080;Формальдегiд;0,008573333;0,00778;0,00708;0,00952;0,009366667;0,01148;0,008113333;0,007913333;0,006713333;null;0,009133333;0,00828;0,007653333;0,007713333;0,007246667;0,008186667;0,008366667;0,00738;0,00836;0,0066;0,004888889;0,006155556;0,006811111;0,009622222;0,008677778;0,0102
Полтава;4963460;Завислі речовини;0,125;0,1125;0,1;0,0375;0,0125;0,0625;0,075;0,0125;0,05;null;0,1125;0,15;0,125;0,075;0,075;0,075;0,1125;0,1125;0,05;0,0875;0,15;0,15;0,0875;0,15;0,1375;0,1375
Полтава;4963460;Дiоксид сiрки;0,0035625;0,0041875;0,004125;0,003666667;0,004375;0,0045;0,002875;0,003375;0,0035;null;0,003333333;0,006125;0,0056875;0,0040625;0,00425;0,0035;0,005083333;0,00375;0,002875;0,004;0,0030625;0,00375;0,004;0,0024375;0,0035625;0,0035
Полтава;4963460;Сульфати;0,01;0,01;0,01;0,01;0,01;0,01;0,01;0,01;0,005;null;0,015;0,01;0,01;0,01;0,005;0,005;0,01;0,005;0,01;0,005;0,01;0,01;0,01;0,01;0,01;0,01
Полтава;4963460;Оксид вуглецю;1,888888889;1,777777778;1,5;0,888888889;1,333333333;0,666666667;1,222222222;0,888888889;1,375;null;1,777777778;2,222222222;1,666666667;0,666666667;1,222222222;0,875;2;0,888888889;0,444888889;1,666666667;1,666666667;1;1,444444444;0,888888889;2,222222222;2,222222222
Полтава;4963460;Дiоксид азоту;0,023125;0,020625;0,0275;0,029166667;0,033125;0,030625;0,018125;0,02125;0,020625;null;0,0375;0,030625;0,041875;0,0275;0,020625;0,02875;0,0225;0,019375;0,02625;0,0175;0,029375;0,026875;0,030833333;0,0425;0,034375;0,036875
Полтава;4963460;Оксид азоту;0,0075;0,0125;0,0175;0,016666667;0,0175;0,02;0,01;0,015;0,015;null;0,016666667;0,0125;0,0275;0,0125;0,0175;0,0175;0,013333333;0,01;0,015;0,01;0,02;0,01;0,023333333;0,0225;0,025;0,025
Полтава;4963460;Фтористий водень;0,00075;0,002375;0,0015;0,002666667;0,001;0,002125;0,001625;0,001875;0,002375;null;0,001333333;0,003;0,003375;0,002625;0,00175;0,00175;0,001;0,001625;0,00075;0,002;0,00275;0,001375;0,002333333;0,003375;0,001375;0,00275
Полтава;4963460;Хлористий водень;0,015;0,01;0,02;0,02;0,025;0,01;0,02;0,01;0,02;null;0,026666667;0,025;0,03;0,025;0,025;0,01;0,02;0,015;0,015;0,015;0,02;0,025;0,02;0,035;0,03;0,015
Полтава;4963460;Амiак;0,0075;0,01;0,005;0,016666667;0,0075;0,0075;0,0075;0,0075;0,0075;null;0,013333333;0,0125;0,0175;0,01;0,01;0,005;0,01;0,01;0,0075;0,0125;0,0075;0,0125;0,006666667;0,0175;0,0175;0,0125
Полтава;4963460;Формальдегiд;0,003;0,0035;0,003583333;0,005;0,004833333;0,003583333;0,004333333;0,00575;0,00275;null;0,005;0,004916667;0,007083333;0,0035;0,004083333;0,004;0,003444444;0,002;0,005;0,004;0,00525;0,005;0,005;0,006166667;0,00325;0,0045
Кременчук;4813330;Завислі речовини;0,1975;0,1275;0,10125;0,11625;0,09125;0,1125;0,145;0,11125;0,09875;null;0,09125;0,14375;0,19625;0,08625;0,0975;0,12;0,125;0,2025;0,0825;0,0925;0,08875;0,10625;0,165;0,16875;0,13;0,21
Кременчук;4813330;Дiоксид сiрки;0,00938125;0,00829375;0,00596875;0,0061375;0,0085375;0,006625;0,00665;0,0064375;0,00665625;null;0,00730625;0,008225;0,00975;0,00790625;0,0077625;0,00663125;0,00763125;0,00776875;0,00614375;0,0055;0,0083625;0,00744375;0,00816875;0,00759375;0,009325;0,01110625
Кременчук;4813330;Сульфати;0;0,01;0,005;0,005;0,005;0,01;0,005;0,01;0,005;null;0,005;0,01;0,01;0,005;0;0,01;0;0,005;0,01;0,01;0,005;0;0,01;0,005;0,005;0,01
Кременчук;4813330;Оксид вуглецю;0,7125;0,425;0,5375;0,3625;0,5625;0,55;0,4125;0,425;0,4625;null;0,525;0,6875;0,875;0,4875;0,4625;0,4125;0,4625;0,475;0,375;0,375;0,35;0,325;0,3875;0,5625;0,475;0,9
Кременчук;4813330;Дiоксид азоту;0,03035625;0,02655;0,02115625;0,02004375;0,03185;0,0355375;0,038175;0,03048125;0,0292;null;0,04139375;0,05248125;0,0505875;0,03586875;0,0399875;0,0419375;0,03821875;0,0386375;0,03074375;0,03061875;0,0330625;0,0287;0,0337625;0,04054375;0,0433375;0,05106875
Кременчук;4813330;Оксид азоту;0,01915;0,01555;0,019275;0,015275;0,02525;0,02265;0,01785;0,0252;0,019475;null;0,038375;0,04255;0,039675;0,02305;0,0295;0,02955;0,022675;0,030775;0,02055;0,026875;0,029975;0,025775;0,02175;0,02125;0,0279;0,03715
Кременчук;4813330;Фенол;1,67E-05;0,000683333;0,000308333;0,000283333;0,000141667;0,000691667;0,000383333;0,001875;0,000925;null;0,000966667;0,000183333;0,000108333;0,000233333;6,67E-05;0,0007;0,000416667;0,001925;0,000658333;0,000808333;0,000516667;0,000491667;0,000533333;0,000533333;0,000216667;8,33E-05
Кременчук;4813330;Сажа;0,014025;0,011425;0,005125;0;0,003825;0,00395;0,00515;0,008925;0,0089;null;0,00395;0,014325;0,01935;0,0051;0,002525;0,003775;0,006225;0,003775;0,0025;0,00255;0,003825;0,00645;0,00885;0,015175;0,0152;0,022825
Кременчук;4813330;Амiак;0,005325;0,0032;0,004;0,002325;0,006325;0,007;0,0034;0,006175;0;null;0,006525;0,00595;0,006925;0,00395;0,003;0,003225;0,0045;0,00625;0,00395;0,003225;0,0066;0,0014;0,005075;0,006625;0,00735;0,00465
Кременчук;4813330;Формальдегiд;0,00376;0,0032;0,00336;0,00455;0,00302;0,00343;0,00357;0,00319;0,00291;null;0,00267;0,00257;0,00276;0,00156;0,00208;0,00404;0,00724;0,00527;0,005;0,00429;0,00394;0,00412;0,00397;0,00264;0,00256;0,00535
Рівне;5062620;Завислі речовини;0,12316;0,167075;0,05285;0,09516;0,302366667;0;0,0911;0,0397;0,09452;null;0,144983333;0,0176;0,115775;0,0514;0,03875;0;0,017;0;0,0522;0,104633333;0,106125;0,0397;0,119375;0,18345;0,038775;0,2142
Рівне;5062620;Дiоксид сiрки;0;0;0,001283333;0;0;0;0;0;0;null;0;0;0,000316667;0;0;0,0003375;0;0,00145;0;0;0;0;0,001583333;0,001975;0,00365;0,004016667
Рівне;5062620;Оксид вуглецю;0,956666667;0,783333333;0,718333333;0,833333333;0,915;0,455;0,751666667;1,2092;1,339916667;null;0,8985;0,569183333;0,765;0,673333333;0,995;0,75775;1,01;1,0275;1,02;1,1075;0,975;0,79;0,906666667;1,063333333;1,006666667;1,161666667
Рівне;5062620;Дiоксид азоту;0,0186;0,019858333;0,033983333;0,018558333;0,015783333;0,035875;0,024983333;0,014441667;0,012475;null;0,032966667;0,038341667;0,023308333;0,018316667;0,028875;0,010425;0,0281;0,023175;0,034125;0,016425;0,019718182;0,015991667;0,008908333;0,02115;0,0302;0,055958333
Рівне;5062620;Оксид азоту;0,015;0,01168;0,02451;0,013688889;0,00631;0,01491;0,02318;0,0295;0,01016;null;0,036311111;0,02016;0,01623;0,02193;0,031666667;0,025333333;0,02782;0,024966667;0,018133333;0,021333333;0,029955556;0,02653;0,0159;0,00484;0,01807;0,04063
Рівне;5062620;Сiрководень;0,0003375;0,0029625;0,005025;0,001642857;0,00045;0,001225;0,0015125;0,0009375;0;null;0;0;0,0012;0;0,000675;0;0,000866667;0,001225;0,000925;0,001025;0,0017;0,000725;0,000871429;0,0009875;0,005425;0,0039375
Рівне;5062620;Фенол;0,00033;0,00037;0,0035;0,00123;0;0,00028;0;0;0;null;0,00043;0,00027;0,00154;0,00101;0,001783333;0;0,00045;0;0,0013;0,001933333;0,001111111;0;0,00173;0,00034;0;0,00122
Рівне;5062620;Фтористий водень;0,0019375;0,0066125;0,002625;0,006871429;0,0066125;0,005525;0,00215;0,001625;0,0063625;null;0,002557143;0,0031;0,0025125;0,0099375;0,00765;0,008183333;0,00646;0,005883333;0,00165;0,001533333;0,001825;0,00295;0;0,0008125;0,001775;0,0004375
Рівне;5062620;Хлористий водень;0,1315125;0,12715;0,0697375;0,0745375;0,1269375;0,0228625;0,1016375;0,11165;0,0375875;null;0,058775;0;0,0139375;0,0169875;0;0,01075;0,010883333;0,01435;0,0341;0,072516667;0,0808125;0,092775;0,0496875;0,0206625;0,0637125;0,0423125
Рівне;5062620;Амiак;0;0;0;0;0;0;0;0;0;null;0;0;0;0;null;null;null;null;null;null;0;0;0;0;0;0
Рівне;5062620;Формальдегiд;0,0104625;0,0021125;0,001075;0,002685714;0,0029125;0,0006;0,0030125;0,002475;0;null;0,004385714;0,0036375;0,002871429;0;0;0,00385;0,00214;0,004;0,003483333;0,003383333;0,002075;0,00445;0,005671429;0,00515;0,006125;0,0136625
Суми;5093480;Завислі речовини;0,333333333;0,3;0,216666667;0,233333333;0,283333333;0,283333333;0,216666667;0,333333333;0,216666667;null;0,366666667;0,333333333;0,266666667;0,283333333;0,216666667;0,25;0,333333333;0,333333333;0,316666667;0,3;0,333333333;0,3;0,266666667;0,316666667;0,316666667;0,45
Суми;5093480;Дiоксид сiрки;0,04375;0,041583333;0,045166667;0,040555556;0,036666667;0,03375;0,039166667;0,029416667;0,024333333;null;0,039333333;0,044083333;0,034916667;0,038583333;0,035083333;0,03525;0,033222222;0,037166667;0,0325;0,038;0,03225;0,035666667;0,031333333;0,029333333;0,030333333;0,033166667
Суми;5093480;Сульфати;0,015;0,01;0,02;0,025;0,015;0,015;0,01;0,005;0,005;null;0,015;0,025;0,005;0,015;0,015;0,015;0,015;0,01;0,015;0,015;0,01;0,02;0,005;0,01;0,01;0,01
Суми;5093480;Оксид вуглецю;1,666666667;1,166666667;2,333333333;1,5;1,333333333;2,166666667;2,333333333;2;1,333333333;null;2,333333333;2;1,333333333;1,5;1,5;1,666666667;1,666666667;1,833333333;1,666666667;2;1,666666667;1,333333333;1,833333333;1,666666667;1,666666667;2
Суми;5093480;Дiоксид азоту;0,086666667;0,085;0,073333333;0,081111111;0,050833333;0,0725;0,064166667;0,076666667;0,0725;null;0,073333333;0,075833333;0,059166667;0,061666667;0,053333333;0,054166667;0,061111111;0,075833333;0,079166667;0,070833333;0,0775;0,08;0,107777778;0,095833333;0,088333333;0,060833333
Суми;5093480;Оксид азоту;0,045;0,0325;0,0325;0,03;0,0175;0,0275;0,03;0,0275;0,03;null;0,026666667;0,025;0,0325;0,0225;0,0175;0,02;0,023333333;0,03;0,0275;0,0225;0,04;0,035;0,046666667;0,03;0,04;0,0275
Суми;5093480;Амiак;0,01125;0,0125;0,0175;0,02;0,01625;0,015;0,0125;0,01625;0,01375;null;0,016666667;0,015;0,0175;0,01;0,01875;0,0125;0,015;0,01375;0,01625;0,01375;0,01125;0,01;0,015;0,0125;0,0175;0,01375
Суми;5093480;Формальдегiд;0,004;0,003;0,004;0,002666667;0,004;0,003;0,004;0,003;0,004;null;0,004;0,003;0,005;0,003;0,005;0,004;0,004;0,003;0,003;0,003;0,003;0,003;0,004;0,004;0,003;0,003
Тернопіль;4932530;Завислі речовини;0,0425;0,055;null;0,0825;0,1325;0,11;0,055;0;0,02;null;0,1;0,055;0,0775;0,1625;0,095;0,0425;0,1025;0;0,02;0,0975;0,0825;0,035;0,02;0,0625;0,065;0,075
Тернопіль;4932530;Дiоксид сiрки;0,0032625;0,00325;null;0,0018;0,002925;0,00405;0,00155;0,0009;0,0024875;null;0,0048125;0,002225;0,002825;0,0038875;0,0043125;0,003;0,00365;0,003025;0,001975;0,004;0,00315;0,0027;0,00445;0,003125;0,002875;0,0040125
Тернопіль;4932530;Оксид вуглецю;3,3;2,8;null;3,45;2,7;3,35;2,925;2,8;2,725;null;3,3;2,425;2,8;3;2,85;3,175;2,825;2,55;2,8;3,025;2,5;2,975;3,7;3,8;3,5;3
Тернопіль;4932530;Дiоксид азоту;0,049075;0,0405375;null;0,0444;0,0429875;0,0445125;0,0391375;0,0381625;0,0473625;null;0,058525;0,0480625;0,04165;0,043825;0,0434125;0,050475;0,0509;0,05505;0,04505;0,0405125;0,051625;0,055725;0,0564;0,0478875;0,042625;0,041925
Тернопіль;4932530;Оксид азоту;0,0257;0,02185;null;0,023475;0,02305;0,02425;0,02065;0,020225;0,02635;null;0,03305;0,026375;0,022325;0,024225;0,023225;0,02785;0,02885;0,030075;0,024475;0,02195;0,028125;0,032325;0,030775;0,0258;0,023375;0,02285
Тернопіль;4932530;Формальдегiд;0,002725;0,002625;null;0,0014125;0,0022;0,0024;0,000975;0,00045;0,002;null;0,0031125;0,0014125;0,0017875;0,002625;0,0030375;0,0021875;0,0028125;0,00265;0,0017;0,0030125;0,0021875;0,0020625;0,0032375;0,0028125;0,002575;0,0025
Харків;4993630;Завислі речовини;0,044;0,04;0,034;0,0316;0,0336;0,04;0,0436;0,0308;0,026;null;0,0468;0,0596;0,052;0,0536;0,0396;0,0512;0,0524;0,0544;0,0452;0,0476;0,042;0,0344;0,0436;0,0432;0,06;0,0624
Харків;4993630;Дiоксид сiрки;0,01575;0,017676667;0,014913333;0,01455;0,015303333;0,01666;0,01473;0,015956667;0,015166667;null;0,01634;0,01703;0,015323333;0,013826667;0,014696667;0,015416667;0,01183;0,013036667;0,01236;0,012256667;0,01244;0,012466667;0,013413333;0,011723333;0,013403333;0,01177
Харків;4993630;Сульфати;0;0;0;0;0,005;0,01;0;0;0;null;0,005;0;0,01;0;0,01;0,005;0;0;0;0,01;0;0,005;0,005;0,005;0;0,01
Харків;4993630;Оксид вуглецю;1,285;1,155;1,115;1,145;1,11;1,175;1,255;1,105;1,04;null;1,325;1,325;1,16;1,115;1,025;1,14;1,135;1,11;1,095;1,07;1,1;1,09;1,155;1,155;1,155;1,195
Харків;4993630;Дiоксид азоту;0,02516;0,022574286;0,0252;0,027683333;0,029337143;0,027868571;0,027894286;0,026345714;0,0262;null;0,028163333;0,034985714;0,034062857;0,032751429;0,032322857;0,028168571;0,031626667;0,023705714;0,025437143;0,030797143;0,030825714;0,023542857;0,030266667;0,026782857;0,02646;0,028934286
Харків;4993630;Оксид азоту;0,022125;0,009575;0,005975;0,012033333;0,014525;0,011175;0,009975;0,0057;0,004025;null;0,0126;0,0148;0,01755;0,01815;0,01545;0,011475;0,017566667;0,014475;0,010525;0,0144;0,0189;0,012375;0,0178;0,017625;0,019225;0,022975
Харків;4993630;Сiрководень;0,000775;0,000625;0,000625;0,0004;0,0003;0,0005;0,000625;0,0003;0,00045;null;0,000833333;0,00045;0,0003;0,0009;0,00045;0,000625;0,001266667;0,00095;0,00095;0,00095;0,001075;0,00095;0,0004;0,000625;0,00045;0,00125
Харків;4993630;Фенол;0,001391667;0,002358333;0,001608333;0,002066667;0,002491667;0,002291667;0,001975;0,002141667;0,002091667;null;0,001922222;0,001575;0,00195;0,00195;0,001941667;0,001458333;0,001166667;0,0016;0,001508333;0,001475;0,001575;0,001533333;0,001055556;0,001825;0,00205;0,002141667
Харків;4993630;Сажа;0,083333333;0,03;0,043333333;0,03;0,033333333;0,036666667;0,03;0,036666667;0,02;null;0,02;0,05;0,043333333;0,036666667;0,033333333;0,02;0,03;0,01;0,03;0,043333333;0,05;0,05;0,02;0,01;0,02;0,02
Харків;4993630;Амiак;0,0017;0,0034;0,002975;0,004;0,0034625;0;0,001275;0;0,0034;null;0,007433333;0,004275;0,005925;0,0033;0,0058625;0,00295;0,007266667;0,00085;0,002125;0,0012375;0,0004125;0,0025125;0,00165;0,0020875;0,003725;0,0016625
Харків;4993630;Формальдегiд;0,001871429;0,001535714;0,002167857;0,002833333;0,002071429;0,002867857;0,002371429;0,001675;0,001821429;null;0,003042857;0,001992857;0,002428571;0,002853571;0,002207143;0,003457143;0,002357143;0,001603571;0,001932143;0,001467857;0,0016;0,001396429;0,001285714;0,001617857;0,001475;0,001660714
Хмельницький;4942690;Завислі речовини;0,0725;0,056;0,05725;0,049;0,058;0,042;0,04875;0,08175;0,058;null;0,116;0,0495;0,032;0,089;0,07225;0,072;0,072;0,0405;0,0895;0,0575;0,0825;0,0495;0,04125;0,06575;0,09775;0,073
Хмельницький;4942690;Дiоксид сiрки;0,015925;0,0137125;0,0136125;0,0175625;0,0138;0,0157875;0,01665;0,0162;0,012675;null;0,0130375;0,0149125;0,013025;0,01375;0,0149125;0,0147375;0,0122375;0,012575;0,01275;0,01185;0,0121875;0,0170375;0,0168875;0,0146625;0,0146125;0,0157125
Хмельницький;4942690;Сульфати;0,0125;0,01235;0,010525;0,009975;0,01235;0,0136;0,0122;0,01165;0,011025;null;0,011075;0,009325;0,00995;0,0092;0,01065;0,010975;0,00905;0,008425;0,008825;0,00825;0,0091;0,007775;0,009825;0,0099;0,010325;0,012325
Хмельницький;4942690;Оксид вуглецю;1,33;1,3775;1,465;1,4875;1,1675;1,285;1,2375;1,4875;1,8625;null;1,8725;1,325;1,3825;1,42;1,325;1,34;1,6225;1,75;1,85;1,9225;1,83;1,98;1,79;1,5675;1,925;1,625
Хмельницький;4942690;Дiоксид азоту;0,0447375;0,0358625;0,028075;0,03375;0,023725;0,024625;0,0335375;0,0395125;0,0293;null;0,0283625;0,028;0,0292625;0,0314625;0,027575;0,0347125;0,0423875;0,0252125;0,021675;0,029225;0,0354;0,0246625;0,0267;0,05305;0,05635;0,029875
Хмельницький;4942690;Оксид азоту;0,052775;0,0275375;0,023375;0,0264625;0,0283625;0,0198125;0,0254625;0,02775;0,0225875;null;0,024875;0,02255;0,0236625;0,0237125;0,02235;0,023575;0,0317875;0,0196375;0,01855;0,0186125;0,0246625;0,0222875;0,0200125;0,039225;0,041125;0,026175
Хмельницький;4942690;Фенол;0,000783333;0,001216667;0,0008;0,001483333;0,002;0,0012;0,000666667;0,000783333;0,0007;null;0,000833333;0,000883333;0,000933333;0,001;0,000966667;0,000966667;0,000766667;0,001;0,001016667;0,00125;0,00205;0,003283333;0,002466667;0,001016667;0,00075;0,000616667
Хмельницький;4942690;Хлористий водень;0,063425;0,04125;0,033725;0,036775;0,0343;0,0337;0,065675;0,046125;0,041525;null;0,044375;0,0575;0,051425;0,044975;0,03525;0,0349;0,0592;0,047525;0,045775;0,042675;0,038125;0,044925;0,0525;0,040425;0,039325;0,030925
Хмельницький;4942690;Амiак;0,0083;0,006975;0,0076;0,0079;0,008575;0,0081;0,007325;0,00475;0,007775;null;0,006975;0,007425;0,0057;0,0047;0,006225;0,006725;0,0052;0,002875;0,005225;0,006325;0,003725;0,003725;0,004225;0,002925;0,0047;0,005225
Хмельницький;4942690;Формальдегiд;0,000833333;0,0012;0,000833333;0,001483333;0,001666667;0,001283333;0,000833333;0,0011;0,001033333;null;0,0009;0,00085;0,000966667;0,001216667;0,000833333;0,0011;0,001316667;0,001216667;0,0011;0,0009;0,000983333;0,001133333;0,0011;0,001133333;0,00095;0,000833333
Херсон;4673270;Завислі речовини;0;0;null;0;0,025;0;0,025;0,025;null;null;0;0;0;0,05;0;null;0,025;0,025;0,05;0,1;0;null;0,025;0,025;0,075;0,05
Херсон;4673270;Дiоксид сiрки;0,001333333;0,004111111;null;0,003428571;0,004111111;0,002;0,003333333;0,002;null;null;0,002;0,003;0,004888889;0,001333333;0,001333333;null;0;0,002222222;0,001333333;0,000666667;0,002555556;null;0,003571429;0,005;0,003777778;0,002555556
Херсон;4673270;Сульфати;0;0,005;null;0,005;0,015;0;0,015;0;null;null;0,005;0;0;0,005;0,005;null;0,015;0,005;0,015;0,015;0,01;null;0;0;0,005;0,005
Херсон;4673270;Оксид вуглецю;0,142857143;0,142857143;null;0;0,285714286;0,571428571;0,142857143;0,428571429;null;null;0,142857143;0,428571429;0,428571429;0,285714286;0,428571429;null;0,142857143;0,142857143;0,571428571;0,428571429;0,142857143;null;0,428571429;0,571428571;0,142857143;0,142857143
Херсон;4673270;Дiоксид азоту;0,161111111;0,146666667;null;0,172857143;0,158888889;0,168888889;0,173333333;0,193333333;null;null;0,185714286;0,207777778;0,192222222;0,178888889;0,161111111;null;0,141428571;0,162222222;0,172222222;0,181111111;0,145555556;null;0,171428571;0,164444444;0,182222222;0,161111111
Херсон;4673270;Оксид азоту;0,1175;0,1075;null;0,076666667;0,09;0,105;0,0725;0,0775;null;null;0,143333333;0,15;0,1225;0,0675;0,1025;null;0,076666667;0,1225;0,09;0,1;0,0975;null;0,08;0,125;0,11;0,1125
Херсон;4673270;Фенол;0,004111111;0,005333333;null;0,002571429;0,003111111;0,004555556;0,003444444;0,004444444;null;null;0,004285714;0,003555556;0,004333333;0,002666667;0,002222222;null;0,005571429;0,001666667;0,002666667;0,003777778;0,003222222;null;0,005142857;0,003555556;0,005222222;0,004555556
Херсон;4673270;Формальдегiд;0,003444444;0,005888889;null;0,009714286;0,002222222;0,001111111;0,004444444;0,001111111;null;null;0,003142857;0,003333333;0,001111111;0,003333333;0,007555556;null;0,004571429;0,001111111;0,002444444;0,002777778;0,002666667;null;0,004428571;0,003555556;0,002222222;0,001111111
Черкаси;4933200;Завислі речовини;0,05;0,1;0;0,05;0,05;0,166666667;0,068333333;0;0;null;0;0,05;0;0;0,05;0,1;0,1;0,116666667;0,05;0,016666667;0,283333333;0,233333333;0,133333333;0,15;0,15;0,133333333
Черкаси;4933200;Дiоксид сiрки;0,011;0,0108;0,0108;0,0115;0,0111;0,0108;0,0116;0,0101;0,01;null;0,010625;0,0139;0,0133;0,0111;0,0106;0,0101;0,011375;0,0107;0,0105;0,0124;0,0124;0,0123;0,012125;0,0093;0,0112;0,0118
Черкаси;4933200;Сульфати;0,01;0,01;0,01;0,01;0,01;0,01;0,01;0,01;0,01;null;0,015;0,01;0,01;0,01;0,01;0,01;0,01;0,01;0,01;0,01;0,015;0,01;0,01;0,01;0,01;0,01
Черкаси;4933200;Оксид вуглецю;1;1,666666667;1,166666667;1;1;1;1;1;1,166666667;null;1;1;1;1;1;1;1;1;1;1;1;1;1;1;1,166666667;1,166666667
Черкаси;4933200;Дiоксид азоту;0,05;0,0275;0,036666667;0,036666667;0,0275;0,026666667;0,030833333;0,04;0,03;null;0,034444444;0,030833333;0,035833333;0,038333333;0,021666667;0,038333333;0,026;0,025;0,029166667;0,030833333;0,0475;0,025833333;0,028888889;0,038333333;0,026666667;0,025833333
Черкаси;4933200;Оксид азоту;0,03;0,0275;0,0225;0,013333333;0,015;0,0225;0,0125;0,025;0,03;null;0,033333333;0,06;0,05;0,015;0,0175;0,0225;0,04;0,0175;0,0475;0,025;0,03;0,0425;0,016666667;0,02;0,045;0,025
Черкаси;4933200;Сiрководень;0,001083333;0,001666667;0,001583333;0,002;0,001916667;0,002;0,002083333;0,001916667;0,001916667;null;0,001888889;0,001583333;0,001083333;0,0015;0,001333333;0,001666667;0,001888889;0,001833333;0,001833333;0,001083333;0,001666667;0,002;0,001555556;0,001916667;0,001583333;0,001583333
Черкаси;4933200;Амiак;0,049166667;0,040833333;0,0375;0,031111111;0,035833333;0,035833333;0,048333333;0,0375;0,020833333;null;0,043333333;0,035833333;0,034166667;0,033333333;0,034166667;0,04;0,036666667;0,035833333;0,033333333;0,03;0,030833333;0,040833333;0,028888889;0,0275;0,034166667;0,024166667
Черкаси;4933200;Формальдегiд;0,00375;0,0025;0,00625;0,006666667;0,00675;0,00725;0,006;0,002;0,00625;null;0,003333333;0,005;0,005;0,003;0,005;0,00625;0,008666667;0,006;0,00425;0,00275;0,00475;0,005;0,005666667;0,00425;0,00375;0,00725
Чернівці;4832590;Завислі речовини;0,05;0,016666667;0,05;0,033333333;0,016666667;0;0;0,033333333;0,05;null;0,033333333;0,033333333;0,033333333;0,033333333;0,025;0;0;0;0;0;0,02;0,033333333;0,033333333;0,033333333;0,033333333;0,033333333
Чернівці;4832590;Дiоксид сiрки;0,001008333;0,001525;0,000908333;0,000641667;0,001425;0,00155;0,002066667;0,002233333;0,001058333;null;0,001066667;0,0039;0,00255;0,003425;0,0045125;0,002075;0,001875;0,0034375;0,00305;0,0013625;0,00187;0,00235;0,001575;0,001175;0,001008333;0,001941667
Чернівці;4832590;Оксид вуглецю;1,166666667;0,166666667;0,333333333;0;0,333333333;0,333333333;0;0,333333333;0,166666667;null;0,833333333;0;0;0,166666667;0;0;0;0,25;0,5;0,25;0,2;0,5;0;0;0;0
Чернівці;4832590;Дiоксид азоту;0,034466667;0,024258333;0,032008333;0,026925;0,01945;0,0093;0,014183333;0,029616667;0,041866667;null;0,035908333;0,017458333;0,014658333;0,016758333;0,02335;0,0319875;0,041475;0,0169125;0,020975;0,0156625;0,02549;0,015583333;0,015416667;0,016216667;0,014658333;0,012016667
Чернівці;4832590;Оксид азоту;0,000675;0,0052;0,0052;0,0153;0,009325;0,0011;0;0,004025;0,0087;null;0,0018;0,010325;0,0017;0,0045;0,006575;0,0228;0,016225;0,00705;0,0017;0;0,001075;0,00675;0,0043;0;0,001075;0,00035
Чернівці;4832590;Фенол;0,000425;0,0016;0,001075;0,0118;0,00445;0,005;0,0022;0,00195;0,00325;null;0,000925;0,00395;0,00115;0,002275;0;0,00095;0,0021;0,0015;0,001075;0,000275;0,0016;0,000175;0,001075;0,0036;0,004425;0,0057
Чернівці;4832590;Фтористий водень;0;0;0;0;0;0,0001;0;0;0;null;0;0;0;0;0;0;0;0;0;0,000375;0;0;0;0;0;0
Чернівці;4832590;Хлористий водень;0,189375;0,0382;0,0483;0;0,055175;0;0,0525;0,12825;0,134725;null;0,06585;0,098725;0,025975;0,1216;0,01375;0,010575;0,135275;0,10965;0,064525;0,04725;0,161125;0;0,106425;0,0168;0,029625;0,17575
Чернівці;4832590;Формальдегiд;0,00105;0,001225;0,0007125;0,00225;0,0043375;0,0028;0,0016875;0,001075;0;null;0,0028;0,00345;0,00185;0,0010625;0,00105;0,000175;0;0,000875;0,001575;0,000525;0,000116667;0,0006375;0,000825;0,000875;0,0007875;0
Ізмаїл;4542880;Завислі речовини;0,03;0,085000153;0,07;0,13;0,1;0,085;0,07;0,065;0,05;null;0,100000153;0,03;0,115000153;0,145;0,100000305;0,05;0,1;0,07;0,05;0,08;0,085;0,085;0,05;0,05;0,07;0,05
Ізмаїл;4542880;Дiоксид сiрки;0,018200006;0,018125055;0,01775006;0,02996674;0,017175;0,02525;0,016850023;0,024625031;0,025250067;null;0,020300053;0,01505;0,02635004;0,020750079;0,013600034;0,016200002;0,021200079;0,01315;0,02315;0,0234;0,02895;0,01577504;0,03120002;0,023325015;0,019150055;0,019575
Ізмаїл;4542880;Сульфати;0;0,01;0,005;0,015;0,015;0,005;0,005;0,005;0;null;0,01;0;0,01;0,015;0,01;0;0,01;0,01;0,005;0,005;0,005;0,005;0,005;0,005;0,01;0
Ізмаїл;4542880;Оксид вуглецю;0,83000061;1,080001221;0,840001221;0,790002441;0,955001526;0,920001526;1,110001526;1;0,78;null;0,75;0,805;0,745;0,770001221;0,900002747;0,53500061;0,825;0,76;0,88;1,025;0,87;0,980001526;0,64000061;0,915;0,900001221;1,175001526
Ізмаїл;4542880;Дiоксид азоту;0,054275;0,043925;0,051075119;0,044566667;0,057450061;0,040950116;0,065050092;0,060425;0,039500174;null;0,068966772;0,047350081;0,061575;0,04585011;0,063125061;0,04575004;0,060633333;0,05357514;0,06305002;0,049975171;0,0531;0,046950107;0,069566789;0,056625;0,059775061;0,0414
Ізмаїл;4542880;Сiрководень;0,00095;0,001975;0,001550002;0,002066667;0,001500001;0,001100002;0,001800001;0,00185;0,000950002;null;0,001033333;0,001225002;0,002;0,001250002;0,000875;0,0013;0,001633335;0,001725001;0,001925003;0,000575001;0,001675002;0,001625002;0,001700001;0,001425;0,00135;0,0012
Ізмаїл;4542880;Формальдегiд;0,001350002;0,0007;0,00135;0,0007;0,002100006;0;0,0014;0,001400002;0,0018;null;0,002100003;0;0,00105;0,0027;0,001;0,002000002;0;0,002000003;0,001700003;0,00135;0,0007;0,00035;0,027500159;0,001000002;0;0,002000003
Біла Церква;4983020;Завислі речовини;0,07725;0,07675;0,06875;0,07;0,0615;0,0715;0,06075;0,068;0,0855;null;0,0705;0,06975;0,06075;0,0595;0,0765;0,07575;0,109;0,06725;0,08525;0,06925;0,08675;0,07875;0,0695;0,06775;0,07775;0,07725
Біла Церква;4983020;Дiоксид сiрки;0,026325;0,02995;0,0259375;0,03605;0,03285;0,0285;0,0282375;0,0675375;0,0267;null;0,0291875;0,0305375;0,030725;0,0290625;0,03255;0,033575;0,0306;0,0293875;0,032925;0,0266625;0,0337625;0,02915;0,0328;0,0294125;0,0386875;0,0280375
Біла Церква;4983020;Оксид вуглецю;0,9;0,8;0,8;0,95;0,85;0,75;0,95;1,05;0,85;null;0,95;0,95;0,75;0,95;1,075;0,85;0,875;0,85;0,9;1,025;1,025;0,925;0,9;0,925;0,95;0,9
Біла Церква;4983020;Дiоксид азоту;0,0818875;0,0891375;0,0903625;0,076325;0,0885125;0,091875;0,087475;0,0805875;0,0821375;null;0,0924875;0,097975;0,0926375;0,095175;0,110375;0,0958625;0,0921;0,0803875;0,093775;0,08255;0,099275;0,0883;0,0961875;0,1035125;0,0816875;0,0881125
Слов'янськ;4883760;Завислі речовини;0,1;0,05;0,15;0,1;0,1;0,15;0,05;0;0,1;null;0,1;0,1;0,15;0,1;0,1;0,1;0,2;0,2;0,25;0,2;0,2;0,25;0,1;0,15;0,1;0,2
Слов'янськ;4883760;Дiоксид сiрки;0,0009;0,00185;0,0018;0,0015;0,00095;0,00295;0,00165;0,0011;0,00185;null;0,00055;0,0009;0,0002;0,00125;0,0009;0,0002;0,0016;0,00215;0,00305;0,00165;0,002;0,0011;0,0009;0,0013;0,00195;0,00165
Слов'янськ;4883760;Оксид вуглецю;1;1;1;1;1,5;1;1,5;1;1;null;1,5;1;1,5;1;1;1,5;1;1,5;1;1,5;0,5;1;2,5;0,5;0,5;1,5
Слов'янськ;4883760;Дiоксид азоту;0,04545;0,0486;0,04675;0,03705;0,02795;0,036;0,01165;0,0327;0,04305;null;0,06345;0,01545;0,11045;0,0432;0,0631;0,0244;0,07775;0,05765;0,04785;0,05825;0,0918;0,06615;0,0568;0,0672;0,06805;0,09115
Слов'янськ;4883760;Фенол;0,0019;0,0022;0,00555;0,0032;0,00405;0,00075;0,00935;0,0113;0,0061;null;0,0016;0,00475;0,00205;0,00175;0,0027;0,0028;0,00305;0,0023;0,0029;0,0022;0,00325;0,0011;0,0028;0,0017;0,00135;0,0024
Слов'янськ;4883760;Фтористий водень;0;0,0102;0,0111;0,00725;0,01525;0,00955;0,00985;0,01065;0,0054;null;0,0099;0,0072;0,00435;0,0064;0,00925;0,00865;0,00365;0,00475;0,0025;0,00785;0,0152;0,0109;0,0034;0,0014;0,0065;0,00115
Слов'янськ;4883760;Формальдегiд;0,00205;0,00885;0,0027;0,0015;0,00845;0,01015;0,0033;0,0003;0,003;null;0,00455;0,0018;0,0051;0,0041;0,0026;0,00175;0,00205;0,00205;0,00175;0,00555;0,00295;0,0018;0,00115;0;0,0012;0,0012
Олександрія;4843230;Завислі речовини;0,2;0,25;0,15;0,15;0,15;0,2;0,15;0,15;0,15;null;0,15;0,15;0,3;0,15;0,25;0,25;0,25;0,1;0,2;0,3;0,2;0,2;0,2;0,25;0,3;0,15
Олександрія;4843230;Дiоксид сiрки;0,017;0,021425;0,017225;0,0259;0,014825;0,023;0,01895;0,0208;0,01485;null;0,022266667;0,01285;0,0144;0,0276;0,0185;0,016875;0,022066667;0,016975;0,014125;0,0137;0,018625;0,023125;0,016166667;0,021725;0,022175;0,014875
Олександрія;4843230;Сульфати;0,005;0,005;0,005;0,005;0,005;0,01;0;0,015;0,005;null;0;0,01;0,01;0,005;0,005;0;0,01;0;0;0,005;0,005;0,015;0,005;0,005;0,005;0,005
Олександрія;4843230;Дiоксид азоту;0,024525;0,035375;0,024275;0,023633333;0,033;0,027675;0,025525;0,030825;0,0183;null;0,023866667;0,036275;0,0219;0,036675;0,026725;0,02495;0,028666667;0,02815;0,021525;0,023875;0,035975;0,0336;0,018333333;0,0275;0,0232;0,033375
Олександрія;4843230;Сажа;0,125;0,08;0,07;0,055;0,07;0,115;0,05;0,035;0,045;null;0,035;0,035;0,065;0,07;0,035;0,065;0,035;0,035;0,065;0,045;0,045;0,06;0,035;0,045;0,065;0,06
Горішні Плавні;4903360;Завислі речовини;null;null;null;null;null;null;null;null;null;null;null;null;null;null;null;null;null;null;null;null;null;null;null;null;null;null
Горішні Плавні;4903360;Дiоксид сiрки;null;null;null;null;null;null;null;null;null;null;null;null;null;null;null;null;null;null;null;null;null;null;null;null;null;null
Горішні Плавні;4903360;Оксид вуглецю;null;null;null;null;null;null;null;null;null;null;null;null;null;null;null;null;null;null;null;null;null;null;null;null;null;null
Горішні Плавні;4903360;Дiоксид азоту;null;null;null;null;null;null;null;null;null;null;null;null;null;null;null;null;null;null;null;null;null;null;null;null;null;null
Горішні Плавні;4903360;Фенол;null;null;null;null;null;null;null;null;null;null;null;null;null;null;null;null;null;null;null;null;null;null;null;null;null;null
Горішні Плавні;4903360;Сажа;null;null;null;null;null;null;null;null;null;null;null;null;null;null;null;null;null;null;null;null;null;null;null;null;null;null
Горішні Плавні;4903360;Хлористий водень;null;null;null;null;null;null;null;null;null;null;null;null;null;null;null;null;null;null;null;null;null;null;null;null;null;null
Горішні Плавні;4903360;Амiак;null;null;null;null;null;null;null;null;null;null;null;null;null;null;null;null;null;null;null;null;null;null;null;null;null;null
Бровари;5053080;Завислі речовини;0,0515;0,0685;0,052;0,035;0,0695;0,0355;0,0345;0,068;0,051;null;0,052;0,035;0,0685;0,051;0,034;0,0505;0,05;0,0505;0,0515;0,0345;0,0525;0,0345;0,051;0,051;0,051;0,068
Бровари;5053080;Дiоксид сiрки;0,0398;0,0384;0,036225;0,036075;0,040175;0,03365;0,0344;0,03845;0,03765;null;0,038975;0,009325;0,04205;0,03465;0,034875;0,03695;0,040725;0,039775;0,04195;0,045325;0,037125;0,04225;0,035925;0,0348;0,035225;0,03345
Бровари;5053080;Оксид вуглецю;0,5;0,4;0,4;0,45;0,35;0,35;0,4;0,3;0,35;null;0,3;0,3;0,35;0,35;0,35;0,4;0,35;0,35;0,3;0,4;0,3;0,3;0,35;0,3;0,35;0,45
Бровари;5053080;Дiоксид азоту;0,073575;0,07735;0,071125;0,07025;0,0774;0,06145;0,065675;0,0785;0,074075;null;0,0731;0,019325;0,0772;0,0658;0,0776;0,0701;0,076825;0,0754;0,08;0,086325;0,066925;0,080775;0,069175;0,0655;0,070475;0,064725
Обухів;5013060;Завислі речовини;0,051;0,0675;0,034;0,052;0,052;0,0365;0,051;0,034;0,1025;null;0,0695;0,0525;0,0515;0,068;0,034;0,067;0,033;0,05;0,051;0,085;0,034;0,1035;0,068;0,0335;0,0845;0,034
Обухів;5013060;Дiоксид сiрки;0,027725;0,031525;0,0254;0,032325;0,0326;0,028025;0,023325;0,023975;0,026;null;0,0318;0,034325;0,03135;0,030025;0,0239;0,0197;0,0216;0,0242;0,02595;0,031975;0,037775;0,045525;0,0391;0,033425;0,0289;0,03325
Обухів;5013060;Оксид вуглецю;0,15;0,15;0,2;0,15;0,15;0,05;0,15;0,1;0,15;null;0,15;0,2;0,15;0,2;0,1;0,15;0,15;0,15;0,05;0,1;0,15;0,15;0,05;0,15;0,05;0,05
Обухів;5013060;Дiоксид азоту;0,049325;0,052275;0,04185;0,0511;0,053375;0,044175;0,036725;0,0352;0,039025;null;0,05655;0,0505;0,0496;0,05235;0,039475;0,0364;0,037525;0,0412;0,0415;0,047475;0,056125;0,07475;0,065025;0,054075;0,0426;0,050725
Українка;5023080;Завислі речовини;0,0505;0,051;0,0345;0,0505;0,0345;0,0685;0,034;0,067;0,0345;null;0,0525;0,0675;0,034;0,034;0,034;0,051;0,0495;0,0495;0,034;0,0515;0,0515;0,0345;0,034;0,051;0,0515;0,0505
Українка;5023081;Дiоксид сiрки;0,03295;0,040125;0,0437;0,050075;0,04735;0,039725;0,039;0,03615;0,05105;null;0,0357;0,055025;0,0496;0,041825;0,05365;0,049775;0,0361;0,04895;0,05605;0,055975;0,062475;0,04765;0,0502;0,057275;0,0541;0,05845
Українка;5023082;Оксид вуглецю;0,89;0,7;0,59;0,61;0,58;0,61;0,775;0,595;0,57;null;0,715;0,785;0,63;0,765;0,865;0,825;0,94;0,785;0,67;0,755;0,73;0,81;0,715;0,87;0,865;0,935
Українка;5023083;Дiоксид азоту;0,064275;0,0703;0,0892;0,095025;0,0827;0,071775;0,085875;0,072725;0,08165;null;0,090375;0,0792;0,081175;0,074825;0,08645;0,08565;0,070325;0,070975;0,08;0,1001;0,082725;0,0725;0,092625;0,08195;0,089625;0,091
Житомир;5022870;Завислі речовини;0,0765;0,09425;0,0785;0,0965;0,09625;0,09775;0,07775;0,0685;0,1035;null;0,0965;0,0785;null;null;null;null;null;null;null;null;null;null;null;null;null;null
Житомир;5022871;Дiоксид сiрки;0,03455;0,0364;0,0377625;0,034725;0,0360875;0,0388125;0,0370375;0,0362375;0,0362875;null;0,036225;0,0377125;null;null;null;null;null;null;null;null;null;null;null;null;null;null
Житомир;5022872;Оксид вуглецю;0,6075;0,5925;0,5175;0,575;0,5725;0,575;0,61;0,6175;0,6325;null;0,5975;0,655;null;null;null;null;null;null;null;null;null;null;null;null;null;null
Житомир;5022873;Дiоксид азоту;0,0987375;0,1020125;0,098875;0,1013875;0,0921375;0,098975;0,0947625;0,103775;0,1019125;null;0,1068375;0,0986375;null;null;null;null;null;null;null;null;null;null;null;null;null;null
Чернігів;5143130;Завислі речовини;0,06375;0,0895;0,104;0,09125;0,10275;0,1055;0,076;0,07575;0,1015;null;0,07775;0,10375;0,1285;0,1015;0,08825;0,1;0,07425;0,2225;0,0765;0,08975;0,0905;0,07725;0,07625;0,11325;0,0755;0,08925
Чернігів;5143131;Дiоксид сiрки;0,042925;0,03975;0,0429625;0,0466875;0,0407875;0,0453125;0,0443625;0,040175;0,0463625;null;0,0461375;0,041975;0,0435375;0,041725;0,0413;0,041625;0,0457625;0,0447375;0,0402875;0,0442875;0,0455875;0,04305;0,0462125;0,04255;0,0433875;0,0459375
Чернігів;5143132;Оксид вуглецю;0,43;0,3875;0,3525;0,41;0,4075;0,4075;0,355;0,41;0,43;null;0,44;0,495;0,375;0,38;0,3825;0,4175;0,44;0,4425;0,38;0,375;0,375;0,375;0,405;0,425;0,3475;0,325
Чернігів;5143133;Дiоксид азоту;0,075425;0,0657375;0,07905;0,0609625;0,0774375;0,071275;0,072175;0,077975;0,0803875;null;0,0660625;0,072125;0,0782875;0,0812875;0,0826375;0,078975;0,0671125;0,063;0,0702875;0,060425;0,07385;0,06555;0,0699375;0,0714;0,06765;0,075575
