city;coordinateNumber;nameImpurity;1;2;3;4;5;6;7;8;9;10;11;12;13;14;15;16;17;18;19;20;21;22;23;24;25;26;27;28;29;30
Київ;5053050;Завислі речовини;0,057708333;0,05824;0,075807692;0,061692308;0,068423077;null;0,069142857;0,066321429;0,062111111;0,06204;0,067125;0,065666667;null;0,068708333;0,078875;0,08072;0,070346154;0,062115385;0,073538462;null;0,074607143;0,074142857;0,075214286;0,070857143;0,07925;0,070214286;null;0,075357143;0,073357143;0,070964286
Київ;5053050;Дiоксид сiрки;0,061108333;0,063431579;0,0601875;0,0666275;0,06448;null;0,06104878;0,058857143;0,05762439;0,057161111;0,054144118;0,0577;null;0,055411765;0,054570588;0,057082353;0,057305263;0,058726316;0,057784211;null;0,060130952;0,064628571;0,061107143;0,068609524;0,062757143;0,062219048;null;0,057783333;0,061528571;0,061316667
Київ;5053050;Сульфати;0,012;0,015;0,0165;0,0195;0,018;null;0,0175;0,018;0,0195;0,018;0,0155;0,0165;null;0,0195;0,02;0,02;0,0185;0,0185;0,016;null;0,0175;0,0195;0,0195;0,02;0,019;0,017;null;0,019;0,0185;0,0185
Київ;5053050;Оксид вуглецю;1,2475;1,314285714;1,650714286;1,220714286;0,981428571;null;1,145;1,006;0,955;0,967931034;1,128571429;1,146785714;null;1,379642857;1,396428571;1,308214286;1,3075;1,688928571;1,2475;null;1,320333333;1,308333333;1,292333333;1,685;1,339;1,075666667;null;1,264666667;1,172333333;0,966666667
Київ;5053050;Дiоксид азоту;0,092988889;0,092815789;0,0912325;0,0989875;0,09738;null;0,094343902;0,089764286;0,086921951;0,088025;0,087167647;0,084552941;null;0,093208824;0,093373529;0,103282353;0,113371053;0,108047368;0,102989474;null;0,10457381;0,117014286;0,120821429;0,11952619;0,114545238;0,086645238;null;0,093180952;0,105059524;0,105864286
Київ;5053050;Сiрководень;0,000525;0,0005;0,00085;0,00115;0,000825;null;0,000633333;0,00055;0,00085;0,0006;0,0004;0,000566667;null;0,00065;0,000916667;0,0008;0,001116667;0,000983333;0,000933333;null;0,001233333;0,001333333;0,00105;0,001416667;0,001133333;0,000833333;null;0,000716667;0,0009;0,00095
Київ;5053050;Фенол;0,002192857;0,002221429;0,002157143;0,002364286;0,002264286;null;0,002214286;0,00215;0,002257143;0,002069231;0,002208333;0,002425;null;0,002316667;0,002191667;0,002275;0,0024;0,002375;0,002508333;null;0,002542857;0,002557143;0,002507143;0,002621429;0,002357143;0,0025;null;0,002228571;0,002257143;0,002342857
Київ;5053050;Фтористий водень;0,000764286;0,000685714;0,0009;0,000792857;0,000661538;null;0,000825;0,000671429;0,000885714;0,000664286;0,000871429;0,000635714;null;0,000921429;0,000678571;0,000828571;0,000857143;0,000885714;0,000885714;null;0,000971429;0,000857143;0,000971429;0,001014286;0,001071429;0,000792857;null;0,000842857;0,000914286;0,0009
Київ;5053050;Хлористий водень;0,0561375;0,0572875;0,0657375;0,0653375;0,07005625;null;0,06055;0,05972;0,060035;0,06389;0,060055;0,0569;null;0,060025;0,06017;0,058735;0,06479;0,075425;0,06852;null;0,06622;0,07217;0,075455;0,07876;0,07652;0,07549;null;0,07242;0,071445;0,079515
Київ;5053050;Амiак;0,008457143;0,008485714;0,00895;0,0089;0,008569231;null;0,008047059;0,008044444;0,007983333;0,007882353;0,008475;0,00823125;null;0,00866875;0,00839375;0,00888125;0,008675;0,008775;0,00885;null;0,009066667;0,009094444;0,009216667;0,009183333;0,009172222;0,008083333;null;0,007972222;0,008322222;0,008716667
Київ;5053050;Формальдегiд;0,003397619;0,003302381;0,003390476;0,003864286;0,002868293;null;0,003247727;0,003326087;0,002997826;0,0034;0,003114286;0,003342857;null;0,003685714;0,003716667;0,003685714;0,003733333;0,003880952;0,003895238;null;0,004202174;0,004397826;0,004178261;0,004930435;0,005391304;0,003043478;null;0,002921739;0,003506522;0,004519565
Вінниця;4922860;Завислі речовини;0,025;0;0,15;0,275;0,375;null;0,25;0;0,075;0,05;0,275;0,025;null;0,05;0;0,075;0,125;0,05;0,15;null;0;0;0;0,15;0,175;0,15;null;0;0,05;0
Вінниця;4922860;Дiоксид сiрки;0,0007875;0,0007875;0,001575;0,0008125;0,0007875;null;0,0005125;0,00025;0;0;0;0,000525;null;0;0,0002625;0,000525;0;0;0;null;0,000275;0;0,0005375;0,000825;0,001675;0;null;0;0,000275;0
Вінниця;4922860;Оксид вуглецю;1;0,95;0,95;1,425;1,125;null;0,85;0,875;0,875;0,825;1,05;1,05;null;0,875;0,825;0,825;0,725;0,675;0,775;null;0,75;0,925;0,95;1,075;0,55;0,775;null;1,025;0,75;0,85
Вінниця;4922860;Дiоксид азоту;0,0484;0,0662375;0,04385;0,047125;0,03795;null;0,042825;0,0710125;0,0666375;0,0618125;0,0704375;0,0475;null;0,027125;0,0315125;0,024275;0,0707125;0,0669125;0,052375;null;0,0682875;0,1009;0,0870875;0,0860875;0,097275;0,03815;null;0,0680125;0,0587375;0,0878375
Вінниця;4922860;Фтористий водень;0,0043875;0,0116375;0,0076875;0,000725;0,00295;null;0,003225;0,0046875;0,009975;0,0089125;0,00795;0,0068;null;0,0018;0,0014625;0,0091375;0,0047125;0,0023;0,01075;null;0,0026;0,0026375;0,007075;0,00905;0,0068875;0,0055375;null;0,00725;0,0033375;0,0115
Вінниця;4922860;Амiак;0,01465;0,018275;0,0111;0,0038;0,0037;null;0,030475;0,003575;0,00715;0,003575;0;0;null;0,003725;0;0,00745;0,005425;0,0055;0;null;0,003875;0,00755;0,0037;0,0037;0,02095;0,003675;null;0;0,0112;0,0038
Вінниця;4922860;Формальдегiд;0,008;0,00995;0,01595;0,016;0,01605;null;0;0,01175;0,0039;0,0175;0,00395;0,00395;null;0,00595;0,002;0,00395;0;0,0021;0,01015;null;0;0;0;0,01035;0,0061;0;null;0,012;0,0039;0
Луцьк;5082530;Завислі речовини;0,05;0,05;0,033333333;0,1;0,033333333;null;0,05;0,033333333;0,05;0,05;0,083333333;0,066666667;null;0,1;0,083333333;0,083333333;0,05;0,05;0;null;0,066666667;0,066666667;0,083333333;0,05;0,05;0,066666667;null;0,05;0,05;0,1
Луцьк;5082530;Дiоксид сiрки;0,002375;0,001916667;0,002325;0,002341667;0,0019;null;0,001966667;0,001883333;0,001725;0,001533333;0,002216667;0,001741667;null;0,002266667;0,001725;0,001966667;0,002675;0,002408333;0,00145;null;0,0032;0,002225;0,00245;0,003483333;0,00245;0,001558333;null;0,001433333;0,00175;0,001833333
Луцьк;5082530;Сульфати;0,01;0,01;0,005;0,01;0;null;0,01;0,005;0,005;0;0,01;0,01;null;0,015;0,01;0,01;0,01;0,01;0;null;0,005;0,005;0,005;0,01;0,01;0;null;0,01;0,01;0,01
Луцьк;5082530;Оксид вуглецю;0;0;0;0;0;null;0;0;0,333333333;0,666666667;0,333333333;0;null;0,166666667;0;0,166666667;0,333333333;0,5;0;null;0,666666667;0,833333333;0,666666667;0,666666667;0,5;0;null;0,333333333;0;0,166666667
Луцьк;5082530;Дiоксид азоту;0,0543;0,047525;0,0722;0,064525;0,051666667;null;0,059991667;0,056308333;0,056908333;0,052825;0,050266667;0,053058333;null;0,06445;0,055375;0,054791667;0,078408333;0,073533333;0,043508333;null;0,080841667;0,076083333;0,094741667;0,122266667;0,086708333;0,048533333;null;0,0567;0,058608333;0,07615
Луцьк;5082530;Оксид азоту;0,0234;0,0149;0,024775;0,01755;0,0199;null;0,02275;0,031925;0,0267;0,024575;0,021525;0,0207;null;0,02705;0,01715;0,01815;0,04075;0,0194;0,011325;null;0,05505;0,051975;0,043875;0,05585;0,035775;0,01545;null;0,0279;0,0238;0,0217
Луцьк;5082530;Фенол;0,00595;0,005875;0,006191667;0,007366667;0,004775;null;0,0065;0,005525;0,006133333;0,006891667;0,00595;0,005666667;null;0,007133333;0,006741667;0,005941667;0,006325;0,006341667;0,004308333;null;0,006975;0,005466667;0,0064;0,006425;0,005808333;0,00485;null;0,005391667;0,006366667;0,0058
Луцьк;5082530;Формальдегiд;0,0027;0,002475;0,00315;0,0027;0,0019125;null;0,0018625;0,00305;0,0019125;0,0017625;0,002425;0,002225;null;0,0028125;0,003575;0,0037625;0,00535;0,0076625;0,0058375;null;0,0086375;0,0114375;0,009925;0,006675;0,00555;0,0045625;null;0,0065;0,00675;0,0054125
Ужгород;4862230;Завислі речовини;0,0725;0,0625;0,085;0,07;0,14;null;0,145;0,0775;0,0625;0,0375;0,0525;0,095;null;0,065;0,025;0,095;0,11;0,065;0,1025;null;0,07;0,08;0,1;0,0775;0,1025;0,075;null;0,08;0,11;0,1
Ужгород;4862230;Дiоксид сiрки;0,006375;0,006125;0,004875;0,004;0,004125;null;0,004875;0,004875;0,004625;0,004625;0,0055;0,006;null;0,005375;0,003125;0,005125;0,009125;0,006875;0,00625;null;0,00675;0,0045;0,003;0,005;0,003125;0,00175;null;0,003875;0,0045;0,0045
Ужгород;4862230;Сульфати;0,0055;0,0015;0,0045;0,009;0,007;null;0,0055;0,0035;0,005;0,003;0,0025;0,0015;null;0,003;0,002;0,0005;0,005;0,004;0,002;null;0,001;0,003;0,0025;0,002;0,005;0,0015;null;0,0015;0,004;0,0035
Ужгород;4862230;Оксид вуглецю;0,895;0,805;0,99;0,835;0,75;null;0,9225;0,8625;0,9525;0,6825;1,1175;0,8075;null;0,9425;0,915;0,85;0,89;0,815;0,8275;null;0,8425;0,7375;0,83;0,83;0,825;0,6875;null;0,725;0,675;0,6675
Ужгород;4862230;Дiоксид азоту;0,061875;0,062875;0,055375;0,043625;0,04925;null;0,056375;0,0765;0,07;0,049625;0,048875;0,043125;null;0,0635;0,046375;0,03675;0,051875;0,048;0,047125;null;0,062875;0,040125;0,0325;0,03475;0,044875;0,03575;null;0,046625;0,036375;0,055375
Ужгород;4862230;Оксид азоту;0,02625;0,0245;0,028;0,01225;0,0185;null;0,02625;0,034;0,01375;0,01925;0,01775;0,0265;null;0,0375;0,02875;0,01925;0,038;0,02425;0,04;null;0,04675;0,02;0,01125;0,03725;0,0185;0,0245;null;0,04425;0,021;0,016
Ужгород;4862230;Формальдегiд;0,004;0,00375;0,004875;0,008375;0,00575;null;0,0025;0,00125;0,0025;0,00325;0,002875;0,00375;null;0,01175;0,01;0,010125;0,016625;0,01075;0,01275;null;0,0225;0,01325;0,009875;0,016125;0,010625;0,00525;null;0,01175;0,01425;0,00775
Запоріжжя;4793510;Завислі речовини;0,1;0,16;0,15;0,14;0,08;null;0,13;0,1;0,09;0,13;0,11;0,13;null;0,11;0,11;0,09;0,09;0,09;0,1;null;0,07;0,09;0,14;0,15;0,14;0,11;null;0,07;0,08;0,11
Запоріжжя;4793510;Дiоксид сiрки;0,0058;0,006992857;0,007021429;0,006214286;0,005678571;null;0,006269231;0,005957143;0,005271429;0,005878571;0,006364286;0,006457143;null;0,006507692;0,007614286;0,006564286;0,007035714;0,007914286;0,005914286;null;0,006107692;0,0065;0,007635714;0,006878571;0,006192857;0,00615;null;0,006830769;0,006342857;0,006957143
Запоріжжя;4793510;Сульфати;0,01;0,015;0,02;0,01;0,015;null;0,01;0,01;0,015;0,015;0,01;0,015;null;0,015;0,025;0,01;0,015;0,02;0,015;null;0,015;0,01;0,015;0,015;0,015;0,015;null;0,015;0,01;0,015
Запоріжжя;4793510;Оксид вуглецю;0,46;0,48;0,6;0,56;0,32;null;0,42;0,45;0,48;0,43;0,4;0,41;null;0,46;0,58;0,48;0,48;0,68;0,55;null;0,43;0,45;0,63;0,97;0,72;0,48;null;0,41;0,51;0,43
Запоріжжя;4793510;Дiоксид азоту;0,069742857;0,0932;0,086021429;0,064264286;0,071721429;null;0,066307692;0,061064286;0,056528571;0,057842857;0,062764286;0,059414286;null;0,068884615;0,09935;0,068771429;0,070178571;0,092942857;0,052007143;null;0,066723077;0,064721429;0,093035714;0,088085714;0,079328571;0,053742857;null;0,061738462;0,0626;0,076971429
Запоріжжя;4793510;Оксид азоту;0,0448;0,047133333;0,0518;0,0475;0,034233333;null;0,050333333;0,045566667;0,041133333;0,050333333;0,040233333;0,0333;null;0,046166667;0,058033333;0,047466667;0,040666667;0,050166667;0,038866667;null;0,0526;0,0341;0,055433333;0,060533333;0,044533333;0,041933333;null;0,039066667;0,040166667;0,041133333
Запоріжжя;4793510;Сiрководень;0,003072727;0,003072727;0,003372727;0,003436364;0,002954545;null;0,003255556;0,003;0,003;0,002890909;0,002654545;0,003927273;null;0,003333333;0,002927273;0,002563636;0,002627273;0,002836364;0,003518182;null;0,002755556;0,003;0,0029;0,003754545;0,003927273;0,003654545;null;0,004155556;0,0033;0,002918182
Запоріжжя;4793510;Фенол;0,00647;0,00748;0,00778;0,00593;0,00572;null;0,005644444;0,00578;0,00504;0,00557;0,00544;0,00698;null;0,005611111;0,00584;0,00619;0,00709;0,00665;0,00624;null;0,005411111;0,00606;0,00708;0,00797;0,00687;0,005;null;0,006833333;0,00625;0,0066
Запоріжжя;4793510;Фтористий водень;0,0001;0,0006;0,00075;0;0;null;0;0;0;0;0;0,0009;null;0;0,0006;0,00015;0;0;0,00045;null;0;0;0,00045;0;0;0;null;0,000533333;0,00015;0
Запоріжжя;4793510;Хлористий водень;0,04865;0,0487375;0,04895;0,0360625;0,042925;null;0,038333333;0,04465;0,0482;0,041075;0,0432125;0,0455375;null;0,04365;0,04065;0,0348125;0,048825;0,0492375;0,0415875;null;0,053866667;0,0415375;0,0367875;0,054225;0,0576625;0,0492875;null;0,0513;0,0507375;0,0467625
Запоріжжя;4793510;Формальдегiд;0,0082;0,006925;0,0076;0,00695;0,008;null;0,005966667;0,00685;0,007125;0,006275;0,00705;0,00695;null;0,005366667;0,00795;0,006625;0,007725;0,007;0,006175;null;0,007833333;0,00615;0,007075;0,00735;0,007625;0,00705;null;0,0075;0,00555;0,006375
Івано-Франківськ;4892470;Завислі речовини;0,105;0,105;0,15;0,16;0,075;null;0,135;0,08;0,135;0,105;0,085;0,145;null;0,145;0,11;0,15;0,15;0,16;0,15;null;0,14;0,15;0,15;0,14;0,14;0,135;null;0,145;0,14;0,1
Івано-Франківськ;4892470;Дiоксид сiрки;0,002325;0,004225;0,004575;0,00545;0,005025;null;0,002625;0,003375;0,002675;0,0042;0,005375;0,003125;null;0,0141;0,006225;0,00355;0,0028;0,004;0,0059;null;0,00365;0,0036;0,004425;0,003225;0,00395;0,003875;null;0,003125;0,003475;0,00275
Івано-Франківськ;4892470;Оксид вуглецю;1,25;1,4;2;1,9;1,1;null;1,6;1,1;1,7;1,3;1,15;1,8;null;1,85;1,4;2,3;2;1,9;1,9;null;1,65;2,15;1,95;1,7;1,85;1,8;null;1,9;1,7;1,4
Івано-Франківськ;4892470;Дiоксид азоту;0,044025;0,0395;0,039425;0,04115;0,03975;null;0,035375;0,033975;0,03825;0,041175;0,035225;0,04125;null;0,0316;0,039375;0,04995;0,075275;0,053275;0,05125;null;0,034525;0,040025;0,03565;0,037675;0,03275;0,047475;null;0,04755;0,04885;0,05135
Івано-Франківськ;4892470;Оксид азоту;0,03015;0,028825;0,026975;0,02995;0,03275;null;0,027025;0,0283;0,02735;0,029125;0,02365;0,028475;null;0,023725;0,029575;0,034225;0,050775;0,0389;0,035;null;0,0256;0,028575;0,0263;0,027125;0,025775;0,0345;null;0,033;0,03615;0,035025
Дніпро;4863510;Завислі речовини;0,1625;0,1875;0,25;0,3;0,2125;null;0,1875;0,1625;0,2;0,2375;0,25;0,1625;null;0,2125;0,25;0,2875;0,2375;0,2875;0,2375;null;0,3875;0,3125;0,3625;0,3875;0,3125;0,325;null;0,25;0,3375;0,25
Дніпро;4863510;Дiоксид сiрки;0,009375;0,009958333;0,009458333;0,016458333;0,008541667;null;0,010333333;0,011958333;0,008958333;0,009833333;0,01175;0,010833333;null;0,012666667;0,012458333;0,014333333;0,015916667;0,010541667;0,01325;null;0,009166667;0,011958333;0,009541667;0,015041667;0,009833333;0,016375;null;0,012388889;0,006708333;0,008166667
Дніпро;4863510;Оксид вуглецю;2,333333333;2,75;2,416666667;2,75;2,416666667;null;2,5;2,5;2,25;2,5;2,583333333;2;null;2;2,5;2,25;2,5;2,5;2;null;2,166666667;2,083333333;2,083333333;2;2,083333333;2,25;null;2,25;1,666666667;2,25
Дніпро;4863510;Дiоксид азоту;0,072083333;0,085;0,082916667;0,087083333;0,07;null;0,078333333;0,08375;0,082916667;0,082916667;0,077083333;0,064583333;null;0,073888889;0,082916667;0,09625;0,100833333;0,09625;0,076666667;null;0,076666667;0,07625;0,078333333;0,085833333;0,0775;0,06875;null;0,068333333;0,057916667;0,059583333
Дніпро;4863510;Оксид азоту;0,025;0,05;0,0475;0,0425;0,04;null;0,03;0,0275;0,0375;0,045;0,0375;0,035;null;0,023333333;0,055;0,045;0,065;0,0375;0,03;null;0,033333333;0,0375;0,04;0,035;0,0375;0,035;null;0,033333333;0,0325;0,0325
Дніпро;4863510;Сiрководень;0,002625;0,003208333;0,004083333;0,004416667;0,002666667;null;0,002777778;0,003291667;0,002166667;0,002708333;0,002875;0,002375;null;0,005277778;0,00675;0,005333333;0,004916667;0,006583333;0,00375;null;0,002722222;0,00325;0,002541667;0,005458333;0,001666667;0,003583333;null;0,002222222;0,001166667;0,002166667
Дніпро;4863510;Фенол;0,002333333;0,00325;0,00175;0,002916667;0,002833333;null;0,001777778;0,001416667;0,001583333;0,0025;0,00275;0,0025;null;0,002222222;0,002;0,003583333;0,003666667;0,003166667;0,001916667;null;0,002444444;0,0025;0,0025;0,002;0,001;0,001333333;null;0,001;0,00125;0,001583333
Дніпро;4863510;Амiак;0,03;0,03375;0,0275;0,03375;0,02125;null;0,033333333;0,0125;0,016625;0,0225;0,0275;0,025;null;0,026666667;0,035;0,03125;0,03125;0,035;0,02875;null;0,036666667;0,03625;0,02625;0,04125;0,02375;0,04;null;0,033333333;0,03;0,03375
Дніпро;4863510;Формальдегiд;0,011166667;0,010083333;0,011416667;0,010833333;0,014;null;0,009888889;0,010833333;0,009083333;0,010333333;0,012083333;0,0095;null;0,010888889;0,0105;0,013083333;0,0125;0,012833333;0,012333333;null;0,012777778;0,010083333;0,011333333;0,012416667;0,010666667;0,011916667;null;0,01;0,0095;0,0115
Кривий Ріг;4793340;Завислі речовини;0,22;0,24;0,05;0,13;0,13;null;0,26;0,27;0,12;0,1;0,03;0,05;null;0,37;0,32;0,35;0,26;0,28;0,31;null;0,31;0,29;0,32;0,27;0,277777778;0,2375;null;0,2;0,275;0,35
Кривий Ріг;4793340;Дiоксид сiрки;0,023076923;0,027076923;0,022769231;0,023692308;0,024307692;null;0,0177;0,022615385;0,018692308;0,020615385;0,018615385;0,021384615;null;0,0279;0,031692308;0,029076923;0,025692308;0,027230769;0,024615385;null;0,0237;0,026;0,024307692;0,026384615;0,023083333;0,0253;null;0,023875;0,03;0,0294
Кривий Ріг;4793340;Оксид вуглецю;1,2;1,2;1,2;1,2;1,1;null;1;1;1;1;1;1;null;1,5;1,5;1,4;1,2;1,1;1,1023;null;1;1,2;1;1;1;1,125;null;1;1,375;1,125
Кривий Ріг;4793340;Дiоксид азоту;0,027692308;0,05;0,03;0,021538462;0,021538462;null;0,019;0,018461538;0,024615385;0,032307692;0,017692308;0,022307692;null;0,03;0,03;0,028461538;0,025384615;0,029230769;0,024615385;null;0,023;0,024615385;0,030769231;0,022307692;0,024166667;0,027;null;0,03875;0,041;0,042
Кривий Ріг;4793340;Оксид азоту;0,02;0,026666667;0,02;0,016666667;0,013333333;null;0,01;0,016666667;0,02;0,02;0,01;0,013333333;null;0,015;0,02;0,016666667;0,02;0,013333333;0,016666667;null;0,02;0,016666667;0,016666667;0,013333333;0,016666667;0,02;null;0,025;0,023333333;0,033333333
Кривий Ріг;4793340;Сiрководень;0,0011;0,0012;0,0011;0,001;0,0012;null;0,001;0,001;0,001;0,001;0,0008;0,001;null;0,0015;0,0012;0,0013;0,001;0,0013;0,001;null;0,001;0,0011;0,0011;0,001;0,001;0,001;null;0,001;0,00125;0,00125
Кривий Ріг;4793340;Фенол;0,00185;0,00195;0,00145;0,00155;0,0016;null;0,001533333;0,0016;0,0014;0,0016;0,00125;0,0016;null;0,002133333;0,00235;0,0022;0,00165;0,00175;0,00165;null;0,0016;0,00205;0,00165;0,0017;0,001888889;0,00175;null;0,001833333;0,0018125;0,0026875
Кривий Ріг;4793340;Амiак;0,0105;0,0105;0,01;0,01;0,01;null;0,01;0,01;0,01;0,01;0,01;0,01;null;0,010666667;0,012;0,0105;0,01;0,01;0,0105;null;0,01;0,01;0,01;0,01;0,01;0,01;null;0,01;0,01;0,010625
Кривий Ріг;4793340;Формальдегiд;0,0152;0,01775;0,01215;0,0119;0,0115;null;0,01;0,0135;0,0093;0,00975;0,0084;0,00835;null;0,015066667;0,01405;0,01095;0,0122;0,0115;0,01055;null;0,0092;0,0102;0,01225;0,01025;0,010277778;0,01125;null;0,010583333;0,010125;0,0133125
Кам'янське;4853460;Завислі речовини;0,0855875;0,199125;0,07265;0,1641125;0,2283;null;0,1412125;0,1661375;0,127125;0,19255;0,190675;0,1950375;null;0,2481625;0,2177;0,2659875;0,2061875;0,2413;0,2627125;null;0,2365875;0,3318625;0,408125;0,3862125;0,3964125;0,322825;null;0,2865375;0,3329625;0,326825
Кам'янське;4853460;Дiоксид сiрки;0,00605;0,005;0,00465;0,00495;0,0042375;null;0,0059375;0,00545;0,0041375;0,004325;0,0060125;0,0048375;null;0,0059125;0,006275;0,007;0,0068125;0,0073625;0,0092375;null;0,0077;0,0088;0,0082625;0,0081625;0,0077875;0,0061875;null;0,005975;0,0064375;0,006775
Кам'янське;4853460;Оксид вуглецю;2,75;2,25;2,375;3,125;3,125;null;2,75;3,25;2,75;3;3;3,125;null;3;3,25;3,25;3;3,125;3,25;null;3;3,25;3,125;2,875;3,125;2,875;null;2,875;3;3,25
Кам'янське;4853460;Дiоксид азоту;0,10844375;0,13406875;0,131225;0,08525;0,10225625;null;0,12895;0,10848125;0,07139375;0,070375;0,11855625;0,10923125;null;0,1351;0,11189375;0,1458;0,1343125;0,1179;0,1543375;null;0,154541667;0,14795625;0,1622375;0,1444125;0,1576875;0,11693125;null;0,12855;0,14771875;0,1315375
Кам'янське;4853460;Оксид азоту;0,049275;0,07305;0,05345;0,048025;0,056125;null;0,061733333;0,054875;0,040725;0,037575;0,059025;0,0485;null;0,078833333;0,059975;0,06915;0,0666;0,074225;0,078725;null;0,072333333;0,08495;0,08055;0,062725;0,091475;0,05755;null;0,0556;0,08385;0,069475
Кам'янське;4853460;Сiрководень;0,004253333;0,004166667;0,00396;0,004573333;0,00452;null;0,004763636;0,004433333;0,0044;0,004266667;0,004833333;0,004;null;0,003990909;0,004246667;0,005686667;0,006;0,00654;0,00656;null;0,006127273;0,005613333;0,00596;0,005806667;0,00596;0,005433333;null;0,004845455;0,004946667;0,005033333
Кам'янське;4853460;Фенол;0,004225;0,00498125;0,0045875;0,0043125;0,004475;null;0,004366667;0,00374375;0,00463125;0,0031;0,00533125;0,00508125;null;0,005075;0,00481875;0,00643125;0,006525;0,0059625;0,00664375;null;0,007625;0,00575625;0,0072125;0,00613125;0,00725;0,0067625;null;0,005991667;0,0062875;0,00640625
Кам'янське;4853460;Амiак;0,041825;0,042425;0,039775;0,039325;0,042625;null;0,03855;0,0405625;0,0429375;0,0426875;0,048075;0,0456875;null;0,0429625;0,041975;0,05095;0,045025;0,0533625;0,0449875;null;0,0535375;0,056975;0,056875;0,0549375;0,0509125;0,0463375;null;0,050225;0,0454875;0,04535
Кам'янське;4853460;Формальдегiд;0,0078625;0,0072375;0,0069375;0,00825;0,0077;null;0,006975;0,0072875;0,00735;0,00675;0,0068125;0,00575;null;0,0063125;0,0088625;0,0087875;0,00985;0,010375;0,0117375;null;0,011825;0,0112;0,0113625;0,01175;0,011225;0,0089375;null;0,008425;0,0089375;0,0084125
Кропивницький;4853220;Завислі речовини;0,116666667;0,166666667;0,2;0,15;0,183333333;null;0,166666667;0,15;0,133333333;0,166666667;0,166666667;0,15;null;0,15;0,166666667;0,2;0,183333333;0,183333333;0,133333333;null;0,2;0,25;0,283333333;0,25;0,266666667;0,2;null;0,233333333;0,183333333;0,216666667
Кропивницький;4853220;Дiоксид сiрки;0,021716667;0,017158333;0,017883333;0,019491667;0,018125;null;0,022477778;0,021391667;0,021575;0,023375;0,02005;0,023441667;null;0,017733333;0,017208333;0,016516667;0,015058333;0,018466667;0,016675;null;0,015388889;0,014825;0,017833333;0,020308333;0,01585;0,02165;null;0,022055556;0,01705;0,017175
Кропивницький;4853220;Сульфати;0,01;0,01;0,005;0,005;0,005;null;0,01;0,01;0;0,005;0,005;0,01;null;0;0,005;0,01;0,005;0,01;0,015;null;0,005;0,005;0,005;0,015;0,005;0,005;null;0;0,005;0
Кропивницький;4853220;Оксид вуглецю;3,5;4;3,333333333;4,333333333;3,166666667;null;3,833333333;2,166666667;2,333333333;1,666666667;2,666666667;2,666666667;null;3,166666667;3,5;3,5;4;3,5;4,5;null;4,166666667;4,833333333;3,666666667;4,833333333;3,666666667;2,5;null;2,333333333;1,5;1,5
Кропивницький;4853220;Дiоксид азоту;0,024625;0,0352;0,029625;0,022158333;0,031641667;null;0,025688889;0,02765;0,032616667;0,021691667;0,023525;0,033175;null;0,024166667;0,029333333;0,031441667;0,027233333;0,029133333;0,019175;null;0,028288889;0,0262;0,031016667;0,032158333;0,026125;0,035175;null;0,0317;0,02815;0,028983333
Кропивницький;4853220;Оксид азоту;0,01365;0,020275;0,0195;0,01125;0,017325;null;0,009166667;0,01895;0,017875;0,0092;0,0134;0,01605;null;0,011266667;0,0175;0,012425;0,0187;0,01835;0,008625;null;0,0165;0,012625;0,0191;0,019875;0,01585;0,0223;null;0,0155;0,0125;0,01455
Кропивницький;4853220;Сажа;0,015;0,026666667;0,025;0,036666667;0,021666667;null;0,018333333;0,02;0,013333333;0,018333333;0,028333333;0,028333333;null;0,02;0,021666667;0,02;0,021666667;0,013333333;0,023333333;null;0,025;0,025;0,021666667;0,031666667;0,021666667;0,016666667;null;0,013333333;0,013333333;0,018333333
Кропивницький;4853220;Формальдегiд;0,0039;0,005;0,005266667;0,003966667;0,004466667;null;0,002433333;0,0027;0,004333333;0,0024;0,0027;0,003033333;null;0,003533333;0,0038;0,003333333;0,004433333;0,0039;0,003933333;null;0,002266667;0,003133333;0,004;0,0034;0,004633333;0,0045;null;0,003566667;0,002766667;0,0039
Світловодськ;4903340;Завислі речовини;0,05;0;0;0,05;0;null;0;0,05;0,05;0;0,05;0;null;0;0,1;0,15;0,1;0,1;0,1;null;null;0,1;0;0,1;0,15;0,1;null;0,1;0,1;0,1
Світловодськ;4903340;Дiоксид сiрки;0,0128;0,0278;0,008533333;0,0148;0,0132;null;0,006233333;0,020866667;0,024933333;0,010566667;0,010466667;0,014666667;null;0,016966667;0,027833333;0,055433333;0,019366667;0,032833333;0,0065;null;null;0,038533333;0,0174;0,034966667;0,008833333;0,0216;null;0,157;0,042466667;0,015033333
Світловодськ;4903340;Сульфати;0;0;0,01;0,005;0,01;null;0,005;0;0,005;0;0;0;null;0,005;0,01;0,005;0,01;0,005;0,01;null;null;0,005;0;0;0,005;0,005;null;0,005;0,005;0,01
Світловодськ;4903340;Оксид вуглецю;1;1;1;1;1;null;1;1;1;1;1;1,5;null;1;1;1;1;1;1;null;null;1;1;1;1;1;null;1;1;1
Світловодськ;4903340;Дiоксид азоту;0,0729;0,0209;0,024266667;0,0413;0,032133333;null;0,016933333;0,016966667;0,023666667;0,024066667;0,023833333;0,0239;null;0,0275;0,044966667;0,041566667;0,0562;0,0247;0,035;null;null;0,0281;0,035333333;0,028566667;0,018033333;0,024633333;null;0,013533333;0,031066667;0,0281
Світловодськ;4903340;Оксид азоту;0,056;0,0234;0,023333333;0,030066667;0,0313;null;0,004533333;0,0273;0,015866667;0,0162;0,027433333;0,018333333;null;0,0278;0,0233;0,023266667;0,049733333;0,0332;0,026133333;null;null;0,0284;0,023766667;0,016733333;0,012133333;0,018933333;null;0,0091;0,016333333;0,023733333
Світловодськ;4903340;Формальдегiд;0;0,0011;0;0;0,004633333;null;0,0011;0;0;0,0011;0,001066667;0,003266667;null;0,0044;0,003366667;0,002266667;0,003366667;0,0057;0,005666667;null;null;0,002233333;0,0045;0,0057;0,008033333;0,006733333;null;0,003233333;0,002233333;0,0011
Львів;4982410;Завислі речовини;0,1;0,1025;0,155;0,1575;0,115;null;0,1275;0,135;0,1525;0,115;0,115;0,1525;null;0,145;0,10125;0,13875;0,16125;0,1575;0,15;null;0,1675;0,145;0,1475;0,16375;0,16125;0,13875;null;0,1625;0,1775;0,175
Львів;4982410;Дiоксид сiрки;0,0038875;0,004625;0,00465;0,0047125;0,005225;null;0,004225;0,0043625;0,0050125;0,00440625;0,00365;0,00446875;null;0,00461875;0,0054625;0,00750625;0,00543125;0,00779375;0,0065625;null;0,00503125;0,00540625;0,0062875;0,00341875;0,00408125;0,00560625;null;0,0054875;0,00470625;0,005075
Львів;4982410;Оксид вуглецю;1,425;1,375;2,025;2,075;1,625;null;1,525;1,7;1,925;1,4625;1,4;1,7875;null;1,7375;1,325;1,725;2,0625;2,0375;1,9375;null;2,1625;1,825;1,8125;2,1375;2,15;1,65;null;1,8375;2,5375;2,45
Львів;4982410;Дiоксид азоту;0,037875;0,0361375;0,036525;0,05;0,0494875;null;0,0471875;0,0413;0,0387875;0,03845625;0,0321875;0,04056875;null;0,0368;0,0413875;0,0486875;0,0445375;0,0498125;0,0501;null;0,0366125;0,041675;0,04854375;0,0576875;0,06248125;0,05136875;null;0,04734375;0,04505;0,04855625
Львів;4982410;Оксид азоту;null;null;null;null;null;null;null;null;null;0,0247125;0,0235875;0,0269;null;0,0239125;0,0276125;0,0338875;0,0281;0,031175;0,0326375;null;0,0264375;0,029425;0,0323;0,0330125;0,0467625;0,0383875;null;0,030575;0,0260125;0,0335
Львів;4982410;Фтористий водень;0,0018625;0,0019375;0,0018375;0,002425;0,0029;null;0,002875;0,0035125;0,0029125;0,00176875;0,0019125;0,002225;null;0,0029375;0,0029875;0,00275;0,002575;0,003125;0,00255;null;0,00194375;0,002025;0,00229375;0,00211875;0,0021375;0,00233125;null;0,00309375;0,00271875;0,00249375
Львів;4982410;Формальдегiд;0,0035625;0,0039;0,0029125;0,0030125;0,005425;null;0,0025125;0,0031125;0,00355;0,00284375;0,00260625;0,0044125;null;0,00274375;0,00328125;0,00289375;0,0030625;0,00385;0,00453125;null;0,00328125;0,0029625;0,00403125;0,0053375;0,00391875;0,004625;null;0,00478125;0,0049;0,00315625
Миколаїв;4703200;Завислі речовини;0,075;0,075;0,0875;0,0625;0,05;null;0,0875;0,1;0,0875;0,075;0,1;0,05;null;0,075;0,1;0,0875;0,1;0,1125;0,0875;null;0,0875;0,075;0,0875;0,0625;0,1;0,0875;null;0,0625;0,1;0,1
Миколаїв;4703200;Дiоксид сiрки;0,0048125;0,0045375;0,0061;0,0081375;0,0078125;null;0,004975;0,00765;0,0084;0,00455;0,002975;0,00545;null;0,0063875;0,0048875;0,0047;0,0040125;0,0051625;0,0038;null;0,00395;0,0036;0,0054875;0,005575;0,0077375;0,0065375;null;0,0057875;0,0031625;0,003725
Миколаїв;4703200;Оксид вуглецю;1,25;1,5;1,5;1,625;1,75;null;2;1,5;1,25;0,5;1;0,375;null;0,875;0,875;0,875;1,25;1,375;0,875;null;0,75;0,875;1;0,875;1;0,625;null;1;0,625;0,5
Миколаїв;4703200;Дiоксид азоту;0,039325;0,0300375;0,02086875;0,04655625;0,0316125;null;0,05526875;0,048775;0,04140625;0,0411625;0,04273125;0,0344875;null;0,03786875;0,04830625;0,03646875;0,04186875;0,0382375;0,02579375;null;0,0362375;0,03775;0,0193125;0,0169375;0,025125;0,02084375;null;0,0231125;0,01841875;0,01943125
Миколаїв;4703200;Оксид азоту;0,027125;0,009475;0,016875;0,02375;0,02655;null;0,0145;0,02725;0,02415;0,028375;0,0296;0,032775;null;0,034575;0,026775;0,02755;0,03705;0,033625;0,0158;null;0,01685;0,004825;0,01905;0,0184;0,016275;0,0136;null;0,0147;0,0192;0,021825
Миколаїв;4703200;Фтористий водень;0,000925;0,0006;0,000475;0,00055;0,0005875;null;0,002475;0,002325;0,001225;0,0010125;0,0018375;0,001175;null;0,001325;0,000775;0,00155;0,0017375;0,001225;0,000775;null;0,0010625;0,0008;0,0009625;0,0021375;0,0013875;0,0014375;null;0,0011;0,0004375;0,00065
Миколаїв;4703200;Формальдегiд;0,005425;0,00873125;0,012125;0,00888125;0,00623125;null;0,01220625;0,01145;0,0113;0,0105375;0,0123125;0,009625;null;0,014525;0,0105875;0,01230625;0,0103625;0,0107625;0,00968125;null;0,00986875;0,00428125;0,00816875;0,01021875;0,00948125;0,00751875;null;0,0111625;0,0096625;0,01083125
Одеса;4643080;Завислі речовини;0,2175;0,216583333;0,140416667;0,225416667;0,317583333;null;0,2745;0,262916667;0,281583333;0,266333333;0,315;0,235166667;null;0,202916667;0,2165;0,215583333;0,18075;0,17175;0,207666667;null;0,203416667;0,20125;0,180666667;0,172583333;0,24125;0,1995;null;0,219416667;0,18;0,192583333
Одеса;4643080;Дiоксид сiрки;0,051077778;0,040533333;0,039333333;0,033661111;0,02715;null;0,026955556;0,025783333;0,021466667;0,019788889;0,0194;0,018088889;null;0,020677778;0,020066667;0,019422222;0,020305556;0,021288889;0,025738889;null;0,032655556;0,028233333;0,036788889;0,042011111;0,036616667;0,033644444;null;0,018122222;0,0217;0,015722222
Одеса;4643080;Сульфати;0,0175;0,0155;0,0205;0,017;0,0105;null;0,012;0,013;0,014;0,009;0,011;0,0105;null;0,0145;0,0165;0,013;0,008;0,0105;0,007;null;0,0125;0,0175;0,0145;0,018;0,019;0,017;null;0,0215;0,0125;0,013
Одеса;4643080;Оксид вуглецю;1,308333333;1,291666667;1,475;1,375;1,408333333;null;1,441666667;1,3;1,166666667;1,266666667;1,166666667;1,366666667;null;1,358333333;1,275;1,275;1,316666667;1,341666667;1,366666667;null;1,091666667;1,083333333;1,4;1,358333333;1,441666667;1,225;null;1,366666667;1,358333333;1,358333333
Одеса;4643080;Дiоксид азоту;0,061166667;0,056783333;0,047222222;0,057488889;0,060405556;null;0,049277778;0,039472222;0,031755556;0,032183333;0,034705556;0,035394444;null;0,04255;0,044355556;0,059272222;0,047711111;0,054916667;0,066094444;null;0,062116667;0,040644444;0,066216667;0,080822222;0,058622222;0,058938889;null;0,059444444;0,048338889;0,047138889
Одеса;4643080;Оксид азоту;0,03945;0,038575;0,0526;0,0405;0,038;null;0,02585;0,017425;0,022125;0,0178;0,024025;0,02135;null;0,026;0,035875;0,037125;0,040025;0,0419;0,028175;null;0,0385;0,02225;0,03985;0,04065;0,034075;0,034125;null;0,033025;0,0242;0,0214
Одеса;4643080;Сiрководень;0,0010625;0,000825;0,001275;0,00095;0,00095;null;0,0008125;0,0006625;0,0007125;0,000775;0,0012625;0,0020375;null;0,0016125;0,00155;0,0015875;0,00155;0,001425;0,0014375;null;0,0016;0,001525;0,0011875;0,0012375;0,0015875;0,0015625;null;0,0013875;0,0013375;0,001775
Одеса;4643080;Фенол;0,003019048;0,002809524;0,003004762;0,003114286;0,002766667;null;0,001747619;0,001919048;0,0021;0,002138095;0,002614286;0,002557143;null;0,002604762;0,002809524;0,003052381;0,003138095;0,003490476;0,00347619;null;0,003433333;0,003504762;0,003414286;0,003242857;0,0035;0,003666667;null;0,003366667;0,003461905;0,003028571
Одеса;4643080;Сажа;0,04;0,05125;0,03625;0,0275;0,03;null;0,04375;0,0475;0,045;0,04;0,04125;0,05;null;0,04375;0,0475;0,04375;0,045;0,0425;0,04875;null;0,055;0,05125;0,05;0,05625;0,0575;0,04875;null;0,06125;0,04875;0,0475
Одеса;4643080;Фтористий водень;0,003575;0,004275;0,0045125;0,0021625;0,0024875;null;0,0032375;0,0041625;0,0044375;0,0074875;0,0052125;0,003125;null;0,0031;0,004775;0,0059875;0,005625;0,004175;0,0051875;null;0,0041125;0,0047;0,00245;0,0054;0,0051125;0,00395;null;0,0060875;0,0082;0,0043625
Одеса;4643080;Формальдегiд;0,007753846;0,008046154;0,009546154;0,0082;0,006584615;null;0,004892308;0,004176923;0,005092308;0,008007692;0,005946154;0,006176923;null;0,006376923;0,007376923;0,0076;0,007030769;0,008415385;0,009076923;null;0,008084615;0,007892308;0,008784615;0,007869231;0,008669231;0,009546154;null;0,007561538;0,007207692;0,009461538
Полтава;4963460;Завислі речовини;0,0125;0,1625;0,1125;0,225;0,15;null;0,075;0,0875;0,15;0,1;0,1;0,125;null;0,1125;0,175;0,225;0,2625;0,225;0,3;null;0,2625;0,325;0,2625;0,1875;0,3;0,275;null;0,1875;0,175;0,175
Полтава;4963460;Дiоксид сiрки;0,0015;0,001;0,00125;0,00175;0,0005;null;0,002;0,002375;0,0019375;0,001875;0,001875;0,00125;null;0,001;0,00125;0,001;0,0015;0,001;0,00125;null;0,001;0,001;0,00125;0,0019375;0,0005;0,002;null;0,001916667;0,00125;0,0015
Полтава;4963460;Сульфати;0,005;0,005;0,005;0,005;0;null;0,01;0,005;0;0,005;0;0,005;null;0;0;0;0;0;0;null;0;0;0;0;0;0,005;null;0,005;0;0
Полтава;4963460;Оксид вуглецю;0,222222222;1,555555556;1,666666667;1,777777778;1,5;null;0,444444444;1,222222222;0,777777778;0,888888889;1,222222222;2;null;1;1,888888889;2,555555556;2,222222222;3,222222222;1,625;null;1,333333333;1,555555556;2,777777778;2;1,888888889;1,5;null;1,222222222;1,666666667;1,222222222
Полтава;4963460;Дiоксид азоту;0,02125;0,0175;0,030625;0,035625;0,02625;null;0,019166667;0,010625;0,010625;0,016875;0,00625;0,014375;null;0,019166667;0,015625;0,0225;0,016875;0,025;0,030625;null;0,034166667;0,036875;0,03375;0,03375;0,043125;0,01125;null;0,0075;0,02375;0,026875
Полтава;4963460;Оксид азоту;0,01;0,01;0,0125;0,015;0,01;null;0,006666667;0,01;0,0125;0,005;0,005;0,005;null;0,013333333;0,005;0,0125;0,015;0,0125;0,0125;null;0,023333333;0,02;0,02;0,015;0,025;0,01;null;0,006666667;0,005;0,0125
Полтава;4963460;Фтористий водень;0,001375;0,001;0,001375;0,002;0,001125;null;0,000833333;0,001375;0,001125;0,001;0,000375;0,001;null;0,001;0,001625;0,00175;0,001125;0,00175;0,00175;null;0,0025;0,001875;0,0015;0,0025;0,0025;0,00075;null;0,0005;0,001125;0,001375
Полтава;4963460;Хлористий водень;0,01;0,015;0,02;0,01;0,025;null;0,006666667;0,005;0,01;0,01;0;0,01;null;0;0,015;0,01;0,015;0,015;0,02;null;0,026666667;0,015;0,015;0,03;0,02;0;null;0,013333333;0,005;0,015
Полтава;4963460;Амiак;0,005;0,01;0,0075;0,0075;0,005;null;0,006666667;0,0075;0,0025;0,005;0,005;0,0025;null;0,006666667;0,005;0,005;0,0075;0,0125;0,0075;null;0,006666667;0,015;0,0125;0,03;0,025;0,0075;null;0,01;0,0075;0,01
Полтава;4963460;Формальдегiд;0,00225;0,0015;0,00225;0,004166667;0,004916667;null;0,002;0,00075;0,0015;0,00225;0;0,00225;null;0,002;0,002083333;0,004333333;0,002083333;0,00225;0,003583333;null;0,003;0,0045;0,003833333;0,007416667;0,004166667;0;null;0,001;0,00225;0,0015
Кременчук;4813330;Завислі речовини;0,11125;0,1475;0,09625;0,18125;0,12;null;0,12125;0,09375;0,08;0,08875;0,09625;0,1125;null;0,115;0,1175;0,2125;0,155;0,1525;0,1975;null;0,16;0,194;0,156666667;0,156666667;0,203333333;0,145;null;0,125;0,07;0,12375
Кременчук;4813330;Дiоксид сiрки;0,002925;0,00616875;0,008775;0,008775;0,0068;null;0,00804375;0,0069625;0,00936875;0,0061875;0,00803125;0,0111;null;0,01334;0,01372;0,01403;0,01434;0,00888;0,0052875;null;0,00635;0,009372727;0,008766667;0,008866667;0,008791667;0,009025;null;0,009073333;0,0083625;0,0070375
Кременчук;4813330;Сульфати;0,005;0,01;0,005;0,01;0,005;null;0,005;0,015;0,005;0,005;0,01;0;null;0,01;0,02;0,01;0,01;0,01;0,015;null;0,01;0,015;0,005;0,01;0,01;0,005;null;0,01;0,005;0,005
Кременчук;4813330;Оксид вуглецю;0,4125;0,7375;0,8;1,1875;0,525;null;0,5125;0,4125;0,6;0,4625;0,65;0,85;null;0,7;0,625;0,725;0,75;0,7;1,4;null;1,02;1,12;1,083333333;1,166666667;0,983333333;0,75;null;0,55;0,8125;0,5375
Кременчук;4813330;Дiоксид азоту;0,01420625;0,0292375;0,0335;0,03483125;0,02776875;null;0,0275875;0,02689375;0,0323375;0,02536875;0,0352;0,03879375;null;0,04149;0,04148;0,04613;0,04555;0,03344;0,0164;null;0,02601;0,047318182;0,048841667;0,050516667;0,060325;0,051625;null;0,048066667;0,0441;0,03918125
Кременчук;4813330;Оксид азоту;0,006325;0,025925;0,027725;0,017575;0,019925;null;0,010425;0,0141;0,017025;0,012325;0,02595;0,03465;null;0,027866667;0,028166667;0,0386;0,038266667;0,0286;0,008275;null;0,013625;0,02835;0,025525;0,033725;0,044325;0,0306;null;0,032625;0,029575;0,022575
Кременчук;4813330;Фенол;0,000425;0,000225;0,000175;0,000308333;0,000641667;null;0,000783333;0,000516667;0,00005;0,000425;0,000208333;0,000025;null;0;0,000785714;0,000442857;0;0;0,000925;null;0,000666667;0,001142857;0,0046875;0,0020875;0,0042625;0,002575;null;0,001481818;0,000366667;0,001458333
Кременчук;4813330;Сажа;0,00395;0,0066;0,009225;0,0103;0,004;null;0,003825;0,005075;0,00505;0,0026;0,00515;0,00515;null;0,005066667;0,006933333;0,0121;0,008766667;0,0053;0,0026;null;0,008866667;0,012466667;0,009325;0,010725;0,0054;0,0053;null;0,007525;0,002625;0,0027
Кременчук;4813330;Амiак;0,009;0,012325;0,008275;0,00995;0,007825;null;0,003375;0,008425;0,0079;0,008225;0,00735;0,006975;null;0,005766667;0,0079;0,010033333;0,008966667;0,0072;0,005425;null;0,004875;0,00865;0,007025;0,012625;0,00605;0,00455;null;0,00585;0,005075;0,00475
Кременчук;4813330;Формальдегiд;0,004711111;0,0083;0,00954;0,00772;0,00531;null;0,00384;0,0051;0,00546;0,00435;0,00337;0,00452;null;0,00605;0,008066667;0,006983333;0,00505;0,01235;0,011425;null;0,012416667;0,012057143;0,012625;0,014525;0,0103875;0,008;null;0,00471;0,00625;0,00539
Рівне;5062620;Завислі речовини;0,088166667;0;0,17195;0,11472;0;null;0,08378;0,05222;0,052075;0,03885;0,195075;0,126;null;0,02675;0;0;0,09435;0;0;null;0,055933333;0,220966667;0,036166667;0;0,09605;0,088066667;null;0,0924;0,040375;0,123566667
Рівне;5062620;Дiоксид сiрки;0;0;0,000458333;0,002441667;0;null;0;0;0;0;0;0;null;0;0;0;0;0,000491667;0,000258333;null;0,001175;0;0,004425;0,002775;0;0;null;0;0;0,001741667
Рівне;5062620;Оксид вуглецю;0,98;0,965;1,271666667;1,08;1,008333333;null;0,906666667;1,04;1,065;0,883333333;0,99;1,053333333;null;0,98;1,083333333;0,99;1;1,021666667;1,001666667;null;1,02;1,02;1,0375;0,96;1,0275;0,945;null;1;0,998333333;0,951666667
Рівне;5062620;Дiоксид азоту;0,013541667;0,008;0,0126;0,01385;0,025308333;null;0,02785;0,044633333;0,024608333;0,018291667;0,005808333;0,007916667;null;0,012566667;0,020141667;0,023166667;0,012391667;0,014141667;0,022941667;null;0,046625;0,061625;0,0254;0,028625;0,0381;0,0219125;null;0,0272;0,047466667;0,021258333
Рівне;5062620;Оксид азоту;0,01156;0,00442;0,01071;0,01857;0,01842;null;0,023944444;0,0275;0,02705;0,02092;0,01086;0,00667;null;0,016055556;0,02622;0,02003;0,02044;0,01368;0,01502;null;0,03466;0,038833333;0,026866667;0,022;0,023583333;0,01015;null;0,0339375;0,03466;0,01575
Рівне;5062620;Сiрководень;0,000825;0,000175;0,0015625;0,0015625;0,000575;null;0;0,0004125;0;0,000425;0,0003125;0;null;0;0;0,0017625;0,00145;0,0004875;0;null;0,001066667;0;0;0,001775;0,003075;0,002425;null;0,000716667;0,002975;0,00285
Рівне;5062620;Фенол;0,00048;0,00125;0,0006;0;0,00051;null;0,00061;0,00177;0;0,00131;0,00171;0,00104;null;0;0,00127;0,00227;0,00234;0,00288;0,00192;null;0,00115;0,003116667;0,003716667;0,000416667;0,001583333;0,002933333;null;0,001166667;0,00098;0,00092
Рівне;5062620;Фтористий водень;0,0062375;0,0030625;0,0011125;0,00105;0,001675;null;0,003242857;0,00295;0,0025;0,0042125;0,006475;0,0004625;null;0,0068;0,0012875;0,0013375;0,0002625;0,005325;0,00465;null;0,00882;0,007716667;0,0018;0,002133333;0,004483333;0,004733333;null;0,001771429;0,0048375;0,0036
Рівне;5062620;Хлористий водень;0,0621;0,1001625;0,0378125;0,0616;0,1604625;null;0,1128375;0,1237625;0,11765;0,0886625;0,0694;0,056425;null;0,100675;0,065025;0,0132125;0;0,0205375;0,019375;null;0,052566667;0,0642;0,077533333;0,101433333;0,024966667;0,0318;null;0,0626875;0,152525;0,11385
Рівне;5062620;Амiак;0;0;0;0,002725;0,016725;null;0,010875;0,00295;0,00255;0;0,01025;0;null;0;0,002475;0;0;0,002625;0;null;null;null;null;null;null;null;null;0;0;0
Рівне;5062620;Формальдегiд;0,0059125;0,007;0,003375;0,001375;0,0039375;null;0,001514286;0;0;0,0014125;0,0009375;0,003575;null;0,007685714;0,0068375;0,007025;0,012725;0,005925;0,00185;null;0,00242;0,0064;0,004833333;0,0094;0,00415;0,012833333;null;0,010457143;0,0087125;0,01145
Суми;5093480;Завислі речовини;0,233333333;0,3;0,233333333;0,383333333;0,3;null;0,266666667;0,25;0,383333333;0,266666667;0,3;0,283333333;null;0,35;0,266666667;0,35;0,3;0,316666667;0,383333333;null;0,383333333;0,333333333;0,316666667;0,45;0,383333333;0,283333333;null;0,366666667;0,3;0,316666667
Суми;5093480;Дiоксид сiрки;0,070083333;0,073083333;0,069;0,07675;0,075083333;null;0,069777778;0,066833333;0,056666667;0,0605;0,069416667;0,074083333;null;0,073888889;0,0805;0,0725;0,068416667;0,069916667;0,06575;null;0,075777778;0,080583333;0,0815;0,085416667;0,073083333;0,056166667;null;0,054333333;0,062416667;0,064833333
Суми;5093480;Сульфати;0,02;0,025;0,025;0,03;0,01;null;0,025;0,02;0,01;0,02;0,02;0,015;null;0,02;0,025;0,025;0,015;0,02;0,01;null;0,02;0,02;0,03;0,02;0,025;0,01;null;0,01;0,005;0,02
Суми;5093480;Оксид вуглецю;1,166666667;1,666666667;1,666666667;2;1,5;null;1,333333333;1,333333333;1,833333333;1,833333333;2,166666667;1,666666667;null;1,333333333;1,333333333;2;1,666666667;2;2,333333333;null;1,666666667;1,333333333;2,166666667;1,5;2,333333333;1,5;null;1,333333333;1,5;1,5
Суми;5093480;Дiоксид азоту;0,103333333;0,09;0,1;0,0925;0,11;null;0,097777778;0,115833333;0,0975;0,1;0,069166667;0,100833333;null;0,092222222;0,1175;0,094166667;0,1125;0,0975;0,114166667;null;0,11;0,105833333;0,095;0,125833333;0,13;0,088333333;null;0,101111111;0,094166667;0,076666667
Суми;5093480;Оксид азоту;0,0325;0,035;0,035;0,04;0,045;null;0,05;0,0475;0,035;0,0375;0,035;0,05;null;0,036666667;0,05;0,0375;0,0425;0,04;0,0375;null;0,046666667;0,045;0,05;0,045;0,06;0,04;null;0,046666667;0,0425;0,035
Суми;5093480;Амiак;0,01125;0,0125;0,01375;0,01875;0,01625;null;0,016666667;0,0175;0,01375;0,01375;0,01625;0,01375;null;0,016666667;0,015;0,0125;0,0075;0,015;0,01375;null;0,015;0,02;0,01625;0,01875;0,0175;0,01375;null;0,011666667;0,015;0,015
Суми;5093480;Формальдегiд;0,003;0,003;0,004;0,006;0,003;null;0,005;0,004;0,00375;0,005;0,00475;0,004;null;0,005333333;0,005;0,003;0,005;0,004;0,005;null;0,005333333;0,007;0,006;0,00525;0,005;0,004;null;0,004;0,006;0,003
Тернопіль;4932530;Завислі речовини;0;0;0,02;0,0775;0,035;null;0,08;0,0775;0,0625;0;0;0,02;null;0,08;0,055;0,02;0,1;0,13;0,035;null;0,12;0,11;0,135;0,185;0,1675;0,035;null;0,06;0,0925;null
Тернопіль;4932530;Дiоксид сiрки;0,0019875;0,0009;0,0024125;0,0031;0,002475;null;0,0038625;0,0034625;0,0032375;0,002775;0,00215;0,00285;null;0,004675;0,0018;0,0009;0,004775;0,00455;0,002475;null;0,002975;0,0050875;0,0046125;0,0046125;0,004625;0,0037875;null;0,004675;0,0052125;null
Тернопіль;4932530;Оксид вуглецю;3,275;3,475;2,775;3,2;3,6;null;4,075;3,65;3,45;3,5;3,925;3,45;null;3,225;2,825;2,5;3,3;2,975;2,8;null;2,75;2,975;2,925;2,825;3,025;3,1;null;3,025;3,025;null
Тернопіль;4932530;Дiоксид азоту;0,039875;0,046375;0,044825;0,038325;0,0372125;null;0,0449375;0,0386875;0,04505;0,03715;0,039875;0,0406125;null;0,049175;0,0412375;0,0419375;0,038275;0,0473125;0,0481875;null;0,0456;0,0416625;0,0411;0,0425;0,043575;0,042425;null;0,043175;0,0432625;null
Тернопіль;4932530;Оксид азоту;0,02285;0,025925;0,02495;0,020225;0,0199;null;0,024625;0,021025;0,025125;0,02005;0,022475;0,02225;null;0,02725;0,02305;0,023;0,02055;0,0264;0,02675;null;0,024775;0,023375;0,02235;0,023425;0,0239;0,02355;null;0,0234;0,023825;null
Тернопіль;4932530;Формальдегiд;0,000825;0,0004;0,00125;0,002;0,0012625;null;0,0020375;0,002475;0,002475;0,00175;0,0016375;0,001575;null;0,0026375;0,0009375;0,0009625;0,0018625;0,0023875;0,0016125;null;0,0022;0,0027625;0,0025125;0,00275;0,0028375;0,0021375;null;0,002525;0,002375;null
Харків;4993630;Завислі речовини;0,022;0,0492;0,0464;0,0564;0,0344;null;0,046;0,0468;0,05;0,0492;0,0568;0,0608;null;0,0632;0,0664;0,0704;0,068;0,0712;0,0632;null;0,0724;0,0692;0,0692;0,0596;0,066;0,0672;null;0,0656;0,056;0,0608
Харків;4993630;Дiоксид сiрки;0,015523333;0,015573333;0,015853333;0,017426667;0,01616;null;0,01342;0,013393333;0,014073333;0,013346667;0,015436667;0,014253333;null;0,015453333;0,01692;0,01506;0,01579;0,01677;0,0172;null;0,015596667;0,015396667;0,01567;0,01669;0,018496667;0,015336667;null;0,01572;0,014733333;0,014623333
Харків;4993630;Сульфати;0;0;0;0,005;0;null;0;0;0,005;0;0;0,005;null;0;0;0,005;0;0;0,005;null;0;0;0;0,005;0;0,005;null;0;0,005;0
Харків;4993630;Оксид вуглецю;1,3;1,315;1,43;1,755;1,31;null;1,175;1,14;1,455;1,155;1,265;1,135;null;1,245;1,27;1,285;1,275;1,245;1,17;null;1,12;1,1;1,23;1,16;1,17;1,13;null;1,04;1,025;1,155
Харків;4993630;Дiоксид азоту;0,029545714;0,030345714;0,0306;0,033334286;0,033791429;null;0,029673333;0,031774286;0,029242857;0,027671429;0,028731429;0,028128571;null;0,028243333;0,028548571;0,02778;0,030971429;0,03672;0,031842857;null;0,026503333;0,029982857;0,030177143;0,028848571;0,024248571;0,025708571;null;0,028746667;0,031285714;0,028708571
Харків;4993630;Оксид азоту;0,022775;0,02365;0,027275;0,022625;0,0285;null;0,022933333;0,023;0,022825;0,019925;0,01905;0,0229;null;0,009566667;0,019025;0,011275;0,019575;0,023375;0,0167;null;0,020533333;0,022;0,0179;0,016125;0,016175;0,0189;null;0,014666667;0,019475;0,0198
Харків;4993630;Сiрководень;0,000725;0,000625;0,0005;0,00075;0,0007;null;0,000766667;0,000775;0,000325;0,001;0,001;0,000625;null;0,000666667;0,000675;0,0006;0,00075;0,000325;0,0009;null;0,000933333;0,000475;0,000675;0,000375;0,00065;0,0003;null;0,000733333;0,000625;0,0006
Харків;4993630;Фенол;0,002091667;0,002383333;0,002316667;0,002575;0,0025;null;0,001744444;0,001741667;0,001791667;0,001841667;0,001575;0,00165;null;0,001188889;0,001425;0,0016;0,00175;0,001766667;0,001708333;null;0,001311111;0,001775;0,001916667;0,001725;0,002025;0,002;null;0,001633333;0,001783333;0,00195
Харків;4993630;Сажа;0,02;0,01;0;0,01;0;null;0,02;0;0,01;0;0,01;0;null;0,01;0;0,01;0,02;0,01;0;null;0,02;0,01;0,01;0,02;0;0,01;null;0;0,01;0,01
Харків;4993630;Амiак;0,00175;0,0035125;0,003525;0,0044375;0,0040375;null;0,001133333;0,004625;0,0046625;0,0047375;0,003025;0,0043375;null;0,0035;0,00265;0,0035375;0,0035375;0,0044875;0,004875;null;0,002983333;0,0036125;0,00405;0,0040875;0,00365;0,004;null;0,001166667;0,002225;0,0044375
Харків;4993630;Формальдегiд;0,002267857;0,001667857;0,0019;0,002153571;0,001225;null;0,002390476;0,002353571;0,001982143;0,002410714;0,002664286;0,003210714;null;0,002209524;0,001771429;0,001696429;0,001767857;0,002042857;0,001485714;null;0,002647619;0,002075;0,002464286;0,002014286;0,002367857;0,001753571;null;0,002471429;0,001657143;0,001735714
Хмельницький;4942690;Завислі речовини;0,06625;0,05775;0,0665;0,09925;0,08325;null;0,0725;0,07975;0,04825;0,04025;0,07275;0,10625;null;0,04975;0,07425;0,06725;0,0635;0,06775;0,06775;null;0,1185;0,09375;0,1365;0,0765;0,10225;0,0415;null;0,057;0,067;0,05025
Хмельницький;4942690;Дiоксид сiрки;0,0173125;0,018125;0,016975;0,01645;0,01725;null;0,016675;0,0155875;0,0157375;0,014175;0,0142375;0,0149875;null;0,01465;0,0135375;0,012;0,0147875;0,0147375;0,015275;null;0,0152375;0,0176875;0,017475;0,0155;0,0144375;0,0146125;null;0,0158125;0,0163875;0,0173125
Хмельницький;4942690;Сульфати;0,00935;0,010425;0,00975;0,008925;0,0077;null;0,008675;0,0088;0,007125;0,00835;0,0093;0,009775;null;0,00925;0,0073;0,007875;0,0085;0,008075;0,0076;null;0,00795;0,00755;0,00755;0,008625;0,007975;0,00835;null;0,0071;0,006175;0,00735
Хмельницький;4942690;Оксид вуглецю;1,5625;1,6175;1,57;1,9025;1,8125;null;1,525;1,6725;1,595;1,8275;1,905;1,77;null;1,5425;1,76;1,8225;1,735;1,8125;1,5425;null;1,83;1,845;1,9375;2,0675;1,905;1,84;null;1,7925;1,685;1,6175
Хмельницький;4942690;Дiоксид азоту;0,0344625;0,026475;0,0236375;0,0215875;0,0161;null;0,02135;0,0358875;0,0393875;0,0394875;0,0307125;0,02585;null;0,0401625;0,031875;0,0256375;0,03005;0,027525;0,0297375;null;0,052825;0,114075;0,0467625;0,0347875;0,044625;0,0426625;null;0,06005;0,0391875;0,0433
Хмельницький;4942690;Оксид азоту;0,0263875;0,0228125;0,021775;0,0190625;0,0277875;null;0,01815;0,0282125;0,0274375;0,0289625;0,02555;0,022525;null;0,0232875;0,0242375;0,01955;0,022725;0,02215;0,0254875;null;0,0231125;0,0310625;0,0295375;0,0287;0,034575;0,02815;null;0,0236125;0,0233625;0,0341625
Хмельницький;4942690;Фенол;0,000866667;0,000783333;0,000583333;0,00075;0,000466667;null;0,0005;0,002033333;0,002766667;0,000983333;0,000966667;0,0008;null;0,001166667;0,001266667;0,000716667;0,000983333;0,000766667;0,000816667;null;0,000983333;0,000766667;0,00055;0,000966667;0,0007;0,00075;null;0,001033333;0,0007;0,0014
Хмельницький;4942690;Хлористий водень;0,046125;0,075225;0,053175;0,0446;0,0424;null;0,042825;0,035475;0,03935;0,028875;0,031175;0,04025;null;0,04895;0,037175;0,0306;0,03055;0,0292;0,03445;null;0,03695;0,0307;0,034775;0,0339;0,031175;0,028025;null;0,02985;0,066325;0,069525
Хмельницький;4942690;Амiак;0,006525;0,005825;0,005325;0,006675;0,005075;null;0,005775;0,01195;0,00945;0,00865;0,00525;0,003675;null;0,0113;0,009;0,00645;0,00485;0,005175;0,007375;null;0,009275;0,0093;0,0071;0,004975;0,005775;0,005075;null;0,0141;0,015575;0,010025
Хмельницький;4942690;Формальдегiд;0,0013;0,000766667;0,000883333;0,001383333;0,001283333;null;0,000833333;0,000833333;0,0007;0,0011;0,000833333;0,0007;null;0,000883333;0,001383333;0,001533333;0,001033333;0,001066667;0,001166667;null;0,000916667;0,001183333;0,0021;0,001816667;0,0013;0,000766667;null;0,001016667;0,000916667;0,000916667
Херсон;4673270;Завислі речовини;0,05;0,025;0,075;0,025;null;null;0;0;0;0,1;0,1;null;null;0;0,1;0,1;0,1;0,1;null;null;0,05;0;0,05;0,05;0,05;null;null;0,05;0;0,066666667
Херсон;4673270;Дiоксид сiрки;0;0;0,003;0,000875;null;null;0,0015;0,0015;0,001625;0,002125;0;null;null;0;0;0;0,003875;0,001125;null;null;0,001166667;0,001625;0;0,001;0;null;null;0;0;0
Херсон;4673270;Сульфати;0,005;0;0,005;0;null;null;0;0,005;null;null;null;null;null;null;null;null;null;null;null;null;null;null;null;null;null;null;null;null;null;0
Херсон;4673270;Оксид вуглецю;0,283333333;0,268333333;0,295;0,25;null;null;0,225;0,516666667;0,313333333;0,368333333;0,185;null;null;0,215;0,225;0,301666667;0,271666667;0,273333333;null;null;0,301666667;0,238333333;0,221666667;0,238333333;0,201666667;null;null;0,18;0,463333333;0,216666667
Херсон;4673270;Дiоксид азоту;0,235;0,19875;0,21375;0,2025;null;null;0,211666667;0,21625;0,2275;0,18875;0,21625;null;null;0,211666667;0,22875;0,21375;0,19375;0,1875;null;null;0,181666667;0,17;0,1875;0,18125;0,1625;null;null;0,13;0,155;0,12875
Херсон;4673270;Оксид азоту;0,1525;0,1025;0,13;0,14;null;null;0,093333333;0,165;0,15;0,1275;0,15;null;null;0,143333333;0,1;0,125;0,1075;0,1325;null;null;0,126666667;0,1225;0,11;0,1375;0,0725;null;null;0,093333333;0,105;0,0875
Херсон;4673270;Фенол;0,006;0,00225;0,002375;0,003875;null;null;0,003166667;0,00225;0,0015;0,0025;0,0025;null;null;0,0015;0,002125;0,001;0,001;0,000875;null;null;0,002333333;0,003125;0,002375;0,003;0,002125;null;null;0,0025;0,00025;0
Херсон;4673270;Формальдегiд;0;0,0005;0;0;null;null;0;0;0;0;0;null;null;0;0;0;0;0;null;null;0,002;0;0;0,00125;0,00125;null;null;0;0;0,00125
Черкаси;4933200;Завислі речовини;0;0;0,05;0,1;0,2;null;0,15;0,15;0,15;0,05;0;0,1;null;0,1;0,15;0,183333333;0,2;0,15;0,1;null;0,1;0,1;0,15;0,15;0,2;0,3;null;0,125;0,25;0,15
Черкаси;4933200;Дiоксид сiрки;0,0147;0,0127;0,0128;0,0147;0,0146;null;0,014375;0,0169;0,0113;0,0144;0,0138;0,0146;null;0,015375;0,0143;0,0124;0,0148;0,014125;0,01675;null;0,018833333;0,014125;0,01125;0,014625;0,01475;0,014625;null;0,016;0,022125;0,015625
Черкаси;4933200;Сульфати;0,01;0,01;0,01;0,01;0,01;null;0,01;0,01;0,015;0,01;0,01;0,015;null;0,01;0,01;0,02;0,01;null;null;null;null;null;null;null;null;null;null;null;null;null
Черкаси;4933200;Оксид вуглецю;1;1;1;1;1;null;1;1;1;1;1,166666667;1;null;1,166666667;1;1;1,5;1;1;null;1,25;1,75;1;1,25;1,5;1,5;null;2,25;1,25;1
Черкаси;4933200;Дiоксид азоту;0,026666667;0,0275;0,028333333;0,040833333;0,040833333;null;0,035555556;0,0275;0,0375;0,034166667;0,029166667;0,031666667;null;0,035555556;0,029166667;0,0325;0,03;0,02125;0,03;null;0,035;0,0575;0,0225;0,035;0,0325;0,0325;null;0,021666667;0,0325;0,0225
Черкаси;4933200;Оксид азоту;0,02;0,0175;0,0175;0,03;0,0225;null;0,02;0,0125;0,02;0,0175;0,0225;0,0275;null;0,03;0,02;0,015;0,03;0,0225;0,0225;null;0,016666667;0,0325;0,0175;0,015;0,015;0,015;null;0,01;0,0125;0,0125
Черкаси;4933200;Сiрководень;0,001583333;0,0015;0,002083333;0,002166667;0,002083333;null;0,001777778;0,001583333;0,001583333;0,002333333;0,001833333;0,002;null;0,001888889;0,001916667;0,00175;0,001833333;0,001875;0,001625;null;0,002166667;0,002125;0,002;0,002;0,001875;0,002;null;0,002;0,002;0,002
Черкаси;4933200;Амiак;0,0425;0,05;0,0375;0,046666667;0,0475;null;0,056666667;0,031666667;0,045;0,050833333;0,046666667;0,060833333;null;0,051111111;0,041666667;0,0475;0,05;0,07125;0,055;null;0,036666667;0,055;0,0675;0,05125;0,05;0,03625;null;0,058333333;0,0425;0,05375
Черкаси;4933200;Формальдегiд;0,01725;0,00475;0,0055;0,00575;0,0065;null;0,012;0,0095;0,00625;0,00975;0,0055;0,00725;null;0,013333333;0,013;0,0055;0,00825;0,0095;0,0085;null;0,012;0,01675;0,0215;0,0115;0,0075;0,00675;null;0,021666667;0,01175;0,0185
Чернівці;4832590;Завислі речовини;0,016666667;0,033333333;0,033333333;0;0;null;0;0;0;0;0,016666667;0,016666667;null;0,033333333;0,016666667;0,016666667;0;0;0,033333333;null;0;0;0,016666667;0,016666667;0,016666667;0;null;0,016666667;0;0,033333333
Чернівці;4832590;Дiоксид сiрки;0,0089;0,005916667;0,011933333;0,009825;0,022291667;null;0,00155;0,019216667;0,013716667;0,018;0,007375;0,006508333;null;0,003125;0,00275;0,002075;0,016766667;0,009833333;0,012225;null;0,016308333;0,001325;0,004133333;0,005425;0,005;0,008975;null;0,002675;0,009333333;0,007416667
Чернівці;4832590;Оксид вуглецю;0,1;0,1;0,1;0,4;0,2;0;0,1;0,1;0;0;0,1;0,1;0,5;0,1;0;0;0,1;0;0;0,25;0;0,1;0,1;0;0;0;0;0;0,1;0
Чернівці;4832590;Дiоксид азоту;0,02353125;0,016933333;0,029426667;0,0295875;0,0323;0,004533333;0,023825;0,0210875;0,02315625;0,01949375;0,0323125;0,02200625;0,02695;0,02229375;0,01871875;0,023975;0,02344375;0,01585;0,0172125;0,012575;0,024925;0,0218;0,02798125;0,0335625;0,0250125;0,0194875;0,0078;0,0276;0,0309375;0,02885625
Чернівці;4832590;Оксид азоту;0,0069625;0,002775;0,0026;0,01005;0,007925;0,002525;0,00365;0,0042875;0,0087125;0,0018375;0,0061125;0,0008125;0,01295;0,003275;0,003675;0,003525;0,00265;0,0060625;0,003725;0,004425;0,0066625;0,0049625;0,004625;0,00285;0,0054875;0,001275;0,001175;0,0027625;0,002825;0,0038875
Чернівці;4832591;Озон;0,052675;0,081025;0,064675;0,0488;0,055175;0,0864;0,0979;0,08865;0,066375;0,089375;0,072875;0,059425;0,05965;0,06745;0,070425;0,07435;0,083775;0,093775;0,0868;0,07775;0,0839;0,0794;0,064175;0,07085;0,0857;0,095375;0,090875;0,084625;0,083025;0,0955
Чернівці;4832590;Фенол;0,00035;0,00045;0,001575;0,0041;0;null;0,0029;0,00135;0,0025;0,002075;0,003975;0,00215;null;0,003725;0,00215;0,00335;0,004;0,0006;0;null;0,003025;0,000225;0,002425;0,0003;0;0,005575;null;0,00165;0,0026;0,01
Чернівці;4832590;Фтористий водень;0,0000625;0,00065;0,0004875;0,0002875;0,0009875;null;0,0008;0,0004;0,0005375;0,000825;0,001375;0,002475;null;0,00095;0,0010625;0,00245;0,0004875;0,0011875;0,0002625;null;0;0,001125;0,0001;0,00085;0,001725;0,0000875;null;0,0008375;0,001125;0,0007125
Чернівці;4832590;Хлористий водень;0,028575;0,010975;0;0,024875;0,0254;null;0,019775;0,033825;0,1692;0,063725;0,1513;0,03925;null;0,113375;0,01745;0,0487;0,042125;0,075675;0,048475;null;0,081075;0,072625;0,018225;0,061925;0,082;0;null;0,06395;0,08675;0,093675
Чернівці;4832590;Формальдегiд;0,0005375;0,0009;0,0014375;0,001575;0;null;0;0,0018375;0,00105;0,0019375;0,0016625;0,0006375;null;0,00075;0;0,001775;0,0008125;0,002375;0;null;0,0020875;0,0032625;0,0007375;0,0031375;0;0;null;0,0001875;0,00165;0,0033875
Ізмаїл;4542880;Завислі речовини;0,05;0,085000153;0,05;0,03;0,05;null;0,065;0,05;0,03;0,115;0,13;0,085;null;0,065;0,100000153;0,065;0,05;0,05;0,03;null;0,05;0,05;0,065000153;0,065;0,07;0,1;null;0,07;0,05;0,05
Ізмаїл;4542880;Дiоксид сiрки;0,023125047;0,020150035;0,014050006;0,029725;0,024300023;null;0,024766687;0,022225;0,023400018;0,028250087;0,024525119;0,016800006;null;0,028666667;0,02480006;0,02050006;0,018700027;0,023850055;0,020625026;null;0,018033354;0,02045004;0,020825047;0,020675035;0,01995;0,0202;null;0,024666746;0,023075015;0,023975
Ізмаїл;4542880;Сульфати;0,005;0,01;0,005;0;0,005;null;0,005;0,005;0;0,01;0,02;0,01;null;0,005;0,01;0,005;0,005;0,005;0;null;0,005;0,01;0,005;0,01;0,01;0,01;null;0,01;0,005;0,005
Ізмаїл;4542880;Оксид вуглецю;0,350000153;0,480001221;0,350000305;0,36500061;0,495;null;0,405000916;0,37;0,230000305;0,28;0,3;0,335;null;0,38;0,335;0,295000305;0,47000061;0,385000305;0,48;null;0,365000305;0,32;0,45000061;0,35;0,26000061;0,240000305;null;0,310000305;0,5;0,28000061
Ізмаїл;4542880;Дiоксид азоту;0,067625061;0,046300079;0,06372507;0,071875061;0,0616;null;0,067533333;0,044300015;0,05270004;0,05250011;0,05105002;0,047750079;null;0,042766707;0,052150081;0,053875079;0,05255;0,061275061;0,045975156;null;0,065766667;0,046350159;0,0637;0,058625079;0,06325004;0,054350031;null;0,063066748;0,061700079;0,058050031
Ізмаїл;4542880;Сiрководень;0,001325002;0,0012;0,002;0,001500001;0,001025;null;0,001666667;0,001875001;0,001225;0,001525002;0,00145;0,0011;null;0,001333334;0,0015;0,001425001;0,001525;0,0017;0,001250001;null;0,002000001;0,0013;0,001900001;0,002000002;0,001375;0,001575002;null;0,000866667;0,001350001;0,001825
Ізмаїл;4542880;Формальдегiд;0,0014;0,002800003;0;0,001400003;0,001400003;null;0;0,001700002;0,0014;0,00035;0,0017;0,0014;null;0,00135;0,0014;0;0,00135;0,002100003;0,001050002;null;0;0,0021;0,0018;0,00145;0,00285;0,001050002;null;0,00135;0,001700003;0,001750003
Біла Церква;4983020;Завислі речовини;0,05275;0,035;0,05325;0,06225;0,045;null;0,0425;0,05075;0,051;0,0515;0,0515;0,04325;null;0,07;0,06125;0,053;0,0625;0,08425;0,06325;null;0,0635;0,072;0,0545;0,0365;0,05475;0,06175;null;0,03475;0,06225;0,05375
Біла Церква;4983020;Дiоксид сiрки;0,0422625;0,0341125;0,0364125;0,035425;0,038975;null;0,0374875;0,029975;0,0395;0,0378;0,028925;0,033575;null;0,0273;0,0314875;0,03365;0,0394375;0,038125;0,0396;null;0,0317125;0,0398375;0,0359125;0,0339125;0,0356125;0,0303375;null;0,03965;0,0369;0,038125
Біла Церква;4983020;Оксид вуглецю;1,025;0,975;1,175;1,125;1,025;null;1,025;0,975;0,85;0,85;0,875;0,85;null;0,875;0,975;0,775;0,8;0,8;0,75;null;1,375;1,175;0,825;0,725;1,1;1,075;null;1,05;0,875;1
Біла Церква;4983020;Дiоксид азоту;0,0914625;0,0914;0,0850125;0,1002875;0,091175;null;0,082775;0,1067375;0,101875;0,0792375;0,092075;0,0879625;null;0,0833875;0,111225;0,1125125;0,1174625;0,0965;0,09225;null;0,1153;0,1169625;0,1119875;0,08255;0,1048;0,0859625;null;0,093425;0,0855125;0,1017375
Олександрія;4843230;Завислі речовини;0,15;0,15;0,15;0,2;0,25;null;0,25;0,2;0,25;0,25;0,15;0,15;null;0,3;0,2;0,25;0,15;0,3;0,3;null;0,3;0,25;0,15;0,4;0,2;0,25;null;0,25;0,25;0,35
Олександрія;4843230;Дiоксид сiрки;0,02235;0,020725;0,01425;0,0178;0,018975;null;0,025866667;0,02145;0,02065;0,014825;0,023725;0,013075;null;0,018666667;0,0151;0,014275;0,0155;0,01965;0,013575;null;0,018833333;0,021825;0,02495;0,015375;0,015125;0,0235;null;0,0112;0,015475;0,012775
Олександрія;4843230;Сульфати;0,005;0,01;0,01;0,005;0,01;null;0,005;0,005;0,005;0,005;0,005;0,01;null;0,005;0,005;0,01;0,005;0,005;0,015;null;0,005;0;0,01;0,005;0,005;0,015;null;0;0,005;0,005
Олександрія;4843230;Дiоксид азоту;0,02265;0,03385;0,029825;0,02725;0,021175;null;0,0209;0,022725;0,027925;0,030525;0,024175;0,033625;null;0,0189;0,018025;0,0238;0,030225;0,0204;0,025875;null;0,025166667;0,02075;0,04195;0,0189;0,0352;0,025975;null;0,021033333;0,03585;0,030775
Олександрія;4843230;Сажа;0,045;0,065;0,035;0,04;0,045;null;0,06;0,045;0,05;0,035;0,04;0,065;null;0,035;0,04;0,065;0,04;0,045;0,04;null;0,06;0,035;0,035;0,045;0,06;0,03;null;0,05;0,055;0,045
Горішні Плавні;4903360;Завислі речовини;0,075;0,1;0,075;0,18;0,125;null;0,1;0,075;0,125;0,15;0,075;0,075;null;0,105;0,105;0,185;0,075;0,08;0,105;null;0,16;0,105;0,165;0,105;0,08;0,05;null;0,075;0,13;0,18
Горішні Плавні;4903360;Дiоксид сiрки;0,0022;0,00095;0,005025;0,006875;0,00285;null;0,00305;0,0027;0,001525;0,0028;0,00775;0,00155;null;0,0084;0,0053;0,0066;0,00565;0,006975;0,0073;null;0,006075;0,001925;0,003875;0,0062;0,00625;0,0035;null;0,008275;0,00815;0,004825
Горішні Плавні;4903360;Оксид вуглецю;0,2;0,3;0,2;0,15;0,15;null;0,15;0,15;0,1;0,2;0,15;0,2;null;0,15;0,15;0,25;0,2;0,2;0,2;null;0,15;0,25;0,15;0,25;0,2;0,15;null;0,1;0,1;0,15
Горішні Плавні;4903360;Дiоксид азоту;0,008175;0,009475;0,016325;0,0281;0,0096;null;0,011075;0,00305;0;0,004925;0,019875;0,00615;null;0,037975;0,023575;0,030125;0,02325;0,028525;0,031075;null;0,019125;0,0089;0,0154;0,020225;0,01905;0,013375;null;0,0196;0,022575;0,01275
Горішні Плавні;4903360;Фенол;0,00065;0;0;0,0011;0,0007;null;0;0;0,00045;0,001;0,00135;0;null;0;0,00015;0;0,00035;0,0005;0,00025;null;0,00095;0;0,00215;0,0011;0,0012;0;null;0;0,00015;0,00095
Горішні Плавні;4903360;Сажа;0,0026;0,00265;0,00785;0,0078;0,0079;null;0;0,0051;0,00765;0,00255;0,00775;0,01025;null;0,0078;0,0052;0,0078;0,00525;0,00265;0,0027;null;0,00535;0,0053;0,0027;0,00545;0,0082;0,0053;null;0,0025;0,00265;0,00535
Горішні Плавні;4903360;Хлористий водень;0,0037;0;0,010066667;0,0042;0,0078;null;0,006866667;0,0181;0,014166667;0,007666667;0,022833333;0,008766667;null;0;0;0;0,007066667;0,012;0,007366667;null;0,007233333;0;0;0,004066667;0,011333333;0,018366667;null;0,055333333;0;0
Горішні Плавні;4903360;Амiак;0,00285;0,0038;0,00865;0,01135;0,0032;null;0,00615;0,00275;0,00485;0,0071;0,0099;0;null;0,0084;0,00735;0,00815;0,01045;0,0092;0,01;null;0,0045;0,0022;0,009;0,00915;0,00625;0,00335;null;0,00425;0,00695;0,00335
Бровари;5053080;Завислі речовини;0,035;0,035;0,053;0,0535;0,0535;null;0,034;0,0515;0,034;0,051;0,0685;0,052;null;0,035;0,035;0,035;0,036;0,072;0,035;null;0,051;0,0505;0,0725;0,0365;0,073;0,0525;null;0,0525;0,0555;0,0345
Бровари;5053080;Дiоксид сiрки;0,0333;0,0336;0,04115;0,04615;0,03855;null;0,033225;0,048825;0,0419;0,047075;0,0338;0,036425;null;0,051075;0,0535;0,034875;0,041125;0,033425;0,040175;null;0,0321;0,042125;0,03515;0,032825;0,037275;0,028275;null;0,04155;0,0465;0,048525
Бровари;5053080;Оксид вуглецю;0,5;0,55;0,55;0,55;0,45;null;0,55;0,55;0,6;0,5;0,55;0,55;null;0,6;0,6;0,55;0,55;0,55;0,5;null;0,55;0,5;0,55;0,55;0,5;0,55;null;0,45;0,55;0,45
Бровари;5053080;Дiоксид азоту;0,071;0,085975;0,0887;0,087325;0,08925;null;0,08625;0,0862;0,0868;0,07225;0,076675;0,08705;null;0,090575;0,07835;0,0723;0,076725;0,07105;0,075175;null;0,080375;0,0897;0,09465;0,0764;0,092825;0,076725;null;0,087875;0,09235;0,092525
Обухів;5013060;Завислі речовини;0,053;0,0705;0,1065;0,0715;0,0535;null;0,085;0,034;0,085;0,0685;0,051;0,069;null;0,0695;0,0705;0,0355;0,054;0,0545;0,0725;null;0,0545;0,091;0,074;0,074;0,073;0,0355;null;0,0875;0,0535;0,089
Обухів;5013060;Дiоксид сiрки;0,0309;0,029725;0,03515;0,04815;0,0416;null;0,03445;0,035875;0,039375;0,029575;0,033825;0,035975;null;0,03735;0,030925;0,026675;0,0314;0,02615;0,02575;null;0,037075;0,03375;0,031075;0,02735;0,024825;0,036525;null;0,039475;0,04095;0,03305
Обухів;5013060;Оксид вуглецю;0,95;0,85;0,9;0,75;0,7;null;0,75;0,85;0,8;0,95;0,85;0,9;null;1,05;0,85;0,85;0,95;0,8;0,85;null;0,75;0,8;0,75;0,7;0,75;null;null;null;null;null
Обухів;5013060;Дiоксид азоту;0,050725;0,0526;0,05435;0,082825;0,07555;null;0,064525;0,055475;0,05425;0,05045;0,049075;0,054375;null;0,05675;0,059475;0,041325;0,04565;0,051575;0,03985;null;0,057975;0,05455;0,05485;0,04915;0,0416;0,064225;null;0,065575;0,058375;0,061875
Українка;5023080;Завислі речовини;0,035;0,0345;0,053;0,052;0,0345;null;0,034;0,0675;0,0505;0,034;0,0515;0,0515;null;0,0345;0,0345;0,0525;0,0535;0,0535;0,0535;null;0,053;0,053;0,0535;0,036;0,054;0,035;null;0,0345;0,0345;0,035
Українка;5023081;Дiоксид сiрки;0,033075;0,0318;0,0406;0,043425;0,03905;null;0,03375;0,049175;0,04475;0,046775;0,035475;0,03685;null;0,0496;0,051975;0,03495;0,04125;0,0455;0,040525;null;0,046225;0,041;0,0492;0,04935;0,054625;0,05175;null;0,044975;0,054;0,04525
Українка;5023082;Оксид вуглецю;0,805;0,56;0,835;1,1;0,68;null;0,895;1,36;1,06;0,58;1,6;1,475;null;2,045;1,82;0,92;1,93;2,71;2,72;null;2,615;2,155;2,075;3,16;2,655;1,52;null;3,51;2,66;2,13
Українка;5023083;Дiоксид азоту;0,069325;0,08615;0,08695;0,0841;0,089925;null;0,085325;0,087325;0,087575;0,07495;0,07985;0,0819;null;0,0881;0,084275;0,0842;0,090375;0,07675;0,09335;null;0,087525;0,0964;0,1002;0,0937;0,103825;0,090325;null;0,0854;0,084025;0,087675
Житомир;5022870;Завислі речовини;0,07975;0,088;0,089;0,071;0,089;null;0,077;0,068;0,07675;0,07775;0,0775;0,07775;null;0,08025;0,08;0,08;0,09025;0,08175;0,0815;null;0,08175;0,073;0,091;0,09025;0,082;0,089;null;0,07825;0,071;0,0805
Житомир;5022871;Дiоксид сiрки;0,037175;0,0362625;0,0384875;0,037475;0,037075;null;0,0358;0,036675;0,038375;0,0367875;0,036175;0,0379375;null;0,0384625;0,0382875;0,0355875;0,035825;0,039525;0,0379125;null;0,0408875;0,0447;0,0416875;0,038125;0,038125;0,036125;null;0,0368875;0,038225;0,03625
Житомир;5022872;Оксид вуглецю;0,625;0,5975;0,71;0,765;0,675;null;0,58;0,48;0,6175;0,6475;0,745;0,41;null;0,565;0,5175;0,565;0,4625;0,595;0,5325;null;0,9175;0,6725;0,775;0,215;0,3525;0,455;null;0,5375;0,21;0,52
Житомир;5022872;Дiоксид азоту;0,09895;0,0986625;0,1071625;0,09945;0,094425;null;0,1019375;0,0980875;0,10065;0,103775;0,0940125;0,1076375;null;0,10305;0,106175;0,107025;0,1128875;0,1093375;0,1149125;null;0,1148625;0,1122875;0,1122375;0,106025;0,115925;0,103175;null;0,1080625;0,1138375;0,1056375
Чернігів;5143130;Завислі речовини;0,11825;0,07875;0,09125;0,106;0,10525;null;0,1015;0,0885;0,063;0,0765;0,09;0,08975;null;0,1175;0,09125;0,09175;0,095925;0,093;0,12125;null;0,12175;0,12125;0,1355;0,09475;0,0805;0,13;null;0,11875;0,0915;0,11975
Чернігів;5143131;Дiоксид сiрки;0,0421;0,0434;0,036875;0,0390875;0,0392125;null;0,042825;0,040525;0,0430375;0,0409625;0,0385875;0,0391;null;0,0342625;0,03195;0,0302375;0,0351375;0,0370375;0,0343375;null;0,0300625;0,0275875;0,0270375;0,0267125;0,03425;0,0270375;null;0,0309625;0,0351;0,0323125
Чернігів;5143132;Оксид вуглецю;0,28;0,30675;0,365;0,54;0,3125;null;0,2575;0,25;0,335;0,3;0,2875;0,3675;null;0,355;0,2525;0,365;0,29;0,245;0,2725;null;0,31;0,36;0,5675;0,4375;0,29;0,305;null;0,28;0,3725;0,3125
Чернігів;5143133;Дiоксид азоту;0,089425;0,1093875;0,096675;0,1008125;0,0999125;null;0,085875;0,09495;0,102125;0,12985;0,10325;0,101775;null;0,1024;0,105675;0,1318375;0,1013375;0,1129875;0,0876625;null;0,0959625;0,1147125;0,1012;0,1033375;0,112975;0,122425;null;0,099075;0,1225625;0,1045625
