city;coordinateNumber;nameImpurity;1August;2August;3August;4August;5August;6August;7August;8August;9August;10August;11August;12August;13August;14August;15August;16August;17August;18August;19August;20August;21August;22August;23August;24August;25August;26August;27August;28August;29August;30August;31August
Київ;5053050;Завислі речовини;0,077607143;0,078642857;0,082107143;null;0,077214286;0,079714286;0,077392857;0,075714286;0,07725;0,07825;null;0,07625;0,075;0,074928571;0,07925;0,076857143;0,078785714;null;0,078615385;0,079555556;0,083703704;0,079535714;0,080321429;0,081964286;null;0,0841;0,078125;0,0803125;0,082666667;0,07425;0,079681818
Київ;5053050;Дiоксид сiрки;0,057383333;0,055580952;0,056045238;null;0,058438095;0,061602381;0,055909524;0,057759524;0,058164286;0,062859524;null;0,051609524;0,057983333;0,055269048;0,056911905;0,059038095;0,05327619;null;0,061846154;0,062723077;0,057512195;0,056269048;0,055290476;0,055488095;null;0,068154286;0,0600125;0,053367647;0,060834286;0,059769444;0,060578378
Київ;5053050;Сульфати;0,0185;0,0195;0,0135;null;0,02;0,0185;0,0165;0,0185;0,0185;0,016;null;0,015;0,0155;0,018;0,02;0,02;0,0205;null;0,016;0,0245;0,023;0,02;0,0195;0,016;null;0,017;0,027;null;0,019;0,014;0,018
Київ;5053050;Оксид вуглецю;0,786875;0,845625;0,82375;null;0,9775;1,398125;0,864375;1,19;1,346875;0,8784375;null;0,8778125;1,23875;1,2696875;1,131875;1,4271875;1,106875;null;1,666451613;1,325741935;1,54625;1,715;1,5734375;1,1896875;null;1,435333333;1,31;1,161333333;1,102666667;1,229666667;1,288666667
Київ;5053050;Дiоксид азоту;0,149938095;0,1349;0,131514286;null;0,148166667;0,135466667;0,146666667;0,143383333;0,140602381;0,142990476;null;0,163309524;0,149264286;0,139495238;0,146233333;0,153042857;0,168214286;null;0,171161538;0,175479487;0,167617073;0,171616667;0,15237619;0,173919048;null;0,164185294;0,169458065;0,174069697;0,17394;0,165225;0,166916216
Київ;5053050;Сiрководень;0,00235;0,002366667;0,001866667;null;0,0022;0,0022;0,001883333;0,002116667;0,001916667;0,001983333;null;0,001816667;0,001833333;0,001666667;0,001966667;0,001766667;0,00185;null;0,0023;0,002383333;0,0024;0,002066667;0,002466667;0,00215;null;0,002333333;0,0022;0,0025;0,002325;0,002325;0,002475
Київ;5053050;Фенол;0,005878571;0,005457143;0,005407143;null;0,005792857;0,00585;0,00585;0,005871429;0,005871429;0,0059;null;0,005792857;0,005492857;0,005521429;0,005692857;0,005707143;0,005407143;null;0,005815385;0,00605;0,006028571;0,005678571;0,005464286;0,005135714;null;0,005518182;0,005666667;0,005;0,005527273;0,005627273;0,005554545
Київ;5053050;Фтористий водень;0,000714286;0,0009;0,000771429;null;0,000857143;0,000914286;0,000985714;0,001071429;0,001028571;0,001057143;null;0,000885714;0,000814286;0,000857143;0,000942857;0,001071429;0,000771429;null;0,001021429;0,001107143;0,001121429;0,000985714;0,0011;0,000957143;null;0,001266667;0,001044444;0,001111111;0,001054545;0,00108;0,00082
Київ;5053050;Хлористий водень;0,07872;0,07966;0,07093;null;0,07813;0,074465;0,07734;0,07624;0,077535;0,06559;null;0,07866;0,08269;0,08147;0,08754;0,092665;0,07699;null;0,095565;0,08798;0,09168;0,08288;0,085005;0,06683;null;0,08030625;0,078407143;0,076906667;0,090847059;0,09474375;0,088941176
Київ;5053050;Амiак;0,008761111;0,008316667;0,006961111;null;0,007327778;0,008083333;0,00845;0,007916667;0,008372222;0,008011111;null;0,007483333;0,007772222;0,008283333;0,008544444;0,008166667;0,008855556;null;0,009244444;0,008927778;0,008938889;0,0084;0,008788889;0,009111111;null;0,009142857;0,008918182;0,007991667;0,0089875;0,008746667;0,0096
Київ;5053050;Формальдегiд;0,004002174;0,003434783;0,002419565;null;0,003456522;0,003628261;0,003630435;0,003617391;0,003121739;0,002871739;null;0,00271087;0,002797826;0,003030435;0,003647826;0,003882609;0,004654348;null;0,006311628;0,00712093;0,007397778;0,00635;0,006528261;0,006697826;null;0,006569231;0,00589697;0,005805556;0,006526316;0,006453846;0,00661
Вінниця;4922860;Завислі речовини;0,1;0,125;0,025;null;0,1;0,075;0,075;0,25;0,15;0,125;null;0,15;0,125;0,25;0,15;0,1;0,15;null;0;0;0;0;0;0;null;0,075;0,25;0,125;0,55;0,325;0,75
Вінниця;4922860;Дiоксид сiрки;0;0;0,00055;null;0,00055;0;0,00055;0,000275;0,000275;0,000825;null;0,0005375;0;0,0008125;0,000275;0,000275;0,00055;null;0,0016625;0;0,0005625;0;0;0,00055;null;0;0,0005625;0,0013625;0;0,000275;0
Вінниця;4922860;Оксид вуглецю;0,975;1,05;0,9;null;0,875;0,8;0,875;1,05;0,975;0,8;null;1,075;0,95;1,1;1,025;0,925;0,9;null;1,225;0,95;1,35;0,775;1;1;null;1,4;null;0,9;0,95;1,325;1
Вінниця;4922860;Дiоксид азоту;0,055;0,06575;0,055025;null;0,0521;0,050175;0,040575;0,0294875;0,0624875;0,0367375;null;0,0289375;0,0425125;0,0437625;0,0679625;0,0688625;0,0537125;null;0,091325;0,1531125;0,1080625;0,0419;0,0553125;0,078925;null;0,0963375;0,0625875;0,0779375;0,0536375;0,073;0,04295
Вінниця;4922860;Фтористий водень;0,0114875;0,0034625;0,0169;null;0,011375;0,00565;0,0019375;0,009925;0,0049375;0,0098625;null;0,0082625;0,0056625;0,0076375;0,0071125;0,00535;0,010325;null;0,0034375;0,0097375;0,0073125;0,0095625;0,0011125;0,0068;null;0,0054125;0,0035125;0,0060875;0,010725;0,0034875;0,014375
Вінниця;4922860;Амiак;0,017275;0,003925;0,011575;null;0,00745;0,00945;0,00375;0,0191;0,0058;0,01525;null;0,0151;0,015075;0;0;0,0039;0,00375;null;0;0,00595;0,003975;0,01725;0,013225;0,0114;null;0,01735;0,007675;0,015375;0,023275;0,01355;0,0151
Вінниця;4922860;Формальдегiд;0,015725;0,010475;0,01255;null;0,008375;0,009325;0,013475;0,0084;0,006275;0,002075;null;0,002075;0,008175;0,009225;0,00105;0,00835;0,011575;null;0,02105;0,01915;0,016825;0,00105;0,00515;0,00725;null;0,019025;0,004275;0,013625;0,01785;0,016775;0,013525
Луцьк;5082530;Завислі речовини;0,083333333;0,066666667;0,016666667;null;0,05;0,033333333;0,083333333;0,05;0,083333333;0,016666667;null;0,066666667;0,083333333;0,066666667;0,066666667;0,066666667;0,083333333;null;0,066666667;0,05;0,116666667;0,066666667;0,116666667;0,1;null;0,033333333;0,083333333;0,083333333;0,1;0,05;0,066666667
Луцьк;5082530;Дiоксид сiрки;0,002058333;0,001891667;0,001625;null;0,00145;0,002458333;0,001975;0,002;0,0012;0,002116667;null;0,001691667;0,001575;0,001633333;0,002466667;0,002108333;0,002658333;null;0,002516667;0,002583333;0,003641667;0,003166667;0,003066667;0,003241667;null;0,002825;0,003141667;0,002775;0,001358333;0,002016667;0,002125
Луцьк;5082530;Сульфати;0,01;0,01;0;null;0;0,005;0,01;0,01;0,01;0,01;null;0,01;0,005;0;0,01;0,01;0,01;null;0,01;0,01;0,01;0,015;0,015;0,01;null;0,01;0,01;0,01;0,005;0;0,005
Луцьк;5082530;Оксид вуглецю;0,5;0,666666667;0;null;0;0;0,166666667;0;0;0;null;0;0,5;0,5;0,5;0,666666667;0,833333333;null;0,666666667;0,5;1;0,833333333;0,666666667;0,666666667;null;1;0,666666667;0,5;0,333333333;0;0
Луцьк;5082530;Дiоксид азоту;0,0557;0,045958333;0,0478;null;0,05375;0,051308333;0,049391667;0,062291667;0,055675;0,042691667;null;0,050108333;0,036716667;0,0412;0,050175;0,049416667;0,035425;null;0,058558333;0,050416667;0,057691667;0,070516667;0,051883333;0,046175;null;0,055291667;0,054258333;0,0619;0,075625;0,049575;0,065975
Луцьк;5082530;Оксид азоту;0,0238;0,020925;0,027575;null;0,0183;0,024625;0,020925;0,02085;0,0294;0,016875;null;0,018175;0,019925;0,0273;0,0375;0,024775;0,01685;null;0,014925;0,041475;0,02655;0,03765;0,021325;0,0253;null;0,033875;0,0249;0,0407;0,029175;0,024225;0,022075
Луцьк;5082530;Фенол;0,006591667;0,006308333;0,004866667;null;0,005425;0,006233333;0,007258333;0,005883333;0,007;0,006066667;null;0,006566667;0,006633333;0,006841667;0,006491667;0,006575;0,006933333;null;0,008608333;0,008358333;0,009;0,006583333;0,007141667;0,007183333;null;0,007075;0,006933333;0,006716667;0,00685;0,004275;0,005841667
Луцьк;5082530;Формальдегiд;0,0097625;0,0075875;0,0049125;null;0,014325;0,0163375;0,0181375;0,0176375;0,0148;0,0091;null;0,0078;0,0062875;0,00685;0,007075;0,009525;0,0070375;null;0,0190375;0,0194375;0,0200625;0,0175875;0,0105625;0,007925;null;0,0101375;0,01095;0,01005;0,0083625;0,0064875;0,00735
Ужгород;4862230;Завислі речовини;0,1475;0,1725;0,15;null;0,1325;0,1375;0,1775;0,1325;0,135;0,2025;null;0,28;0,1775;0,2;0,2225;0,2375;0,2375;null;0,2475;0,225;0,25;0,235;0,2525;0,2775;null;0,255;0,2675;0,21;0,2175;0,2175;0,2475
Ужгород;4862230;Дiоксид сiрки;0,015125;0,014125;0,014875;null;0,015875;0,014;0,01525;0,013125;0,0175;0,0145;null;0,014;0,013125;0,016375;0,015625;0,016125;0,013625;null;0,012875;0,011875;0,014857143;0,013625;0,011;0,013625;null;0,015375;0,013375;0,013375;0,0175;0,01625;0,01375
Ужгород;4862230;Сульфати;0,0065;0,0085;0,0045;null;0,0055;0,003;0,0055;0,0105;0,011;0,0065;null;0,0035;0,0035;0,0065;0,006;0,0045;0,007;null;0,01;0,0075;0,0075;0,0105;0,0065;0,004;null;0,006;0,0065;0,005;0,0055;0,0095;0,0115
Ужгород;4862230;Оксид вуглецю;0,805;0,6225;0,7375;null;0,66;0,665;0,7025;0,7025;0,6775;0,7425;null;0,5975;0,7275;0,6475;0,71;0,7075;0,7375;null;0,65;0,665;0,613333333;0,575;0,765;0,895;null;0,875;0,725;0,7425;0,715;1,1775;0,805
Ужгород;4862230;Дiоксид азоту;0,057875;0,06075;0,047375;null;0,051625;0,0635;0,046125;0,10075;0,064625;0,052125;null;0,058625;0,04775;0,054;0,12875;0,11075;0,0665;null;0,046125;0,044625;0,058571429;0,06025;0,04325;0,06225;null;0,083875;0,056125;0,077;0,0845;0,08725;0,098875
Ужгород;4862230;Оксид азоту;0,03225;0,03675;0,02725;null;0,03375;0,05025;0,023;0,05875;0,036;0,051;null;0,0445;0,03525;0,0335;0,079;0,065;0,03675;null;0,0435;0,02675;0,029666667;0,037;0,0235;0,0345;null;0,04875;0,03075;0,04475;0,06425;0,0555;0,046
Ужгород;4862230;Формальдегiд;0,00725;0,00675;0,0075;null;0,00625;0,007;0,0055;0,008;0,0075;0,007875;null;0,009375;0,00675;0,009125;0,00625;0,00925;0,006;null;0,00575;0,00575;0,007857143;0,00625;0,007;0,00675;null;0,0075;0,00675;0,007125;0,0085;0,008375;0,00725
Запоріжжя;4793510;Завислі речовини;0,13;0,14;0,13;null;0,15;0,12;0,1;0,09;0,09;0,11;null;0,1;0,07;0,06;0,1;0,09;0,1;null;0,14;0,11;0,14;0,14;0,19;0,16;null;0,16;0,09;0,07;0,088888889;0,15;0,11
Запоріжжя;4793510;Дiоксид сiрки;0,006621429;0,006521429;0,006835714;null;0,006546154;0,005407143;0,005657143;0,006385714;0,007235714;0,007714286;null;0,006107692;0,006085714;0,006885714;0,007242857;0,007171429;0,005621429;null;0,007446154;0,007928571;0,0073;0,006842857;0,007214286;0,006314286;null;0,005930769;0,005785714;0,006278571;0,0061;0,007;0,0065
Запоріжжя;4793510;Сульфати;0,015;0,015;0,01;null;0,01;0,00595;0,0059;0,01;0,01;0,01;null;0,01;0,01;0,015;0,015;0,01;0,01;null;0,02;0,015;0,01;0,01;0,02;0,015;null;0,01;0,015;0,015;0,015;0,015;0,02
Запоріжжя;4793510;Оксид вуглецю;0,46;0,45;0,49;null;0,5;0,42;0,53;0,62;0,89;0,89;null;0,53;0,36;0,58;0,38;0,71;0,94;null;1,02;0,83;0,71;0,63;0,58;1,07;null;0,62;0,98;0,58;0,77;0,97;1,18
Запоріжжя;4793510;Дiоксид азоту;0,071992857;0,078671429;0,05995;null;0,087176923;0,102464286;0,086692857;0,069164286;0,078378571;0,061592857;null;0,065630769;0,071335714;0,070071429;0,0758;0,083978571;0,077164286;null;0,084738462;0,083135714;0,071242857;0,081164286;0,078471429;0,088828571;null;0,076130769;0,07625;0,073228571;0,092361538;0,09445;0,098071429
Запоріжжя;4793510;Оксид азоту;0,040266667;0,054733333;0,045466667;null;0,0611;0,0736;0,0595;0,042866667;0,049733333;0,051966667;null;0,0444;0,042133333;0,0372;0,042033333;0,0493;0,0401;null;0,059533333;0,057366667;0,043133333;0,048166667;0,052733333;0,057466667;null;0,049866667;0,042766667;0,059433333;0,06045;0,054533333;0,047233333
Запоріжжя;4793510;Сiрководень;0,003154545;0,003718182;0,003090909;null;0,003555556;0,003418182;0,003554545;0,003609091;0,003727273;0,003781818;null;0,002677778;0,002372727;0,002927273;0,003963636;0,003545455;0,002745455;null;0,003988889;0,004509091;0,003272727;0,003263636;0,0032;0,003327273;null;0,003233333;0,004609091;0,003609091;0,00421;0,004909091;0,004736364
Запоріжжя;4793510;Фенол;0,00514;0,00634;0,0067;null;0,007044444;0,00835;0,00733;0,00464;0,00558;0,00488;null;0,004755556;0,00579;0,00551;0,0056;0,00687;0,0058;null;0,007122222;0,00653;0,00565;0,00611;0,00689;0,00671;null;0,008033333;0,00666;0,00635;0,008488889;0,00818;0,00815
Запоріжжя;4793510;Фтористий водень;0;0;0;null;0,0006;0,0014;0,0016;0;0,000175;0;null;0;0;0,0004;0,00135;0;0;null;0,001133333;0,00075;0;0;0,000475;0;null;0;0,0003;0;0,000475;0,00035;0,00085
Запоріжжя;4793510;Хлористий водень;0,0364;0,0407125;0,0395375;null;0,048216667;0,05145;0,044775;0,048775;0,0377625;0,04045;null;0,0426;0,0414375;0,04645;0,041325;0,0401125;0,0403375;null;0,03795;0,0475375;0,0449625;0,0465;0,036825;0,0395375;null;0,0506;0,048725;0,0366125;0,0515375;0,07175;0,0526
Запоріжжя;4793510;Формальдегiд;0,005725;0,009525;0,00805;null;0,0085;0,010075;0,007825;0,0059;0,005725;0,005375;null;0,004333333;0,0053;0,00545;0,006475;0,006875;0,00585;null;0,007233333;0,00995;0,005775;0,00755;0,008425;0,008075;null;0,01;0,009225;0,01115;0,009033333;0,0113;0,007425
Івано-Франківськ;4892470;Завислі речовини;0,165;0,15;0,14;null;0,15;0,14;0,165;0,15;0,12;0,14;null;0,145;0,145;0,145;0,155;0,145;0,17;null;0,15;0,165;0,15;0,14;0,15;0,135;null;0,15;0,16;0,145;0,13;0,15;0,145
Івано-Франківськ;4892470;Дiоксид сiрки;0,0016;0,00165;0,002;null;0,0024;0,0024;0,00205;0,0032;0,00285;0,00325;null;0,00205;0,00285;0,0036;0,00365;0,0131;0,00365;null;0,003275;0,0041;0,0041;0,0048;0,0044;0,0048;null;0,00565;0,004866667;0,005433333;0,0033;0,0037;0,00565
Івано-Франківськ;4892470;Оксид вуглецю;1,95;2;1,8;null;2,3;1,9;2,85;1,95;1,65;1,85;null;1,8;2,15;1,8;2,1;2,3;1,75;null;1,95;2,3;2,4;1,7;1,95;1,6;null;2,3;2,1;1,95;1,5;2,1;2
Івано-Франківськ;4892470;Дiоксид азоту;0,03815;0,043025;0,027525;null;0,0438;0,04665;0,042475;0,030825;0,036525;0,036625;null;0,0467;0,036375;0,050575;0,049725;0,06225;0,0898;null;0,06385;0,061975;0,055475;0,040725;0,047975;0,053875;null;0,06555;0,071233333;0,064;0,04645;0,042666667;0,05285
Івано-Франківськ;4892470;Оксид азоту;0,02555;0,02935;0,019875;null;0,0235;0,03105;0,0282;0,022225;0,0261;0,026575;null;0,03035;0,024825;0,03345;0,0326;0,040625;0,058175;null;0,042;0,0401;0,0365;0,026725;0,03185;0,0351;null;0,043;0,044933333;0,042133333;0,0322;0,030166667;0,03455
Дніпро;4863510;Завислі речовини;0,275;0,2875;0,25;null;0,2375;0,2625;0,2625;0,25;0,2625;0,2;null;0,2125;0,225;0,3;0,225;0,2625;0,25;null;0,3125;0,3;0,3375;0,3875;0,3375;0,3;null;0,3375;0,3125;0,2875;0,3;0,25;0,2375
Дніпро;4863510;Дiоксид сiрки;0,010208333;0,013833333;0,008125;null;0,012055556;0,011625;0,018291667;0,017375;0,014083333;0,014458333;null;0,025333333;0,018458333;0,021;0,013833333;0,011083333;0,006208333;null;0,011888889;0,013083333;0,012;0,011583333;0,02;0,016083333;null;0,009944444;0,010125;0,009875;0,008619048;0,008181818;0,010333333
Дніпро;4863510;Оксид вуглецю;2;1,916666667;1,833333333;null;2,416666667;1,833333333;1,916666667;2,833333333;2,5;2;null;2,166666667;2,5;1,916666667;2,5;2,333333333;1,75;null;2,333333333;2,083333333;2,666666667;2,833333333;2,833333333;2,166666667;null;2,583333333;2,75;2,416666667;2,818181818;2,833333333;2,416666667
Дніпро;4863510;Дiоксид азоту;0,056666667;0,066666667;0,059583333;null;0,067777778;0,062083333;0,079166667;0,065833333;0,073333333;0,060833333;null;0,066666667;0,066666667;0,065416667;0,065416667;0,07375;0,07;null;0,114444444;0,1375;0,136666667;0,1075;0,080416667;0,077083333;null;0,092222222;0,0675;0,087083333;0,09952381;0,086818182;0,0975
Дніпро;4863510;Оксид азоту;0,03;0,0275;0,03;null;0,036666667;0,04;0,0375;0,035;0,035;0,0325;null;0,03;0,04;0,0475;0,0325;0,0375;0,045;null;0,066666667;0,06;0,0475;0,0475;0,0525;0,04;null;0,053333333;0,04;0,0475;0,053333333;0,045;0,06
Дніпро;4863510;Сiрководень;0,001666667;0,002541667;0,001666667;null;0,004;0,005708333;0,003;0,004166667;0,002666667;0,002791667;null;0,003555556;0,003208333;0,004666667;0,004125;0,002875;0,001291667;null;0,002;0,004375;0,004125;0,0035;0,003125;0,003083333;null;0,0025;0,002583333;0,002125;0,003904762;0,003;0,003166667
Дніпро;4863510;Фенол;0,002083333;0,001916667;0,001333333;null;0,002777778;0,00225;0,001833333;0,00325;0,002333333;0,00225;null;0,002777778;0,00325;0,0025;0,00275;0,001666667;0,001833333;null;0,002666667;0,004083333;0,00225;0,002083333;0,002583333;0,002166667;null;0,002333333;0,0025;0,003583333;0,002272727;0,003;0,0035
Дніпро;4863510;Амiак;0,05;0,0525;0,04625;null;0,051666667;0,0525;0,0525;0,06;0,0675;0,05125;null;0,058333333;0,05375;0,04625;0,05375;0,05375;0,045;null;0,058333333;0,0675;0,055;0,07125;0,0625;0,05375;null;0,068333333;0,06125;0,05625;0,048571429;0,0425;0,03875
Дніпро;4863510;Формальдегiд;0,016083333;0,018833333;0,018666667;null;0,018888889;0,019166667;0,018666667;0,020083333;0,020333333;0,018083333;null;0,020888889;0,019083333;0,017416667;0,020333333;0,021166667;0,019333333;null;0,025444444;0,022416667;0,023166667;0,0235;0,02175;0,0245;null;0,024444444;0,0225;0,023916667;0,024727273;0,023083333;0,024666667
Кривий Ріг;4793340;Завислі речовини;0,5;0,3875;0,3875;null;0,3375;0,4875;0,575;0,4875;0,525;0,4625;null;0,41;0,37;0,33;0,43;0,43;0,45;null;0,4125;0,375;0,5375;0,6125;0,4875;0,4625;null;0,5;0,428571429;0,457142857;0,4625;0,485714286;0,475
Кривий Ріг;4793340;Дiоксид сiрки;0,033363636;0,031727273;0,039909091;null;0,02225;0,029545455;0,029454545;0,037;0,032727273;0,028;null;0,0282;0,032;0,027769231;0,037153846;0,031846154;0,034;null;0,034625;0,0335;0,0351;0,0386;0,0295;0,0303;null;0,031;0,031777778;0,027777778;0,031;0,029666667;0,0345
Кривий Ріг;4793340;Оксид вуглецю;1,375;1;2;null;1;1,25;1;1,125;1,125;1;null;1;1,1;1;1,4;1,3;1,3;null;1,5;1;1;1,5;1,25;1,25;null;1,375;1,125;1,25;1,375;1;1,25
Кривий Ріг;4793340;Дiоксид азоту;0,02;0,029090909;0,043636364;null;0,01375;0,018181818;0,026363636;0,050909091;0,03;0,023636364;null;0,038;0,046153846;0,034615385;0,029230769;0,026923077;0,025384615;null;0,0425;0,025;0,034;0,04;0,029;0,025;null;0,035;0,033333333;0,062222222;0,051;0,038888889;0,03
Кривий Ріг;4793340;Оксид азоту;0,01;0,02;0,033333333;null;0,01;0,01;0,013333333;0,02;0,016666667;0,013333333;null;0,04;0,006666667;0,026666667;0,016666667;0,013333333;0,016666667;null;0,015;0,016666667;0,010666667;0,016666667;0,013333333;0,016666667;null;0,015;0,016666667;0,035;0,03;0,026666667;0,023333333
Кривий Ріг;4793340;Сiрководень;0,000875;0,001;0,00225;null;0,001;0,001;0,001;0,001;0,000875;0,00075;null;0,0009;0,0011;0,001;0,0013;0,0014;0,001;null;0,001375;0,00125;0,001375;0,001875;0,001;0,001;null;0,001;0,001;0,001142857;0,001125;0,001;0,001
Кривий Ріг;4793340;Фенол;0,0023125;0,00175;0,00325;null;0,0045;0,002625;0,0025;0,001875;0,002125;0,001375;null;0,001933333;0,00225;0,00205;0,00235;0,00215;0,0022;null;0,002416667;0,0025;0,002125;0,003;0,0018125;0,0020625;null;0,002583333;0,0024;0,002214286;0,0018125;0,001866667;0,00225
Кривий Ріг;4793340;Амiак;0,01;0,01;0,015625;null;0,008333333;0,009375;0,01;0,01;0,00875;0,01;null;0,009333333;0,01;0,009;0,01;0,01;0,0105;null;0,010833333;0,010625;0,009375;0,01;0,01;0,01;null;0,01;0,011333333;0,007857143;0,01;0,01;0,009375
Кривий Ріг;4793340;Формальдегiд;0,0153125;0,012875;0,0186875;null;0,015;0,014625;0,016375;0,0174375;0,0171875;0,015;null;0,016533333;0,01405;0,01505;0,0161;0,0176;0,0178;null;0,01925;0,01875;0,0190625;0,0176875;0,0165;0,017875;null;0,015083333;0,016133333;0,016285714;0,017375;0,016533333;0,0169375
Кам'янське;4853460;Завислі речовини;0,3538625;0,349775;0,3414;null;0,2228;0,256825;0,3162125;0,35535;0,3594;0,3421375;null;0,3322875;0,394525;0,368975;0,35575;0,36025;0,3534;null;0,407075;0,44395;0,4614;0,4941;0,4934125;0,53145;null;0,4841375;0,5248125;0,5307;0,4569375;0,4977875;0,43105
Кам'янське;4853460;Дiоксид сiрки;0,00775;0,007875;0,006425;null;0,0072125;0,0089875;0,0077875;0,0082875;0,008525;0,0083625;null;0,008825;0,00885;0,00955;0,0091875;0,0085375;0,0087875;null;0,0091125;0,00935;0,0084875;0,0079625;0,0077125;0,007775;null;0,00805;0,0087375;0,008575;0,008;0,0080125;0,0086125
Кам'янське;4853460;Оксид вуглецю;3,625;3,625;3,375;null;3,5;3,25;3,5;3,75;3,875;3,875;null;3,75;3,625;3,75;3,5;3,25;3,125;null;4;4,125;4,375;4,125;4,375;4,5;null;4,375;4,375;3,125;3;3,5;3
Кам'янське;4853460;Дiоксид азоту;0,12290625;0,13984375;0,1420375;null;0,196933333;0,1595;0,132425;0,08525625;0,11469375;0,113425;null;0,085933333;0,107475;0,120425;0,13803125;0,1802875;0,14653125;null;0,253675;0,15561875;0,11440625;0,1168375;0,12140625;0,107175;null;0,143833333;0,10214375;0,122525;0,0985375;0,1188;0,109625
Кам'янське;4853460;Оксид азоту;0,05685;0,06185;0,0754;null;0,083833333;0,07125;0,066575;0,04835;0,0516;0,060425;null;0,041766667;0,056725;0,048675;0,0587;0,08365;0,059625;null;0,102433333;0,080975;0,054125;0,042;0,034225;0,050825;null;0,0737;0,053425;0,051025;0,0456;0,059475;0,0538
Кам'янське;4853460;Сiрководень;0,004526667;0,004786667;0,004586667;null;0,006972727;0,007246667;0,0063;0,005506667;0,00596;0,00538;null;0,006136364;0,004706667;0,004633333;0,00474;0,00644;0,005126667;null;0,005609091;0,006146667;0,00586;0,005746667;0,005793333;0,00568;null;0,006554545;0,00422;0,005066667;0,00548;0,005293333;0,00542
Кам'янське;4853460;Фенол;0,0054125;0,00634375;0,00595625;null;0,007258333;0,007375;0,0074125;0,00745;0,007075;0,00640625;null;0,005866667;0,00543125;0,0045125;0,004575;0,0050875;0,00509375;null;0,006075;0,0075875;0,00684375;0,00673125;0,00634375;0,0070375;null;0,009033333;0,00764375;0,00548125;0,00564375;0,0057375;0,00508125
Кам'янське;4853460;Амiак;0,0485875;0,0535625;0,0482;null;0,0562375;0,0363;0,04955;0,0682875;0,05355;0,0536375;null;0,0494375;0,04875;0,0474375;0,045475;0,048325;0,0505875;null;0,0511875;0,0517625;0,0572625;0,0564625;0,0521875;0,0589125;null;0,0630875;0,055825;0,05955;0,0574875;0,055975;0,0515
Кам'янське;4853460;Формальдегiд;0,0171125;0,018225;0,0171875;null;0,0161125;0,01855;0,02155;0,0196375;0,0181875;0,0191375;null;0,0198875;0,01675;0,016775;0,0180875;0,0192625;0,020025;null;0,0200125;0,021525;0,0166625;0,0129;0,0116;0,0117;null;0,0108375;0,0118875;0,010925;0,0107125;0,010725;0,01015
Кропивницький;4853220;Завислі речовини;0,283333333;0,316666667;0,233333333;null;0,3;0,383333333;0,3;0,3;0,35;0,25;null;0,283333333;0,3;0,316666667;0,283333333;0,333333333;0,316666667;null;0,25;0,316666667;0,216666667;0,283333333;0,166666667;0,383333333;null;0,25;0,25;0,316666667;0,266666667;0,333333333;0,266666667
Кропивницький;4853220;Дiоксид сiрки;0,018425;0,017008333;0,018433333;null;0,016233333;0,020033333;0,017383333;0,018116667;0,021475;0,017875;null;0,017055556;0,014316667;0,017433333;0,019116667;0,020475;0,021558333;null;0,016788889;0,017825;0,018091667;0,0207;0,021266667;0,018958333;null;0,018677778;0,018108333;0,020975;0,020466667;0,017233333;0,016641667
Кропивницький;4853220;Сульфати;0,005;0,005;0,015;null;0;0,005;0,005;0,01;0;0,005;null;0,005;0;0;0;0;0,005;null;0,01;0,005;0,005;0;0,005;0,01;null;0;0,015;0,005;0,005;0,005;0,015
Кропивницький;4853220;Оксид вуглецю;2,5;3;2,833333333;null;3,666666667;3;3,166666667;2,5;3,666666667;3,833333333;null;2,833333333;2,833333333;2,5;2,333333333;3,166666667;3,166666667;null;2,333333333;3,333333333;2,833333333;3;3,166666667;4,166666667;null;3,833333333;3,666666667;3,5;2,833333333;2,666666667;3
Кропивницький;4853220;Дiоксид азоту;0,024;0,031333333;0,027383333;null;0,029511111;0,029025;0,025116667;0,026541667;0,026858333;0,0311;null;0,025055556;0,025741667;0,028533333;0,0248;0,026041667;0,0245;null;0,030988889;0,026308333;0,024083333;0,020825;0,030975;0,024458333;null;0,029755556;0,021508333;0,025816667;0,023725;0,029375;0,027158333
Кропивницький;4853220;Оксид азоту;0,014175;0,0226;0,01345;null;0,014233333;0,0181;0,013725;0,017125;0,0164;0,017475;null;0,012133333;0,01405;0,026575;0,015;0,0106;0,015375;null;0,020333333;0,014725;0,0165;0,0184;0,016;0,014125;null;0,018633333;0,016325;0,020775;0,013;0,0183;0,01895
Кропивницький;4853220;Сажа;0,02;0,035;0,018333333;null;0,02;0,023333333;0,026666667;0,026666667;0,028333333;0,026666667;null;0,015;0,026666667;0,031666667;0,026666667;0,025;0,036666667;null;0,028333333;0,043333333;0,05;0,036666667;0,015;0,03;null;0,035;0,036666667;0,031666667;0,028333333;0,026666667;0,036666667
Кропивницький;4853220;Формальдегiд;0,006133333;0,003266667;0,0021;null;0,0056;0,005633333;0,004666667;0,0035;0,003533333;0,002333333;null;0,0073;0,008133333;0,002633333;0,0023;0,004666667;0,0059;null;0,0056;0,004133333;0,005933333;0,002633333;0,004966667;0,0029;null;0,003533333;0,003566667;0,005933333;0,002933333;0,005;0,0053
Світловодськ;4903340;Завислі речовини;0,05;0,05;0,05;null;0,1;0,1;0,1;0,1;0,1;0,1;null;0,15;0,1;0,1;0,1;0,05;0,1;null;0,1;0,1;0,1;0,1;0,15;0,1;null;null;0,1;0,15;0,1;0,1;null
Світловодськ;4903340;Дiоксид сiрки;0,047666667;0,0296;0,0204;null;0,038466667;0,029433333;0,013533333;0,047633333;0,026966667;0,015733333;null;0,0693;0,029133333;0,053466667;0,0427;0,062766667;0,055866667;null;0,0617;0,0183;0,055066667;0,020966667;0,058766667;0,015666667;null;null;0,0432;0,0273;0,020666667;0,0091;null
Світловодськ;4903340;Сульфати;0,005;0;0;null;0,01;0,005;0;0,01;0;0,01;null;0;0;0;0;0;0,005;null;0;0,01;0,01;0,01;0,005;0,005;null;null;0,01;0;0,01;0,005;null
Світловодськ;4903340;Оксид вуглецю;1;1;1;null;1;1,5;1,5;1,5;1;1;null;1;1;1;1;1;1;null;1;1;1;1;1;1;null;null;1;1;1;1,5;null
Світловодськ;4903340;Дiоксид азоту;0,0217;0,062533333;0,051433333;null;0,033066667;0,018366667;0,029133333;0,021966667;0,054833333;0,040233333;null;0,018233333;0,0293;0,018166667;0,029133333;0,058566667;0,054566667;null;0,029466667;0,0446;0,0372;0,026433333;0,0551;0,0404;null;null;0,037;0,029533333;0,033566667;0,036766667;null
Світловодськ;4903340;Оксид азоту;0,02;0,017433333;0,0251;null;0,0248;0,0198;0,0148;0,0322;0,039433333;0,027133333;null;0,029466667;0,019833333;0,029133333;0,029566667;0,0343;0,019633333;null;0,0252;0,024833333;0,032433333;0,023066667;0,0595;0,046866667;null;null;0,03;0,0424;0,010033333;0,0247;null
Світловодськ;4903340;Формальдегiд;0,004666667;0,0046;0,003533333;null;0,010466667;0,0035;0,0046;0,009266667;0,002333333;0,003433333;null;0,010266667;0,008066667;0,0023;0,003433333;0,001166667;0,0057;null;0,0153;0,014166667;0,018966667;0,011933333;0,005766667;0,0116;null;null;0,014;0,010466667;0,009433333;0,004633333;null
Львів;4982410;Завислі речовини;0,19875;0,2;0,15125;null;0,1525;0,155;0,18;0,19625;0,19;0,165;null;0,2475;0,27875;0,2625;0,212;0,25;0,205;null;0,205;0,195;0,235;0,1725;0,18;0,2475;null;0,245;0,25;0,18125;0,21;0,24125;0,255
Львів;4982410;Дiоксид сiрки;0,0028375;0,003575;0,0027375;null;0,0033;0,003425;0,00284375;0,0026375;0,002425;0,00264375;null;0,005075;0,0033375;0,00446875;0,0055;0,00481875;0,0047375;null;0,0040125;0,0033875;0,00351875;0,003;0,002925;0,00396875;null;0,004342857;0,00457;0,0044;0,003978571;0,003675;0,003875
Львів;4982410;Оксид вуглецю;2,6;2,6625;1,7625;null;1,7875;2,35;2,6125;2,75;2,7;2,475;null;3;3,1375;2,95;2,3;3,0375;2,7375;null;2,8375;2,7875;3,075;2,3625;2,85;2,9625;null;3,1;2,985714286;2,4375;2,685714286;3,175;3,25
Львів;4982410;Дiоксид азоту;0,05239375;0,04325625;0,04231875;null;0,0385375;0,04204375;0,0414875;0,04443125;0,0349375;0,0434125;null;0,04524375;0,06018125;0,05478125;0,044127273;0,04966875;0,0498875;null;0,04214375;0,05771875;0,04555625;0,0437625;0,0476375;0,05388125;null;0,059642857;0,06216;0,053;0,050007143;0,046975;0,05035
Львів;4982410;Оксид азоту;0,030225;0,02695;0,0271875;null;0,0239375;0,0290125;0,0257875;0,0322875;0,0213625;0,02625;null;0,0214625;0,032775;0,037475;0,0195;0,0297875;0,033175;null;0,0304;0,036875;0,0255;0,0251;0,02825;0,033425;null;0,031257143;0,037625;0,0298125;0,028157143;0,0309875;0,0315625
Львів;4982410;Фтористий водень;0,0039;0,00413125;0,00420625;null;0,0035;0,0035125;0,00410625;0,00389375;0,00441875;0,0043375;null;0,0046375;0,00465;0,0073375;0,004918182;0,00548125;0,004725;null;0,00635;0,00568125;0,0051625;0,0054375;0,00428125;0,0042375;null;0,004885714;0,00445;0,00511875;0,004435714;0,0043125;0,004275
Львів;4982410;Формальдегiд;0,00985625;0,0106625;0,00873125;null;0,0099375;0,00921875;0,01094375;0,01135;0,01026875;0,0121625;null;0,01091875;0,01226875;0,01365625;0,010263636;0,0147375;0,01158125;null;0,01231875;0,01195;0,011625;0,01181875;0,01099375;0,01210625;null;0,012614286;0,01178;0,013;0,010807143;0,0122875;0,01160625
Миколаїв;4703200;Завислі речовини;0,1;0,025;0,075;null;0,025;0,05;0,075;0,075;0,075;0,1;null;0,075;0,075;0,0625;0,05;0,125;0,0875;null;0,1;0,15;0,0875;0,1125;0,125;0,1;null;0,0625;0,1;0,075;0,075;0,075;0,0625
Миколаїв;4703200;Дiоксид сiрки;0,00385;0,0035;0,0026;null;0,00535;0,00625;0,00335;0,005225;0,0055375;0,00485;null;0,0063375;0,003225;0,0035875;0,0052;0,00505;0,00475;null;0,0052125;0,00325;0,0084625;0,004575;0,0037125;0,0038375;null;0,004925;0,0072125;0,0043375;0,0061;0,0068;0,0045875
Миколаїв;4703200;Оксид вуглецю;1,5;1,25;0,75;null;1,75;2;1,25;1,375;1,75;1,5;null;0,75;1,375;1,125;1,25;1,125;1,25;null;1,625;1,375;1,25;1,625;1,625;1,25;null;1,5;1,5;1,75;1,375;1,75;0,5
Миколаїв;4703200;Дiоксид азоту;0,031325;0,033325;0,0216375;null;0,047525;0,041;0,0183625;0,03718125;0,0358125;0,02205;null;0,02639375;0,0408625;0,02679375;0,0296625;0,04613125;0,0301;null;0,0346625;0,0453625;0,063525;0,0492375;0,0281875;0,02546875;null;0,033975;0,04315;0,0232875;0,03821875;0,0473125;0,02660625
Миколаїв;4703200;Оксид азоту;0,002475;0,003725;0,002825;null;0,00835;0,020325;0,024025;0,033775;0,03985;0,03005;null;0,026225;0,013575;0,009675;0,0087;0,023075;0,004125;null;0,012;0,0072;0,0101;0,014025;0,013675;0,009475;null;0,0117;0,014825;0,015625;0,01545;0,016475;0,010225
Миколаїв;4703200;Фтористий водень;null;null;null;null;null;null;null;0,0018375;0,000875;0,0008375;null;0,0010125;0,0017125;0,0012625;0,0015;0,0036875;0,001325;null;0,00095;0,001675;0,0016;0,0027875;0,00135;0,0016;null;0,0025;0,0017375;0,0029125;0,0022875;0,001525;0,0020625
Миколаїв;4703200;Формальдегiд;0,0113625;0,01245;0,008275;null;0,00735;0,0035875;0,0047875;0,01363125;0,012;0,0132875;null;0,0137375;0,01091875;0,01114375;0,01206875;0,01145;0,00730625;null;0,010625;0,008875;0,01240625;0,0083125;0,0059;0,00716875;null;0,013075;0,011175;0,00983125;0,01195;0,01440625;0,00798125
Одеса;4643080;Завислі речовини;0,165833333;0,160833333;0,159666667;null;0,15;0,149416667;0,171916667;0,171166667;0,170166667;0,191;null;0,154;0,181166667;0,191333333;0,173083333;0,150916667;0,142333333;null;0,125;0,179;0,197166667;0,188;0,2265;0,222166667;null;0,188083333;0,18475;0,167916667;0,13875;0,180916667;0,18225
Одеса;4643080;Дiоксид сiрки;0,042533333;0,0479;0,041144444;null;0,040683333;0,03895;0,047116667;0,036605556;0,045905556;0,043544444;null;0,042683333;0,042205556;0,045905556;0,040627778;0,039577778;0,041655556;null;0,042105556;0,040116667;0,042;0,037877778;0,040133333;0,034227778;null;0,032694444;0,035338889;0,039344444;0,035544444;0,056877778;0,05045
Одеса;4643080;Сульфати;0,0175;0,0175;0,022;null;0,024;0,019;0,0225;0,023;0,018;0,022;null;0,0175;0,0225;0,025;0,0195;0,016;0,0135;null;0,015;0,0185;0,0215;0,0245;0,0175;0,021;null;0,0205;0,018;0,0185;0,014;0,019;0,0155
Одеса;4643080;Оксид вуглецю;1,525;1,55;1,4875;null;1,65;1,9375;1,5;1,65;1,5875;1,725;null;1,65;1,6125;1,625;1,5375;1,5375;1,6;null;1,8625;1,6;1,6875;1,55;1,5375;1,5375;null;1,7125;1,8625;1,6875;1,7;1,5875;1,65
Одеса;4643080;Дiоксид азоту;0,054755556;0,054977778;0,053844444;null;0,053522222;0,058144444;0,061672222;0,068633333;0,06055;0,056877778;null;0,062616667;0,06455;0,055516667;0,053366667;0,047877778;0,047527778;null;0,058338889;0,052355556;0,055427778;0,053527778;0,059944444;0,050777778;null;0,054838889;0,047777778;0,052922222;0,048255556;0,067183333;0,073216667
Одеса;4643080;Оксид азоту;0,041375;0,034325;0,032625;null;0,0291;0,032275;0,037925;0,0436;0,03945;0,0353;null;0,03055;0,040075;0,032675;0,032875;0,03515;0,0237;null;0,03525;0,037;0,039725;0,038275;0,04475;0,048;null;0,044675;0,0372;0,03395;0,031425;0,037725;0,04345
Одеса;4643080;Сiрководень;0,001725;0,0018375;0,001375;null;0,001125;0,0015125;0,00115;0,0015375;0,001475;0,00195;null;0,002375;0,002075;0,001825;0,00205;0,0019375;0,00185;null;0,002275;0,002225;0,0019625;0,0016125;0,0018875;0,0016625;null;0,0023625;0,0022;0,0013375;0,0016125;0,0017;0,001375
Одеса;4643080;Фенол;0,003809524;0,003695238;0,003404762;null;0,00342381;0,003485714;0,0035;0,003395238;0,003390476;0,003647619;null;0,003804762;0,003828571;0,003457143;0,004204762;0,004014286;0,003733333;null;0,003852381;0,004314286;0,004071429;0,004090476;0,003828571;0,003871429;null;0,003952381;0,003933333;0,003933333;0,004090476;0,00372381;0,003785714
Одеса;4643080;Сажа;0,0475;0,0475;0,065;null;0,0625;0,05625;0,05125;0,06375;0,05875;0,07;null;0,04925;0,0675;0,07125;0,0625;0,06125;0,0525;null;0,05625;0,06;0,05625;0,05375;0,06;0,06375;null;0,05875;0,05375;0,0475;0,0325;0,03875;0,04375
Одеса;4643080;Фтористий водень;0,003125;0,0025125;0,0036125;null;0,0041875;0,003275;0,0024125;0,0028;0,00305;0,00395;null;0,004125;0,004775;0,003;0,00315;0,0035;0,00475;null;0,0043;0,0041875;0,00455;0,004175;0,0049375;0,0051625;null;0,005725;0,0062625;0,0055125;0,0047625;0,005225;0,004125
Одеса;4643080;Формальдегiд;0,009823077;0,007861538;0,007230769;null;0,008861538;0,007876923;0,009038462;0,009984615;0,008269231;0,007561538;null;0,009130769;0,008592308;0,010076923;0,008361538;0,0091;0,0086;null;0,010607692;0,010984615;0,010253846;0,010423077;0,011453846;0,012146154;null;0,011207692;0,013076923;0,009169231;0,009384615;0,010061538;0,009730769
Полтава;4963460;Завислі речовини;0,316666667;0,366666667;0,333333333;null;0,183333333;0,133333333;0,166666667;0,216666667;0,183333333;0,15;null;0,4;0,225;0,2;0,125;0,2;0,175;null;0,5;0,45;0,225;0,325;0,35;0,3;null;0,4;0,3125;0,3375;0,35;0,2625;0,225
Полтава;4963460;Дiоксид сiрки;0,001666667;0,002;0,002;null;0,001333333;0,003;0,001666667;0,002333333;0,001666667;0,002;null;0,001333333;0,0015;0,0025;0,003;0,0015;0,002;null;0,000666667;0,0005;0,001;0;0,0005;0,001;null;0,000666667;0,00025;0,00025;0,0005;0,00075;0
Полтава;4963460;Сульфати;0;0;0;null;0;0,005;0;0,005;0,005;0;null;null;null;null;null;null;null;null;null;null;null;null;null;null;null;0;0;0;0,005;0;0
Полтава;4963460;Оксид вуглецю;1,857142857;2;2,333333333;null;1,428571429;1,428571429;2,285714286;1,142857143;1,571428571;1;null;1,5;1;1;1;1,5;2;null;3,25;3,75;2,5;2,75;3,75;2,5;null;3,444444444;2,777777778;2,222222222;3,111111111;2,222222222;2,75
Полтава;4963460;Дiоксид азоту;0,034166667;0,03;0,023333333;null;0,041111111;0,034166667;0,0325;0,036666667;0,029166667;0,044166667;null;0,055;0,04625;0,04625;0,05;0,03875;0,0525;null;0,076666667;0,07;0,07;0,0675;0,06125;0,05625;null;0,085833333;0,055;0,043125;0,0425;0,06375;0,05375
Полтава;4963460;Оксид азоту;0,015;0,02;0,005;null;0,02;0,015;0,0225;0,02;0,02;0,02;null;null;null;null;null;null;null;null;null;null;null;null;null;null;null;0,043333333;0,035;0,0225;0,02;0,0325;0,0275
Полтава;4963460;Фтористий водень;0,00175;0,00075;0,001875;null;0,002;0,001125;0,00225;0,001125;0,001875;0,00225;null;0,003;0,00275;0,0035;0,00275;0,00275;0,00425;null;0,006333333;0,00525;0,00475;0,00375;0,00325;0,0045;null;0,005;0,002875;0,001875;0,0035;0,002625;0,00375
Полтава;4963460;Хлористий водень;null;null;null;null;null;null;null;null;null;null;null;0,033333333;0,025;0,025;0,03;0,025;0,03;null;0,06;0,055;0,055;0,0425;0,025;0,03;null;0,066666667;0,045;0,025;0,025;0,035;0,035
Полтава;4963460;Амiак;0,0075;0,0075;0,01;null;0,013333333;0,01;0,0125;0,0075;0,0075;0,01;null;null;null;null;null;null;null;null;null;null;null;null;null;null;null;0,033333333;0,03;0,0175;0,0175;0,0225;0,0225
Полтава;4963460;Формальдегiд;0,005625;0,004625;0,004875;null;0,0045;0,0035;0,005375;0,005625;0,0045;0,0045;null;0,010333333;0,0055;0,005625;0,006375;0,0045;0,006375;null;0,015666667;0,00675;0,005875;0,0075;0,0055;0,0025;null;0,009888889;0,00475;0,004416667;0,0045;0,005333333;0,005666667
Кременчук;4813330;Завислі речовини;0,11;0,111666667;0,098333333;null;0,085;0,09;0,101666667;0,171666667;0,16;0,138333333;null;0,146;0,198;0,13;0,11;0,114;0,105;null;0,136;0,166;0,24;0,13125;0,117142857;0,1375;null;0,188571429;0,18;0,208;0,0775;0,123333333;0,1175
Кременчук;4813330;Дiоксид сiрки;0,009666667;0,007791667;0,005516667;null;0,008516667;0,012541667;0,008758333;0,007141667;0,006766667;0,006466667;null;0,00763;0,009154545;0,006945455;0,008909091;0,009481818;0,0083625;null;0,01093;0,014618182;0,010527273;0,010986667;0,007033333;0,00878125;null;0,009492857;0,007038462;0,008290909;0,0086;0,009275;0,007125
Кременчук;4813330;Сульфати;0,01;0,005;0;null;0,005;0,01;0,005;0,01;0;0,005;null;null;null;null;null;null;null;null;null;null;null;0;0,005;0,01;null;0,015;0,01;null;null;null;null
Кременчук;4813330;Оксид вуглецю;0,55;1,116666667;0,883333333;null;0,65;0,733333333;0,866666667;0,466666667;0,566666667;0,816666667;null;0,46;0,72;0,46;0,72;0,7;0,675;null;0,58;0,62;0,86;0,8125;1,3375;1,3625;null;0,875;0,625;0,72;0,78;0,46;0,625
Кременчук;4813330;Дiоксид азоту;0,041491667;0,032933333;0,022033333;null;0,034291667;0,049083333;0,03455;0,020791667;0,029241667;0,0263;null;0,0289;0,038027273;0,025845455;0,035363636;0,040772727;0,0382875;null;0,0474;0,061263636;0,054;0,057133333;0,0275;0,0314625;null;0,041335714;0,038646154;0,039009091;0,03398;0,050175;0,0411125
Кременчук;4813330;Оксид азоту;0,028325;0,016525;0,0199;null;0,032675;0,0464;0,02165;0,01055;0,0237;0,021675;null;null;null;null;null;null;null;null;null;null;null;0,048633333;0,017125;0,0194;null;0,028475;0,03065;0,0131;null;null;null
Кременчук;4813330;Фенол;0,0029875;0,0006625;0,000275;null;0,0019125;0,0029;0,0023125;0,0003875;0,0011375;0,0014875;null;0,00039;0,000445455;0,000827273;0,001590909;0,001681818;0,00155;null;0,0002;0,000709091;0,000554545;0,00155;0,000436364;0,000125;null;0,00131;0,0009;0,00074;0,00013;0,0013375;0,000725
Кременчук;4813330;Сажа;0,00545;0,0083;0,00825;null;0,0027;0,0027;0,0027;0;0,00265;0,0027;null;0,005466667;0,007233333;0,005333333;0,005433333;0,010866667;0,00815;null;0,014733333;0,016433333;0,012933333;0,01385;0,008225;0,015175;null;0,0137;0,010975;0,0183;0,0165;0,0135;0,0192
Кременчук;4813330;Амiак;0,00655;0,005375;0,00535;null;0,004275;0,006975;0,002;0,00275;0,007025;0,00605;null;null;null;null;null;null;null;null;null;null;null;0,0087;0,0054;0,0097;null;0,0079;0,002475;0,0052;null;null;null
Кременчук;4813330;Формальдегiд;0,0126;0,0093;0,010575;null;0,0163875;0,0134875;0,01425;0,0140375;0,0123625;0,0106125;null;0,012371429;0,011057143;0,013185714;0,0085;0,009414286;0,009175;null;0,010533333;0,008514286;0,010842857;0,01035;0,0109;0,01196;null;0,0134625;0,010833333;0,017885714;0,01245;0,013325;0,01135
Рівне;5062620;Завислі речовини;0,1221;0,150033333;0,0275;null;0,12575;0,191175;0,1794;0,138725;0,04135;0,02735;null;0;0;0;0;0,03705;0,02745;null;0;0;0;0;0;0,027275;null;0,0563;0;0;0,01365;0;0
Рівне;5062620;Дiоксид сiрки;0,000983333;0;0;null;0;0;0,001175;0,0015;0,0014875;0;null;0;0;0;0;0;0;null;0;0;0;0;0;0;null;0,012836364;0,013845455;0,002875;0,0036;0,001066667;0
Рівне;5062620;Оксид вуглецю;0,78;1,135;1,1575;null;0,9025;1,0725;1,135;1,045;1,35;0,9775;null;1,0125;1,05;0,92;0,76;1,015;1,05;null;1,088333333;0,771666667;0,815;0,931666667;1,095;1,051666667;null;1,03;1,051666667;0,858333333;0,903333333;1,24;1,211666667
Рівне;5062620;Дiоксид азоту;0,025333333;0,02305;0,025757143;null;0,030325;0,0217125;0,023425;0,0142125;0,0304625;0,044525;null;0,0448125;0,0268875;0,0162375;0,01445;0,019736364;0,025141667;null;0,030308333;0,027083333;0,013558333;0,012925;0,030041667;0,056575;null;0,041727273;0,058109091;0,025316667;0,045741667;0,050266667;0,037908333
Рівне;5062620;Оксид азоту;0,02995;0,0317;0,03368;null;0,03325;0,019283333;0,025833333;0,01955;0,024833333;0,039733333;null;0,034866667;0,021533333;0,01795;0,014033333;0,0116;0,00863;null;0,051166667;0,0393;0,01418;0,00602;0,01705;0,02942;null;0,0264125;0,036455556;0,01715;0,03796;0,03206;0,01684
Рівне;5062620;Сiрководень;0,00165;0;0;null;0;0;0;0;0;0;null;0;0,000725;0,002025;0,00305;0;0;null;0,002714286;0;0,000925;0,0019;0,0003375;0;null;0,000966667;0,000442857;0;0,001675;0,0026125;0,0023375
Рівне;5062620;Фенол;0,00502;0,002016667;0,0041;null;0,003;0,002766667;0,00525;0,00335;0,0036;0,002516667;null;0,0016;0;0;0,001016667;0,002266667;0,00255;null;0,00656;0,00639;0,00445;0,00137;0,00181;0;null;0,002655556;0,001533333;0,00485;0,00669;0,00483;0
Рівне;5062620;Фтористий водень;0,000225;0;0,0051;null;0,002425;0;0,0016;0,00725;0,00325;0,001275;null;0;0,003125;0,001625;0,002625;0,0078;0,0109875;null;0,005185714;0,0020625;0,0008875;0,0015375;0;0,0030125;null;0,0079;0,0047;0,0017625;0,0040625;0,001075;0,0059875
Рівне;5062620;Хлористий водень;0;0;0;null;0;0,093525;0,076825;0;0,041975;0;null;0;0;0;0,084675;0,065842857;0,0658125;null;0,0212875;0,0319125;0,0836125;0,0288875;0,012225;0,0130875;null;0,021542857;0,091357143;0,0947;0,0550125;0,079625;0,0821625
Рівне;5062620;Амiак;0,0184;0,008275;0;null;0;0;0;0;0;0;null;0;0;0;0;0;0;null;0;0;0;0;0;0,003425;null;0,003175;0,008075;0;0;0,002775;0
Рівне;5062620;Формальдегiд;0,013275;0,00845;0,0066;null;0,019975;0,0189;0,0153;0,01375;0,010725;0,004925;null;0,014175;0,012125;0,008825;0,010475;0,0045;0;null;0,005442857;0,0078875;0,0138125;0,0064125;0,0065625;0,00325;null;0,002533333;0,010914286;0,0013375;0,003875;0,0062375;0,0090875
Суми;5093480;Завислі речовини;0,266666667;0,25;0,316666667;null;0,316666667;0,25;0,35;0,266666667;0,35;0,333333333;null;0,333333333;0,333333333;0,283333333;0,383333333;0,4;0,383333333;null;0,55;0,6;0,5;0,6;0,5;0,5;null;0,6;0,4;0,45;0,366666667;0,383333333;0,4
Суми;5093480;Дiоксид сiрки;0,054166667;0,059666667;0,0665;null;0,058666667;0,062166667;0,0675;0,065083333;0,071333333;0,066833333;null;0,062555556;0,053333333;0,054166667;0,057083333;0,0615;0,063583333;null;0,061666667;0,05975;0,059;0,06425;0,07225;0,06;null;0,061666667;0,05875;0,0695;0,0699;0,07425;0,062583333
Суми;5093480;Сульфати;0,015;0,02;0,015;null;0,015;0,015;0,015;0,02;0,025;0,02;null;0,02;0,015;0,02;0,015;0,025;0,03;null;null;null;null;null;null;null;null;null;null;null;0,02;0,02;0,025
Суми;5093480;Оксид вуглецю;1,333333333;1,5;1,833333333;null;1,666666667;1,666666667;1,5;1,166666667;1,666666667;1,333333333;null;1,5;2;1,333333333;1,5;2,166666667;2,166666667;null;1,5;2,5;2;2,5;2,5;1,5;null;1,5;2,5;1,5;1,666666667;2,5;2,666666667
Суми;5093480;Дiоксид азоту;0,076666667;0,079166667;0,099166667;null;0,094444444;0,095833333;0,089166667;0,080833333;0,049166667;0,063333333;null;0,074444444;0,075833333;0,0725;0,074166667;0,0775;0,069166667;null;0,113333333;0,1425;0,1025;0,1425;0,1;0,085;null;0,123333333;0,1125;0,09;0,092;0,100833333;0,088333333
Суми;5093480;Оксид азоту;0,035;0,0375;0,0475;null;0,046666667;0,0475;0,0425;0,0425;0,025;0,025;null;0,046666667;0,0325;0,0325;0,035;0,0275;0,0325;null;null;null;null;null;null;null;null;null;null;null;0,046666667;0,07;0,0725
Суми;5093480;Амiак;0,01625;0,015;0,01;null;0,01;0,015;0,01375;0,015;0,0175;0,015;null;0,018333333;0,0175;0,0175;0,01875;0,0175;0,0175;null;null;null;null;null;null;null;null;null;null;null;0,02;0,01875;0,015
Суми;5093480;Формальдегiд;0,005;0,006;0,003;null;0,005333333;0,004;0,005;0,005;0,005;0,002;null;0,004;0,00525;0,003;0,00625;0,005;0,005;null;0,007;0,00525;0,004;0,007;0,005;0,006;null;0,007;0,005;0,005;0,005;0,00925;0,005
Тернопіль;4932530;Завислі речовини;0,16;0,15;null;null;0,065;0,02;0,085;0,1775;0,17;null;null;0,1275;0,2125;0,25;0,2625;0,205;0,23;null;0,245;0,34;0,33;0,065;0,24;0,245;null;0,32;0,255;0,2625;0,155;0,2075;0,205
Тернопіль;4932530;Дiоксид сiрки;0,006425;0,0057;null;null;0,0036;0,001775;0,0040875;0,005;0,005625;null;null;0,0054125;0,005675;0,0044875;0,005875;0,0077875;0,0073375;null;0,0078375;0,00985;0,0071375;0,003825;0,00585;0,0047625;null;0,0048375;0,00595;0,00525;0,0066375;0,0064;0,0071125
Тернопіль;4932530;Оксид вуглецю;2,975;3,2;null;null;3,475;3,15;3,5;4,25;3,475;null;null;2,975;3,7;2,625;2,425;2,375;2,45;null;3,6;4,25;2,925;3,6;3,825;2,925;null;3,55;2,825;2,75;2,475;3,2;2,9
Тернопіль;4932530;Дiоксид азоту;0,055525;0,050775;null;null;0,0424875;0,0465;0,05415;0,055975;0,04865;null;null;0,0448125;0,048675;0,0491375;0,05645;0,0543875;0,0558125;null;0,05175;0,0674125;0,0651625;0,0579625;0,048475;0,050425;null;0,0572125;0,056475;0,046325;0,047925;0,050975;0,0594
Тернопіль;4932530;Оксид азоту;0,03095;0,0279;null;null;0,02305;0,0257;0,0301;0,031275;0,027075;null;null;0,0251;0,0261;0,027875;0,0316;0,031475;0,031125;null;0,028175;0,03865;0,036675;0,032575;0,027925;0,0272;null;0,03205;0,03105;0,025475;0,0275;0,029;0,033475
Тернопіль;4932530;Формальдегiд;0,0029125;0,00315;null;null;0,00165;0,00065;0,0023375;0,0024375;0,0025375;null;null;0,003175;0,0041875;0,003725;0,003775;0,0044875;0,005325;null;0,00385;0,004925;0,004075;0,0030875;0,004725;0,00355;null;0,005425;0,0033625;0,0031375;0,002925;0,00315;0,003925
Харків;4993630;Завислі речовини;0,074;0,0728;0,0928;null;0,0764;0,066;0,0708;0,0812;0,0696;0,078;null;0,0896;0,082;0,0816;0,0776;0,0784;0,0884;null;0,087894737;0,088421053;0,096842105;0,092631579;0,106315789;0,097368421;null;0,138181818;0,130909091;0,163181818;0,125454545;0,122727273;0,155909091
Харків;4993630;Дiоксид сiрки;0,01362;0,010876667;0,012486667;null;0,011723333;0,013983333;0,013686667;0,013373333;0,01421;0,017076667;null;0,014843333;0,012336667;0,01182;0,01191;0,013513333;0,013;null;0,0106875;0,012725;0,01065;0,012654167;0,011541667;0,012216667;null;0,01322963;0,012785185;0,019392593;0,044774074;0,051033333;0,050418519
Харків;4993630;Сульфати;0;0;0,005;null;0;0,005;0,01;0,005;0;0;null;0;0,005;0,01;0;0,005;0;null;0;0,01;0;0,005;0,01;0,01;null;0;0,01;0;0;0;0,01
Харків;4993630;Оксид вуглецю;1,22;1,245;1,17;null;1,28;1,205;1,275;1,265;1,205;1,14;null;1,335;1,275;1,31;1,255;1,195;1,38;null;1,46875;1,33125;1,48125;1,45;1,3875;1,4375;null;1,527777778;1,333333333;1,305555556;1,5;1,272222222;1,583333333
Харків;4993630;Дiоксид азоту;0,034741176;0,032862857;0,030157143;null;0,021046667;0,024548571;0,024297143;0,022237143;0,022825714;0,027474286;null;0,02202;0,024571429;0,02316;0,026137143;0,023551429;0,026171429;null;0,02935;0,032211111;0,027766667;0,026377778;0,030407407;0,0315;null;0,032703704;0,033551613;0,03093871;0,030293548;0,02863871;0,030387097
Харків;4993630;Оксид азоту;0,025875;0,02215;0,022225;null;0,020533333;0,034225;0,015975;0,022725;0,025375;0,032175;null;0,033966667;0,02595;0,014725;0,017625;0,020725;0,0208;null;0,015366667;0,0166;0,0186;0,02095;0,02545;0,0228;null;0,014433333;0,02285;0,02395;0,023475;0,023525;0,02685
Харків;4993630;Сiрководень;0,000975;0,00075;0,000625;null;0,000966667;0,001025;0,000575;0,00095;0,000675;0,0012;null;0,0014;0,001;0,001;0,0013;0,001275;0,000975;null;0,0016;0,0018;0,0017;0,001875;0,001625;0,00165;null;0,000433333;0,001675;0,001975;0,00185;0,0016;0,0014
Харків;4993630;Фенол;0,003266667;0,003591667;0,002958333;null;0,004466667;0,003675;0,003558333;0,004466667;0,004225;0,00385;null;0,002244444;0,00205;0,002391667;0,002533333;0,00195;0,002483333;null;0,0022;0,002325;0,002875;0,0023125;0,002875;0,002625;null;0,001988889;0,002816667;0,002075;0,002516667;0,002491667;0,00275
Харків;4993630;Сажа;0,036666667;0,02;0,036666667;null;0,026666667;0,02;0,043333333;0,03;0,01;0,03;null;0,036666667;0,01;0,02;0,02;0,026666667;0,036666667;null;0,03;0,043333333;0,02;0,03;0,026666667;0,03;null;0,036666667;0,02;0,026666667;0,03;0,05;0,043333333
Харків;4993630;Амiак;0,00875;0,007375;0,0074375;null;0,0055;0,00775;0,0027375;0,0082125;0,0082375;0,005475;null;0,0067;0,0085875;0,0062875;0,0049625;0,0077375;0,0081875;null;0,007383333;0,0056125;0,0054875;0,0115875;0,0106875;0,0092875;null;0,00995;0,006375;0,006425;0,009225;0,0055375;0,006925
Харків;4993630;Формальдегiд;0,003596296;0,002775;0,002946429;null;0,003309524;0,002307143;0,002153571;0,002467857;0,00225;0,002410714;null;0,003461905;0,003253571;0,002735714;0,0029;0,002725;0,002714286;null;0,002693333;0,00317;0,00268;0,003195;0,00223;0,002765;null;0,00305;0,0024;0,002966667;0,002704167;0,004095833;0,0035875
Хмельницький;4942690;Завислі речовини;null;null;null;null;null;null;null;null;null;null;null;0,08625;0,1385;0,0775;0,07775;0,087;0,08775;null;0,0705;0,0525;0,1315;0,086;0,07575;0,13725;null;null;0,07825;0,06925;0,07775;0,087;0,1635
Хмельницький;4942690;Дiоксид сiрки;null;null;null;null;null;null;null;null;null;null;null;0,01625;0,0172375;0,0151875;0,0127625;0,01555;0,017675;null;0,0174625;0,0174375;0,017125;0,015225;0,0200125;0,0191875;null;null;0,0188875;0,02185;0,020125;0,0221875;0,0229125
Хмельницький;4942690;Сульфати;null;null;null;null;null;null;null;null;null;null;null;0,011825;0,01195;0,013425;0,012175;0,0124;0,01205;null;0,012525;0,012975;0,014775;0,015775;0,014425;0,014125;null;null;0,01455;0,013625;0,014575;0,015325;0,0147
Хмельницький;4942690;Оксид вуглецю;null;null;null;null;null;null;null;null;null;null;null;2,5525;2,655;2,5325;2,625;2,5325;2,655;null;2,725;3,05;3,3175;2,585;2,7125;2,715;null;null;2,885;2,8725;2,8175;2,8475;2,7525
Хмельницький;4942690;Дiоксид азоту;null;null;null;null;null;null;null;null;null;null;null;0,0253625;0,052175;0,0382125;0,0336375;0,0420125;0,0357625;null;0,0430625;0,0321625;0,028325;0,0230375;0,03935;0,044;null;null;0,03985;0,0362375;0,025425;0,02385;0,03875
Хмельницький;4942690;Оксид азоту;null;null;null;null;null;null;null;null;null;null;null;0,0223375;0,0378125;0,0296375;0,0285875;0,03125;0,0270125;null;0,0306375;0,022875;0,026175;0,0191;0,0277375;0,0337875;null;null;0,0324875;0,028375;0,0270875;0,0224625;0,0255625
Хмельницький;4942690;Фенол;null;null;null;null;null;null;null;null;null;null;null;0,001166667;0,001116667;0,000883333;0,001366667;0,001066667;0,001;null;0,0008;0,000783333;0,000666667;0,000816667;0,000666667;0,0007;null;null;0,000933333;0,000966667;0,000633333;0,0005;0,00085
Хмельницький;4942690;Хлористий водень;null;null;null;null;null;null;null;null;null;null;null;0,027775;0,0417;0,03745;0,03205;0,032225;0,03355;null;0,036;0,044975;0,0491;0,072875;0,115175;0,066075;null;null;0,061525;0,063125;0,06185;0,059975;0,0619
Хмельницький;4942690;Амiак;null;null;null;null;null;null;null;null;null;null;null;0,021975;0,0155;0,015825;0,0154;0,012025;0,014225;null;0,0153;0,016;0,0127;0,013075;0,012075;0,015975;null;null;0,015425;0,01345;0,01315;0,01395;0,01305
Хмельницький;4942690;Формальдегiд;null;null;null;null;null;null;null;null;null;null;null;0,003016667;0,00225;0,00145;0,002633333;0,00185;0,001333333;null;0,001333333;0,001066667;0,001466667;0,001583333;0,001183333;0,001583333;null;null;0,0008;0,001183333;0,00225;0,002383333;0,001183333
Херсон;4673270;Завислі речовини;0;0,05;null;null;0;0,025;0;0,05;0,025;null;null;0;0;0;0;0;null;null;0,025;0;0;0;0,05;null;null;0;0;0;0;0,025;null
Херсон;4673270;Дiоксид сiрки;0,0061;0,009;null;null;0,010875;0,0075;0,0052;0,0054;0,0009;null;null;0;0,0012;0,0012;0,0007;0;null;null;0,001375;0;0,0009;0,0063;0,0024;null;null;0,004125;0,003;0,0089;0,0026;0,0013;null
Херсон;4673270;Сульфати;0,005;0;null;null;0;0,01;0;0;0;null;null;0;0;0;0;0;null;null;0;0;0;0,005;0,005;null;null;0;0;0;0;0;null
Херсон;4673270;Оксид вуглецю;0,325714286;0,358571429;null;null;0,264285714;0,442857143;0,31;0,355714286;0,342857143;null;null;0,371428571;0,291428571;0,285714286;0,328571429;0,354285714;null;null;0,388571429;0,474285714;0,377142857;0,345714286;0,311428571;null;null;0,522857143;0,507142857;0,414285714;0,298571429;0,294285714;null
Херсон;4673270;Дiоксид азоту;0,131;0,158;null;null;0,1325;0,134;0,152;0,151;0,143;null;null;0,15;0,118;0,123;0,12;0,098;null;null;0,1;0,114;0,096;0,222;0,166;null;null;0,1175;0,123;0,173;0,189;0,164;null
Херсон;4673270;Оксид азоту;0,0875;0,1025;null;null;0,1;0,0575;0,0875;0,0925;0,075;null;null;0,063333333;0,0675;0,0625;0,06;0,0575;null;null;0,053333333;0,0675;0,0675;0,105;0,11;null;null;0,046666667;0,065;0,09;0,12;0,0825;null
Херсон;4673270;Фенол;0,0016;0,0026;null;null;0,002125;0,0023;0,0007;0,0005;0,0029;null;null;0,001625;0,0018;0,0021;0,002;0,0039;null;null;0,000875;0,002;0,0006;0,0029;0,0055;null;null;0,004375;0,0047;0,0041;0,003;0,0016;null
Херсон;4673270;Формальдегiд;0,001;0,0028;null;null;0,002375;0;0,0011;0,001;0,0032;null;null;0;0,0015;0,0054;0,0071;0;null;null;0,0035;0,0012;0,0018;0,001;0,0026;null;null;0,007;0,0042;0,0049;0,003;0,0014;null
Черкаси;4933200;Завислі речовини;0,183333333;0,133333333;0,05;null;0,1;0,1;0,05;0,05;0,183333333;0,133333333;null;0,183333333;0,1;0,133333333;0,15;0,1;0,15;null;0,1;0,116666667;0,133333333;0,133333333;0,25;0,1;null;0,125;0,175;0,125;0,1;0,15;0,1
Черкаси;4933200;Дiоксид сiрки;0,0148;0,0149;0,0151;null;0,014625;0,0172;0,0173;0,0166;0,0156;0,0147;null;0,01575;0,0154;0,0156;0,0165;0,0152;0,0162;null;0,016625;0,0211;0,0164;0,0194;0,016;0,0168;null;0,0195;0,019333333;0,01575;0,014285714;0,01575;0,015
Черкаси;4933200;Сульфати;0,01;0,01;0,01;null;0,015;0,01;0,015;0,015;0,015;0,01;null;0,01;0,01;0,015;0,01;0,01;0,01;null;0,01;0,01;0,01;0,01;0,01;0,01;null;null;null;null;null;null;null
Черкаси;4933200;Оксид вуглецю;1;1,333333333;1,333333333;null;1,166666667;1;1;1;1,166666667;1,333333333;null;1,333333333;1,166666667;1,166666667;1,333333333;1,5;1,333333333;null;1,5;2;1,666666667;1;1,333333333;1,166666667;null;2,25;1;1,25;1,5;1,75;3,25
Черкаси;4933200;Дiоксид азоту;0,044166667;0,049166667;0,065;null;0,041111111;0,044166667;0,039166667;0,040833333;0,036666667;0,041666667;null;0,054444444;0,033333333;0,0325;0,025;0,035833333;0,045833333;null;0,036666667;0,048333333;0,050833333;0,039166667;0,03;0,036666667;null;0,041666667;0,036666667;0,035;0,031428571;0,03;0,0525
Черкаси;4933200;Оксид азоту;0,0625;0,0525;0,07;null;0,04;0,0325;0,0275;0,0525;0,0625;0,035;null;0,02;0,0275;0,0225;0,0325;0,0175;0,0225;null;0,04;0,0575;0,04;0,035;0,0375;0,0425;null;0,063333333;0,0325;0,02;0,0225;0,0225;0,045
Черкаси;4933200;Сiрководень;0,002083333;0,002166667;0,001833333;null;0,002;0,001833333;0,00175;0,001833333;0,00225;0,001833333;null;0,002;0,002;0,00175;0,00225;0,002333333;0,001583333;null;0,002;0,002916667;0,003333333;0,002833333;0,002083333;0,001916667;null;0,001833333;0,002;0,002;0,001857143;0,002125;0,002
Черкаси;4933200;Амiак;0,051666667;0,073333333;0,081666667;null;0,073333333;0,075;0,064166667;0,0625;0,048333333;0,043333333;null;0,042222222;0,045;0,028333333;0,0325;0,031666667;0,068333333;null;0,045555556;0,045;0,045;0,064166667;0,044166667;0,04;null;0,075;0,071666667;0,055;0,08;0,07;0,0875
Черкаси;4933200;Формальдегiд;0,009;0,00775;0,006;null;0,019333333;0,01225;0,0045;0,012;0,00725;0,011;null;0,018666667;0,01375;0,016;0,01825;0,0115;0,01475;null;0,025;0,01075;0,0145;0,01225;0,0095;0,00825;null;0,019666667;0,0115;0,01575;0,018666667;0,0085;0,017
Чернівці;4832590;Завислі речовини;0;0,075;0,025;null;0,025;0,025;0,025;0;0;0,025;null;0;0;0;0;0;0;null;0;0;0;0;0;0;null;0;0;0;0;0;0,1
Чернівці;4832590;Дiоксид сiрки;0;0,002825;0,0006875;null;0,0024875;0,002225;0,0013625;0,0032;0,0032;0,0059125;null;0,00295;0,003125;0,0016375;0,0035;0,001025;0,000625;null;0,003158333;0,003516667;0,000775;0,000616667;0,00015;0,001391667;null;0,001241667;0,002009091;0,00325;0,0020375;0,0016125;0
Чернівці;4832590;Оксид вуглецю;0,135;0,105;0,12375;0,1775;0,10875;0,105;0,0975;0,14125;0,1625;0,1;0,2575;0,1025;0,245;0,05;0,05;0,069;0,163;0,055;0,043;0,149;0,162;0,021;0,051;0,162;0,1875;0,164;0,041111111;0,149;0,07625;0,3125;0,1925
Чернівці;4832590;Дiоксид азоту;0,015133333;0,011083333;0,009641667;0,0042;0,01065;0,005625;0,0079;0,014066667;0,019066667;0,019141667;0,0094;0,01585;0,015566667;0,014158333;0,014885714;0,02045;0,0114875;0,007975;0,01343125;0,016675;0,0200625;0,0189;0,01534375;0,01773375;0,0223;0,01773125;0,012673333;0,0077;0,01635;0,008841667;0,006158333
Чернівці;4832590;Оксид азоту;0,00195;0,0035625;0,00095;0,002;0,0019875;0,003325;0,001375;0,0026;0,0035125;0,001375;0,0021;0,0026625;0,0016375;0,00185;0,003375;0,002175;0,0015375;0,0021;0,0040875;0,0016125;0,00255;0,004;0,003225;0,0048;0,006375;0,001675;0,0065125;0,00335;0,003525;0,004525;0,0018
Чернівці;4832591;Озон;0,075875;0,099675;0,076125;0,0681;0,060675;0,06585;0,07405;0,06185;0,042825;0,088925;0,068525;0,0861;0,0681;0,073125;0,066875;0,063425;0,065875;0,071225;0,0601;0,0718;0,06825;0,09195;0,067025;0,058625;0,05605;0,069225;0,0841;0,0778;0,07425;0,080575;0,0716
Чернівці;4832590;Фенол;0,000925;0,0019;0,00075;null;0,00005;0,001425;0,005025;0,004075;0;0,00025;null;0,0013;0,0001;0,003275;0,006;0,005775;0,0038;null;0,0024;0,00485;0,004775;0,0035;0,0008;0,004275;null;0,0028;0,001075;0,001825;0,0018;0,002775;0,001475
Чернівці;4832590;Фтористий водень;0,000625;0,00035;0;null;0,001025;0,000475;0;0;0;0;null;0;0;0;0;0;0;null;0;0;0;0;0;0;null;0,0004625;0,000442857;0;0;0;0
Чернівці;4832590;Хлористий водень;null;null;null;null;null;null;null;null;null;null;null;null;null;null;0;0,0369;0;null;0,037575;0,108225;0;0,199825;0,02105;0;null;0;0,042966667;0,233675;0;0;0
Чернівці;4832590;Формальдегiд;0,0001875;0,003525;0,005475;null;0,0046;0,0027875;0,003775;0,00245;0,00365;0,000175;null;0,0028625;0,00435;0,0028875;0,0028125;0,0018125;0,001075;null;0,0049625;0,00475;0,0028;0,001325;0,0031125;0,00205;null;0,0023875;0;0,0034;0,000375;0,000175;0,00055
Ізмаїл;4542880;Завислі речовини;null;null;null;null;null;null;null;null;null;null;null;null;null;0,05;0,05;0,065;0,05;null;0,05;0,065;0,05;0,07;0,065000153;0,05;null;0,08;0,07;0,05;0,07;0,085000153;0,05
Ізмаїл;4542880;Дiоксид сiрки;null;null;null;null;null;null;null;null;null;null;null;null;null;0,030433386;0,026475038;0,0225;0,02165006;null;0,03506672;0,0131;0,02005004;0,01990002;0,01937504;0,013166697;null;0,033933333;0,02416672;0,02223338;0,030733427;0,0236;0,019550008
Ізмаїл;4542880;Сульфати;null;null;null;null;null;null;null;null;null;null;null;null;null;0,005;0,005;0,005;0,005;null;0,005;0,005;0,005;0,01;0,01;0,005;null;0,01;0,01;0,005;0,01;0,015;0,005
Ізмаїл;4542880;Оксид вуглецю;null;null;null;null;null;null;null;null;null;null;null;null;null;0,555000153;0,685001526;0,795000305;0,625;null;0,690001526;0,570001221;0,725;0,670000305;0,730001526;0,690001526;null;0,635;0,940002441;0,555001526;1,050003052;0,825;0,52
Ізмаїл;4542880;Дiоксид азоту;null;null;null;null;null;null;null;null;null;null;null;null;null;0,0569;0,068925;0,0618;0,066375;null;0,051066789;0,0638;0,05917504;0,065050031;0,067425;0,061175031;null;0,061800106;0,060066768;0,055266667;0,062366667;0,0688;0,062225095
Ізмаїл;4542880;Сiрководень;null;null;null;null;null;null;null;null;null;null;null;null;null;0,001500002;0,001650002;0,001375;0,002125;null;0,002400002;0,001375002;0,001725002;0,001675;0,000750002;0,001825;null;0,001600003;0,001133334;0,002400002;0,001533335;0,001500002;0,001575001
Ізмаїл;4542880;Формальдегiд;null;null;null;null;null;null;null;null;null;null;null;null;null;0,001800005;0,0007;0,00075;0,002950003;null;0,0007;0,001800003;0,001500003;0,0011;0,0022;0,0022;null;0,00215;0,0007;0,002900003;0,002200006;0,001050002;0,00035
Біла Церква;4983020;Завислі речовини;0,07375;0,09225;0,08375;null;0,08275;0,07325;0,0825;0,07325;0,07325;0,07325;null;0,0815;0,0725;0,072;0,07225;0,07275;0,064;null;0,074;0,093;0,06475;0,0555;0,0725;0,09075;null;0,07425;0,07375;0,0645;0,0745;0,074;0,0725
Біла Церква;4983020;Дiоксид сiрки;0,0322375;0,03705;0,0360875;null;0,0401125;0,0378875;0,0437875;0,03795;0,042075;0,0419375;null;0,0420875;0,034275;0,0451875;0,03295;0,041575;0,0401;null;0,03575;0,0399;0,039775;0,035625;0,041425;0,0418375;null;0,037725;0,037675;0,0437375;0,0434125;0,0383;0,034
Біла Церква;4983020;Оксид вуглецю;0,5;0,725;0,75;null;1,025;0,85;0,85;0,675;0,775;0,675;null;0,55;0,725;0,5;0,65;0,8;0,75;null;0,775;0,675;0,625;0,475;0,6;0,475;null;0,525;0,65;0,65;0,675;0,725;0,65
Біла Церква;4983020;Дiоксид азоту;0,0965875;0,1082875;0,103925;null;0,1032125;0,1099;0,1176375;0,133675;0,1109375;0,1109875;null;0,1073375;0,113375;0,1180625;0,11195;0,141625;0,1266875;null;0,107225;0,1122;0,1433;0,1045625;0,1314;0,108425;null;0,1064;0,1201125;0,114325;0,1294625;0,1202125;0,122
Олександрія;4843230;Завислі речовини;0,25;0,35;0,25;null;0,2;0,25;0,4;0,25;0,25;0,4;null;0,35;0,45;0,25;0,15;0,15;0,25;null;0,2;0,15;0,15;0,25;0,15;0,25;null;0,35;0,2;0,25;0,25;0,25;0,2
Олександрія;4843230;Дiоксид сiрки;0,021325;0,0136;0,014075;null;0,023833333;0,01605;0,012525;0,016375;0,01655;0,0143;null;0,0225;0,015075;0,0239;0,01805;0,017575;0,0259;null;0,0189;0,026775;0,02065;0,019825;0,017775;0,020775;null;0,0171;0,0329;0,0202;0,019625;0,027025;0,017775
Олександрія;4843230;Сульфати;0;0,005;0,01;null;0,005;0,01;0,005;0,015;0,005;0,005;null;0,005;0,005;0,01;0,005;0,005;0,005;null;0,01;0,005;0,01;0,005;0,005;0,005;null;0,005;0,005;0,01;0,005;0,005;0,015
Олександрія;4843230;Дiоксид азоту;0,024525;0,020475;0,031;null;0,028133333;0,0278;0,0313;0,02785;0,03305;0,0197;null;0,027166667;0,023675;0,027475;0,029025;0,0277;0,0341;null;0,022933333;0,023475;0,03135;0,0241;0,036525;0,03615;null;0,033866667;0,025225;0,019925;0,030975;0,022175;0,03065
Олександрія;4843230;Сажа;0,06;0,065;0,01;null;0,045;0,07;0,075;0,035;0,06;0,065;null;0,04;0,08;0,09;0,075;0,025;0,045;null;0,065;0,06;0,06;0,04;0,115;0,045;null;0,065;0,045;0,065;0,055;0,06;0,09
Горішні Плавні;4903360;Завислі речовини;0,135;0,165;0,165;null;0,085;0,135;0,105;0,135;0,135;0,08;null;0,11;0,08;0,105;0,105;0,08;0,135;null;0,11;0,055;0,165;0,11;0,14;0,055;null;0,08;0,135;0,055;0,165;0,085;0,08
Горішні Плавні;4903360;Дiоксид сiрки;0,006225;0,005;0,005975;null;0,004275;0,0046;0,004925;0,00625;0,00625;0,0076;null;0,00655;0,009475;0,007175;0,0075;0,0114;0,0141;null;0,003325;0,00235;0,005;0,003675;0,006275;0,004975;null;0,006575;0,012975;0,00695;0,00955;0,009225;0,0099
Горішні Плавні;4903360;Оксид вуглецю;0,2;0,2;0,2;null;0,2;0,1;0,15;0,1;0,1;0,1;null;0,15;0,15;0,1;0,15;0,15;0,15;null;0,15;0,2;0,25;0,15;0,15;0,2;null;0,2;0,2;0,2;0,15;0,15;0,25
Горішні Плавні;4903360;Дiоксид азоту;0,024925;0,02195;0,0239;null;0,01515;0,0174;0,017725;0,024975;0,02435;0,023725;null;0,02355;0,028125;0,026625;0,025475;0,03065;0,036125;null;0;0,0027;0,00995;0,0033;0,0133;0,01205;null;0,02635;0,0532;0,025725;0,0356;0,0369;0,03895
Горішні Плавні;4903360;Фенол;0;0,00105;0;null;0;0;0,00305;0,0002;0;0;null;0;0,0009;0;0,0012;0,0017;0,00225;null;0,001;0,001;0,00105;0,0008;0,0008;0,0004;null;0,0003;0,00105;0,00025;0,00085;0,00015;0,0002
Горішні Плавні;4903360;Сажа;0,0027;0,0028;0,00275;null;0,0028;0,0028;0;0;0,00545;0;null;0,00545;0,0027;0,0027;0;0,0027;0,00275;null;0,00825;0,0028;0,01385;0;0,00275;0;null;0,00825;0,00545;0,00835;0;0,0137;0,0027
Горішні Плавні;4903360;Хлористий водень;0,002533333;0;0,002166667;null;0;0,006066667;0,0055;0;0,004966667;0;null;0,0038;0,005966667;0;0;0,003066667;0,0042;null;0,002;0,002833333;0;0,004566667;0,0021;0;null;0,0055;0,009333333;0,001633333;0,000566667;0,002466667;0,003466667
Горішні Плавні;4903360;Амiак;0,00605;0,00235;0,00435;null;0,00455;0;0,00875;0,00865;0,00595;0,00985;null;0,0046;0,00785;0,0042;0,01055;0,0137;0,0089;null;0,00885;0,0053;0,0032;0;0,00775;0,00645;null;0,00755;0,0141;0,0061;0,0049;0;0
Бровари;5053080;Завислі речовини;0,055;0,0555;0,0715;null;0,0545;0,0545;0,0555;0,0365;0,0555;0,0365;null;0,055;0,0545;0,055;0,055;0,037;0,037;null;0,075;0,037;0,0375;0,0555;0,055;0,073;null;0,037;0,056;0,074;0,056;0,0555;0,073
Бровари;5053080;Дiоксид сiрки;0,035325;0,040675;0,031775;null;0,029225;0,03395;0,034625;0,03655;0,04245;0,037525;null;0,044025;0,041025;0,046;0,0381;0,048075;0,0517;null;0,051625;0,047575;0,04175;0,05005;0,049025;0,0523;null;0,042925;0,048875;0,055;0,045275;0,038225;0,044775
Бровари;5053080;Оксид вуглецю;0,3;0,35;0,3;null;0,35;0,35;0,3;0,3;0,3;0,35;null;0,3;0,4;0,3;0,35;0,35;0,35;null;0,35;0,4;0,35;0,45;0,5;0,45;null;0,5;0,45;0,5;0,5;0,45;0,5
Бровари;5053080;Дiоксид азоту;0,068625;0,0812;0,070625;null;0,062825;0,070175;0,07475;0,0691;0,085975;0,084025;null;0,089525;0,081325;0,093375;0,078125;0,0915;0,0914;null;0,099025;0,0884;0,080425;0,1037;0,09685;0,106725;null;0,083425;0,10245;0,104125;0,0954;0,09755;0,092775
Обухів;5013060;Завислі речовини;0,074;0,1105;0,0915;null;0,112;0,129;0,0735;0,147;0,1095;0,1105;null;0,127;0,108;0,108;0,109;0,1275;0,0925;null;0,113;0,1305;0,1315;0,1115;0,091;0,0915;null;0,109;0,073;0,13;null;0,077;0,073
Обухів;5013060;Дiоксид сiрки;0,0429;0,041375;0,041675;null;0,047475;0,03445;0,04575;0,044;0,0401;0,0393;null;0,03885;0,046075;0,04175;0,046275;0,045375;0,04235;null;0,058675;0,0584;0,057625;0,0444;0,033725;0,038;null;0,05;0,042466667;0,054875;0,04455;0,041066667;0,0335
Обухів;5013060;Оксид вуглецю;0,6;0,5;0,6;null;0,85;0,65;0,7;0,75;0,85;0,65;null;0,55;0,65;0,5;0,65;0,85;0,6;null;0,75;0,65;0,75;0,6;0,8;0,75;null;0,6;0,65;0,6;0,5;0,7;0,75
Обухів;5013060;Дiоксид азоту;0,065125;0,070175;0,051475;null;0,0772;0,07095;0,057925;0,078225;0,072175;0,06215;null;0,0699;0,069225;0,074;0,061525;0,064075;0,06645;null;0,091175;0,0962;0,094225;0,06835;0,050675;0,0608;null;0,084433333;0,065233333;0,08575;0,06315;0,0648;0,05425
Українка;5023080;Завислі речовини;0,036;0,0545;0,054;null;0,055;0,073;0,034;0,055;0,055;0,035;null;0,0725;0,0535;0,0715;0,071;0,0545;0,0365;null;0,074;0,036;0,0555;0,056;0,072;0,0545;null;0,036;null;0,0545;0,074;0,072;0,071
Українка;5023081;Дiоксид сiрки;0,04745;0,04135;0,044675;null;0,048925;0,05295;0,060975;0,0347;0,039075;0,056725;null;0,047475;0,05355;0,06325;0,050725;0,0478;0,0543;null;0,053825;0,0438;0,0542;0,0567;0,053225;0,05435;null;0,047966667;0,04755;0,04065;0,06665;0,01785;0,035866667
Українка;5023082;Оксид вуглецю;0,81;0,965;0,82;null;0,98;1,41;0,625;0,745;0,91;0,96;null;0,48;1,045;0,74;1,11;0,76;1,895;null;1,06;0,86;1,76;2,595;1,625;1,125;null;1,1;null;1,265;1,29;1,09;0,72
Українка;5023083;Дiоксид азоту;0,092475;0,09155;0,088725;null;0,106075;0,0715;0,088875;0,0939;0,080225;0,096175;null;0,0791;0,083125;0,101725;0,092075;0,089;0,099375;null;0,10215;0,083433333;0,09875;0,100725;0,096175;0,098025;null;0,0881;0,0894;0,071025;0,1383;0,035;0,066733333
Житомир;5022870;Завислі речовини;0,08375;0,08375;0,0735;null;0,092;0,0735;0,10125;0,10175;0,08175;0,09225;null;0,082;0,09125;0,099;0,0915;0,10125;0,129;null;0,075;0,0745;0,11325;0,11975;0,0905;0,073;null;0,0935;0,11075;0,11925;0,1205;0,083;0,0925
Житомир;5022871;Дiоксид сiрки;0,035425;0,041;0,036325;null;0,0391625;0,04095;0,0422125;0,039125;0,0367125;0,038275;null;0,037;0,03525;0,0365;0,04035;0,040625;0,046875;null;0,0408625;0,04005;0,0410625;0,039375;0,0393;0,036125;null;0,036975;0,0428375;0,0405625;0,0424125;0,0390125;0,0396
Житомир;5022872;Оксид вуглецю;0,38;0,64;0,53;null;0,6525;0,4925;0,54;0,53;0,5775;0,5;null;0,55;0,49;0,5075;0,7325;0,5725;0,5725;null;0,64;1,0425;0,9275;0,6275;0,5225;0,62;null;0,8175;0,58;0,5775;0,54;0,5775;0,555
Житомир;5022873;Дiоксид азоту;0,0839;0,0897;0,0805625;null;0,088575;0,08885;0,094975;0,1005375;0,1014875;0,1014;null;0,10555;0,1081375;0,1032625;0,105675;0,1082625;0,1447375;null;0,1157;0,1070875;0,1132625;0,1091875;0,111175;0,1184;null;0,10815;0,111025;0,1046625;0,1165125;0,117625;0,1148125
Чернігів;5143130;Завислі речовини;0,1235;0,1235;0,10925;null;0,12475;0,0825;0,0955;0,13625;0,123;0,095;null;0,10825;0,108;0,1205;0,1215;0,13675;0,12425;null;0,11125;0,12525;0,13875;0,15225;0,0945;0,06775;null;0,08225;0,07475;0,082;0,1085;0,10925;0,10825
Чернігів;5143131;Дiоксид сiрки;0,043025;0,0433875;0,044725;null;0,046275;0,0460125;0,046125;0,0481125;0,0488375;0,047925;null;0,03895;0,0488375;0,0399;0,0415;0,0403125;0,048;null;0,0455875;0,0432625;0,04395;0,042775;0,045875;0,044925;null;0,040525;0,05165;0,048575;0,05215;0,0438125;0,0556125
Чернігів;5143132;Оксид вуглецю;0,3925;0,415;0,435;null;0,315;0,4175;0,305;0,27;0,32;0,3175;null;0,2825;0,27;0,285;0,3075;0,3825;0,35;null;0,32;0,3075;0,37;0,355;0,3375;0,3575;null;0,365;0,35;0,33;0,31;0,3475;0,375
Чернігів;5143133;Дiоксид азоту;0,1087625;0,1029375;0,1008125;null;0,1137625;0,103975;0,098225;0,1039375;0,0847875;0,0913625;null;0,0928625;0,1067875;0,0964375;0,1056875;0,0913;0,1064;null;0,1237375;0,102225;0,1176375;0,1442;0,1074125;0,08425;null;0,1110125;0,109925;0,094875;0,1133625;0,111425;0,1196125
;;;;;;;;;;;;;;;;;;;;;;;;;;;;;;;;;
;;;;;;;;;;;;;;;;;;;;;;;;;;;;;;;;;
;;;;;;;;;;;;;;;;;;;;;;;;;;;;;;;;;
;;;;;;;;;;;;;;;;;;;;;;;;;;;;;;;;;
;;;;;;;;;;;;;;;;;;;;;;;;;;;;;;;;;
;;;;;;;;;;;;;;;;;;;;;;;;;;;;;;;;;
;;;;;;;;;;;;;;;;;;;;;;;;;;;;;;;;;
;;;;;;;;;;;;;;;;;;;;;;;;;;;;;;;;;
;;;;;;;;;;;;;;;;;;;;;;;;;;;;;;;;;
;;;;;;;;;;;;;;;;;;;;;;;;;;;;;;;;;
;;;;;;;;;;;;;;;;;;;;;;;;;;;;;;;;;
;;;;;;;;;;;;;;;;;;;;;;;;;;;;;;;;;
;;;;;;;;;;;;;;;;;;;;;;;;;;;;;;;;;
;;;;;;;;;;;;;;;;;;;;;;;;;;;;;;;;;
;;;;;;;;;;;;;;;;;;;;;;;;;;;;;;;;;
;;;;;;;;;;;;;;;;;;;;;;;;;;;;;;;;;
;;;;;;;;;;;;;;;;;;;;;;;;;;;;;;;;;
;;;;;;;;;;;;;;;;;;;;;;;;;;;;;;;;;
;;;;;;;;;;;;;;;;;;;;;;;;;;;;;;;;;
;;;;;;;;;;;;;;;;;;;;;;;;;;;;;;;;;
;;;;;;;;;;;;;;;;;;;;;;;;;;;;;;;;;
;;;;;;;;;;;;;;;;;;;;;;;;;;;;;;;;;
;;;;;;;;;;;;;;;;;;;;;;;;;;;;;;;;;
;;;;;;;;;;;;;;;;;;;;;;;;;;;;;;;;;
;;;;;;;;;;;;;;;;;;;;;;;;;;;;;;;;;
;;;;;;;;;;;;;;;;;;;;;;;;;;;;;;;;;
;;;;;;;;;;;;;;;;;;;;;;;;;;;;;;;;;
;;;;;;;;;;;;;;;;;;;;;;;;;;;;;;;;;
