city;coordinateNumber;nameImpurity;1December;2December;3December;4December;5December;6December;7December;8December;9December;10December;11December;12December;13December;14December;15December;16December;17December;18December;19December;20December;21December;22December;23December;24December;25December;26December;27December;28December;29December;30December;31December;
Київ;5053050;Завислі речовини;null;0,067090909;0,066571429;0,066222222;0,06615;0,067045455;0,070875;null;0,07124;0,069916667;0,069227273;0,069653846;0,07;0,06864;null;0,07075;0,072038462;0,07244;0,072291667;0,073458333;0,072583333;null;0,071913043;0,070625;0,069608696;0,06916;0,069791667;0,072230769;null;0,071192308;0,070384615;
Київ;5053050;Дiоксид сiрки;null;0,073354839;0,07655;0,074975;0,076112903;0,078802857;0,078373684;null;0,079802632;0,080141026;0,081647368;0,0865;0,0996175;0,089007692;null;0,0846;0,093947368;0,089308333;0,089052941;0,095638235;0,086482353;null;0,090387097;0,0869125;0,088691176;0,085386111;0,086687879;0,092463158;null;0,090018421;0,094573684;
Київ;5053050;Сульфати;null;null;null;null;null;null;0,0105;null;0,0135;0,014;0,015;0,013;0,0165;0,0135;null;0,014;0,0155;0,018;0,019;0,02;0,0165;null;0,0195;0,021;0,0165;0,0175;0,019;0,015;null;0,017;0,0175;
Київ;5053050;Оксид вуглецю;null;0,906538462;0,685;0,770714286;0,685;0,790357143;0,719;null;0,783666667;0,924;0,952;0,9209375;0,82125;0,5615625;null;0,773333333;0,816;0,983333333;0,839666667;1,104666667;0,813;null;0,93862069;0,964666667;0,984666667;0,861724138;0,863928571;0,725333333;null;0,813333333;0,811333333;
Київ;5053050;Дiоксид азоту;null;0,064225806;0,068688235;0,066890625;0,067970968;0,074745714;0,074868421;null;0,070647368;0,065033333;0,065718421;0,063689744;0,064685;0,061428205;null;0,069635897;0,079068421;0,083783333;0,085670588;0,082555882;0,081332353;null;0,086580645;0,08396875;0,085814706;0,081716667;0,083751515;0,084568421;null;0,083347368;0,08005;
Київ;5053050;Сiрководень;null;0,0017;0,001883333;0,0017;0,001616667;0,002416667;0,002133333;null;0,002066667;0,001866667;0,0019;0,001883333;0,001616667;0,001516667;null;0,00195;0,002075;0,001775;0,002025;0,002025;0,0018;null;0,00194;0,002083333;0,001816667;0,001683333;0,001916667;0,0018;null;0,001933333;0,001983333;
Київ;5053050;Фенол;null;0,002472727;0,002254545;0,00218;0,001981818;0,001927273;0,001976923;null;0,002228571;0,002207692;0,0019;0,002053846;0,002169231;0,002130769;null;0,00217;0,002341667;0,002145455;0,00234;0,00216;0,00219;null;0,00237;0,00205;0,002;0,002233333;0,002133333;0,002025;null;0,002091667;0,001908333;
Київ;5053050;Фтористий водень;null;0,00084;0,000544444;0,000575;0,00064;0,0008125;0,0008;null;0,00071;0,000522222;0,00065;0,000757143;0,000630769;0,000615385;null;0,000627273;0,000908333;0,000745455;0,00085;0,000775;0,0006625;null;0,000933333;0,00075;0,000872727;0,000728571;0,000621429;0,000671429;null;0,000678571;0,000764286;
Київ;5053050;Хлористий водень;null;0,061308333;0,05856875;0,061013333;0,0605875;0,061606667;0,051344444;null;0,060511111;0,061805556;0,055276471;0,05954;0,05883;0,058421053;null;0,060088889;0,062522222;0,065388889;0,0699;0,06885;0,056855556;null;0,0624;0,059092857;0,058630769;0,05506;0,06094375;0,056635;null;0,05915;0,06041;
Київ;5053050;Амiак;null;0,008306667;0,007870588;0,007153333;0,007617647;0,00838125;0,007776471;null;0,0079;0,0078;0,00728125;0,0077;0,008258824;0,00775625;null;0,007766667;0,0075875;0,00764;0,00705;0,007442857;0,007171429;null;0,008058333;0,007983333;0,007576923;0,007192857;0,007071429;0,00799375;null;0,00811875;0,0077125;
Київ;5053050;Формальдегiд;null;0,003725714;0,003594286;0,003417647;0,003761765;0,003657143;0,002958974;null;0,00267561;0,0025575;0,002566667;0,002776744;0,002993023;0,002223256;null;0,001628571;0,001579545;0,002888372;0,00266;0,0026525;0,0026625;null;0,002866667;0,003080556;0,002711111;0,002812821;0,003156757;0,002597619;null;0,00315;0,003235714;
Вінниця;4922860;Завислі речовини;null;0;0;0;0;0;0;null;0;0;0;0;0;0;null;0;0;0;0;0,075;0,075;null;0,05;0;0;null;null;null;null;null;null;
Вінниця;4922860;Дiоксид сiрки;null;0;0;0,00025;0;0,0005125;0;null;0,0005;0,0005;0,0007625;0;0;0,0012875;null;0;0;0,0018;0,001025;0,001275;0;null;0,000775;0,00025;0,001;null;null;null;null;null;null;
Вінниця;4922860;Оксид вуглецю;null;1,05;0,975;0,9;0,925;0,925;0,8;null;0,9;0,9;1,15;0,95;0,875;1,05;null;0,85;0,7;1,1;1,275;1,25;1,166666667;null;1,55;1,35;0,95;null;null;null;null;null;null;
Вінниця;4922860;Дiоксид азоту;null;0,0306125;0,060525;0,0781125;0,0719375;0,0502875;0,0666625;null;0,0496;0,0261625;0,0251;0,0324875;0,033675;0,05465;null;0,0475625;0,04215;0,04135;0,04035;0,037075;0,030925;null;0,0269625;0,0321875;0,02035;null;null;null;null;null;null;
Вінниця;4922860;Фтористий водень;null;0,005275;0,0017875;0,01635;0,002475;0,0014375;0,0053375;null;0,007025;0;0,006025;0,0039375;0,002825;0,0071125;null;0,0014125;0,0018125;0,0003625;0,003975;0,0018;0,0134625;null;0,0046875;0,0102625;0,0020875;null;null;null;null;null;null;
Вінниця;4922860;Амiак;null;0,0088;0,012525;0,00715;0,012425;0,017875;0,01795;null;0,00355;0,003525;0,014225;0,017925;0,01245;0,0125;null;0,00535;0,01275;0,012525;0,005375;0,0054;0,007075;null;0;0,003525;0,003525;null;null;null;null;null;null;
Вінниця;4922860;Формальдегiд;null;0,00385;0,00585;0;0,0193;0,00195;0,00775;null;0,01155;0,00575;0,0097;0,01365;0,0077;0;null;0,00395;0,0099;0,00975;0,0157;0;0,01555;null;0,00195;0,00385;0,0134;null;null;null;null;null;null;
Луцьк;5082530;Завислі речовини;null;0,083333333;0,05;0,033333333;0,066666667;0,1;0,033333333;null;0,05;0,033333333;0,066666667;0,05;0,116666667;0,05;null;0,033333333;0,05;0,066666667;0,066666667;0,083333333;0,033333333;null;0,05;0,083333333;0,05;0,033333333;0,05;0;null;0,05;0,05;
Луцьк;5082530;Дiоксид сiрки;null;0,002308333;0,001866667;0,00215;0,002091667;0,002491667;0,002466667;null;0,00235;0,0023;0,001666667;0,001791667;0,001491667;0,001041667;null;0,001825;0,001858333;0,0018;0,00105;0,0016;0,00165;null;0,001983333;0,0018;0,002108333;0,002483333;0,001641667;0,001683333;null;0,002258333;0,001808333;
Луцьк;5082530;Сульфати;null;0,01;0,01;0,01;0,01;0,01;0;null;0,005;0,01;0,005;0,01;0,01;0,005;null;0;0,005;0,01;0,01;0,01;0,005;null;0,01;0,005;0;0,005;0,005;0;null;0,01;0,01;
Луцьк;5082530;Оксид вуглецю;null;0,333333333;0;0;0;0;0;null;0,5;0;0;0;0,333333333;0;null;0;0,166666667;0,166666667;0;0,333333333;0;null;0,5;0;0;0;0,333333333;0;null;0,166666667;0,333333333;
Луцьк;5082530;Дiоксид азоту;null;0,091391667;0,062783333;0,0614;0,055625;0,059466667;0,04815;null;0,068941667;0,075308333;0,06215;0,057191667;0,049533333;0,033658333;null;0,055483333;0,076408333;0,093441667;0,074383333;0,046941667;0,043125;null;0,053183333;0,052783333;0,047816667;0,060525;0,048375;0,044791667;null;0,061916667;0,051458333;
Луцьк;5082530;Оксид азоту;null;0,029775;0,026925;0,03085;0,03295;0,03235;0,03045;null;0,029975;0,03275;0,027;0,01265;0,019025;0,01805;null;0,024175;0,038775;0,055225;0,026175;0,019225;0,026475;null;0,0176;0,0227;0,02415;0,020725;0,0188;0,012275;null;0,0217;0,017825;
Луцьк;5082530;Фенол;null;0,005183333;0,0051;0,005475;0,005608333;0,00585;0,00465;null;0,005841667;0,006683333;0,005808333;0,006041667;0,005983333;0,004833333;null;0,0052;0,00495;0,00625;0,005416667;0,005433333;0,00495;null;0,005533333;0,0059;0,006075;0,00505;0,006516667;0,004783333;null;0,007025;0,006316667;
Луцьк;5082530;Формальдегiд;null;0,00335;0,00615;0,007325;0,003025;0,003625;0,0026;null;0,0033375;0,00315;0,002275;0,0029375;0,00335;0,0028375;null;0,003225;0,0041;0,005475;0,0078;0,0049125;0,001975;null;0,0025375;0,0032875;0,006575;0,0080625;0,0055875;0,004;null;0,0049125;0,0041;
Ужгород;4862230;Завислі речовини;null;0,195;0,215;0,225;0,24;0,225;0,265;null;0,2025;0,2175;0,1925;0,16;0,2025;0,245;null;0,225;0,2375;0,2175;0,23;0,235;0,205;null;0,225;0,165;0,1975;0,22;0,2075;0,2;null;0,195;0,2125;
Ужгород;4862230;Дiоксид сiрки;null;0,013;0,012375;0,01425;0,015375;0,014125;0,013625;null;0,01375;0,014125;0,009375;0,0115;0,014875;0,0175;null;0,015;0,011625;0,011625;0,0135;0,0155;0,01375;null;0,014625;0,01225;0,01325;0,013875;0,015375;0,0135;null;0,0135;0,014625;
Ужгород;4862230;Сульфати;null;0,0055;0,003;0,0055;0,0055;0,0055;0,0065;null;0,0065;0,004;0,0045;0,0045;0,007;0,0075;null;0,008;0,006;0,011;0,0165;0,007;0,006;null;0,01;0,012;0,012;0,0075;0,008;0,01;null;0,0105;0,0095;
Ужгород;4862230;Оксид вуглецю;null;1,2775;1,04;1,14;1,275;0,89;0,9125;null;1,0675;0,7575;0,7425;0,75;1,12;0,9575;null;1,0425;1,43;1,0975;1,095;1;0,995;null;0,965;0,7625;0,705;1,0375;1;1,1125;null;0,845;0,925;
Ужгород;4862230;Дiоксид азоту;null;0,04825;0,099375;0,072375;0,06275;0,05175;0,063625;null;0,092375;0,0535;0,041375;0,051625;0,055375;0,066625;null;0,052125;0,042625;0,038375;0,0585;0,055625;0,062625;null;0,050375;0,044375;0,051875;0,05525;0,065875;0,08875;null;0,053;0,072;
Ужгород;4862230;Оксид азоту;null;0,02725;0,05375;0,037;0,04175;0,05025;0,0365;null;0,0755;0,03475;0,023;0,039;0,03475;0,055;null;0,03525;0,02975;0,0225;0,03775;0,03475;0,0405;null;0,03475;0,0215;0,0265;0,0375;0,03125;0,045;null;0,038;0,037;
Ужгород;4862230;Формальдегiд;null;0,006375;0,005375;0,006125;0,0075;0,00675;0,006875;null;0,007875;0,00725;0,004625;0,004625;0,006375;0,006375;null;0,006625;0,004625;0,005125;0,005125;0,005875;0,004375;null;0,005375;0,006125;0,006;0,006125;0,007;0,0075;null;0,007;0,006625;
Запоріжжя;4793510;Завислі речовини;null;0,07;0,07;0,07;0,04;0,1;0,09;null;0,1;0,06;0,13;0,15;0,09;0,05;null;0,11;0,09;0,08;0,1;0,09;0,11;null;0,09;0,14;0,17;0,14;0,12;0,14;null;0,08;0,06;
Запоріжжя;4793510;Дiоксид сiрки;null;0,0078;0,008192857;0,008314286;0,008614286;0,006207143;0,005471429;null;0,006353846;0,007221429;0,008435714;0,006621429;0,0061;0,00525;null;0,006315385;0,007014286;0,005328571;0,006035714;0,007457143;0,007078571;null;0,007138462;0,008471429;0,0084;0,007335714;0,0072;0,007371429;null;0,006415385;0,00625;
Запоріжжя;4793510;Сульфати;null;0,01;0,01;0,01;0,01;0,015;0,01;null;0,01;0,015;0,01;0,01;0,015;0,01;null;0,01;0,01;0,01;0,01;0,01;0,01;null;0,01;0,02;0,02;0,015;0,015;0,01;null;0,015;0,055;
Запоріжжя;4793510;Оксид вуглецю;null;0,43;0,41;0,38;0,53;0,55;0,32;null;0,56;0,49;0,45;0,43;0,33;0,47;null;0,44;0,44;0,41;0,51;0,58;0,48;null;0,62;0,56;0,57;0,37;0,24;0,33;null;0,48;0,49;
Запоріжжя;4793510;Дiоксид азоту;null;0,074476923;0,083985714;0,069328571;0,067721429;0,0708;0,053285714;null;0,052792308;0,077242857;0,064592857;0,055757143;0,05825;0,050457143;null;0,055669231;0,067492857;0,059907143;0,054885714;0,0636;0,059757143;null;0,060215385;0,075142857;0,094014286;0,065835714;0,060557143;0,058242857;null;0,056930769;0,048221429;
Запоріжжя;4793510;Оксид азоту;null;0,047333333;0,047566667;0,0363;0,046833333;0,0385;0,030133333;null;0,0452;0,052233333;0,039466667;0,0368;0,039133333;0,036633333;null;0,032633333;0,039866667;0,0327;0,032366667;0,033166667;0,030866667;null;0,041733333;0,0414;0,0475;0,036333333;0,040466667;0,0495;null;0,0389;0,0344;
Запоріжжя;4793510;Сiрководень;null;0,003666667;0,003654545;0,003536364;0,003409091;0,002881818;0,002727273;null;0,003;0,002727273;0,003163636;0,003381818;0,002618182;0,002563636;null;0,003011111;0,003318182;0,003081818;0,002890909;0,002672727;0,002572727;null;0,002777778;0,003245455;0,003163636;0,003218182;0,002981818;0,002945455;null;0,003066667;0,002781818;
Запоріжжя;4793510;Фенол;null;0,006277778;0,00674;0,0064;0,00568;0,00496;0,00621;null;0,005122222;0,00612;0,0051;0,00437;0,00507;0,00426;null;0,004333333;0,00464;0,00531;0,00494;0,00564;0,00608;null;0,005844444;0,00704;0,00842;0,0072;0,00765;0,00597;null;0,006055556;0,00466;
Запоріжжя;4793510;Фтористий водень;null;0,0002;0;0;0;0;0;null;0;0;0;0;0;0;null;0;0;0;0;0;0;null;0;0,000525;0,0012;0,0004;0,0003;0,00015;null;0;0;
Запоріжжя;4793510;Хлористий водень;null;0,04755;0,038275;0,0439125;0,0365;0,0390125;0,028225;null;0,041016667;0,0409375;0,0363;0,0421;0,0385625;0,0418375;null;0,0397;0,040475;0,039925;0,0344875;0,0353375;0,0352125;null;0,048533333;0,043575;0,0407125;0,0402875;0,042525;0,0392875;null;0,0412;0,0368875;
Запоріжжя;4793510;Формальдегiд;null;0,002966667;0,00475;0,005325;0,00515;0,0061;0,005825;null;0,007566667;0,0059;0,00625;0,005725;0,005925;0,00505;null;0,005966667;0,004875;0,00575;0,0071;0,006775;0,00565;null;0,005333333;0,00685;0,007125;0,005025;0,00655;0,004725;null;0,005066667;0,004575;
Івано-Франківськ;4892470;Завислі речовини;null;0,14;0,15;0,14;0,145;0,16;0,14;null;0,15;0,155;0,145;0,145;0,15;0,14;null;0,105;0,15;0,11;0,145;0,155;0,145;null;null;null;null;null;null;null;null;null;null;
Івано-Франківськ;4892470;Дiоксид сiрки;null;0,0015;0,00225;0,0172;0,0041;0,002625;0,00225;null;0,0015;0,001875;0,00225;0,003;0,00225;0,0015;null;0,0042;0,0027;0,002275;0,0019;0,00425;0,02155;null;null;null;null;null;null;null;null;null;null;
Івано-Франківськ;4892470;Оксид вуглецю;null;1,55;1,85;1,75;2,05;1,8;1,85;null;2;1,95;1,8;1,8;1,85;1,65;null;1,4;2,2;1,4;1,55;1,8;1,8;null;null;null;null;null;null;null;null;null;null;
Івано-Франківськ;4892470;Дiоксид азоту;null;0,029825;0,037525;0,037375;0,0577;0,0576;0,04085;null;0,0347;0,035;0,03665;0,0455;0,039675;0,037325;null;0,053;0,041725;0,035025;0,03585;0,037825;0,046175;null;null;null;null;null;null;null;null;null;null;
Івано-Франківськ;4892470;Оксид азоту;null;0,021825;0,026125;0,0253;0,036925;0,036875;0,027425;null;0,02295;0,024175;0,0252;0,03165;0,0205;0,02455;null;0,0382;0,0362;0,0275;0,023275;0,024925;0,025525;null;null;null;null;null;null;null;null;null;null;
Дніпро;4863510;Завислі речовини;null;0,1875;0,225;0,25;0,25;0,2;0,25;null;0,3125;0,1875;0,1875;0,15;0,2125;0,2125;null;0,2;0,1375;0,175;0,1875;0,2;0,175;null;0,2125;0,2;0,2375;0,225;0,175;0,15;null;0,2125;0,175;
Дніпро;4863510;Дiоксид сiрки;null;0,012833333;0,012318182;0,010708333;0,010458333;0,009695652;0,012541667;null;0,011666667;0,011043478;0,010791667;0,015666667;0,016782609;0,015833333;null;0,011611111;0,013083333;0,01675;0,011791667;0,0105;0,012083333;null;0,012333333;0,010125;0,009521739;0,010041667;0,009958333;0,009375;null;0,008388889;0,009111111;
Дніпро;4863510;Оксид вуглецю;null;1,916666667;2,25;2,083333333;1,916666667;2,25;1,916666667;null;2,25;2,083333333;1,916666667;3,083333333;2,333333333;2,583333333;null;2,25;2,272727273;1,916666667;2,166666667;2,666666667;2,166666667;null;2,230769231;1,666666667;1,916666667;1,833333333;2,166666667;1,833333333;null;1,916666667;1,833333333;
Дніпро;4863510;Дiоксид азоту;null;0,067222222;0,055;0,047916667;0,054583333;0,053478261;0,055833333;null;0,063888889;0,06173913;0,059583333;0,053333333;0,053478261;0,053333333;null;0,055555556;0,0475;0,050416667;0,057916667;0,062916667;0,059583333;null;0,057777778;0,055416667;0,05;0,054583333;0,056666667;0,060416667;null;0,056111111;0,05;
Дніпро;4863510;Оксид азоту;null;0,026666667;0,035;0,0225;0,03;0,033333333;0,025;null;0,036666667;0,036666667;0,0175;0,0325;0,033333333;0,03;null;0,03;0,03;0,0275;0,0325;0,035;0,0375;null;0,033333333;0,025;0,03;0,055;0,035;0,03;null;0,033333333;0,03;
Дніпро;4863510;Сiрководень;null;0,001333333;0,001409091;0,001375;0,001958333;0,001652174;0,001;null;0,002333333;0,000391304;0,00075;0,003958333;0,003391304;0,002916667;null;0,001277778;0,001083333;0,003208333;0,001291667;0,001166667;0,002791667;null;0,002833333;0,00125;0,001347826;0,002125;0,001416667;0,001583333;null;0,001166667;0,001666667;
Дніпро;4863510;Фенол;null;0,001;0,00125;0,001416667;0,001416667;0,002;0,001583333;null;0,001777778;0,002916667;0,001916667;0,002833333;0,002916667;0,0005;null;0,002111111;0,002666667;0,0025;0,002;0,00275;0,0025;null;0,003555556;0,002;0,002;0,001916667;0,001083333;0,001333333;null;0,001;0,002;
Дніпро;4863510;Амiак;null;0,026666667;0,03625;0,02375;0,03625;0,035;0,03125;null;0,031666667;0,02625;0,035;0,04625;0,04;0,025;null;0,036666667;0,0375;0,04125;0,03875;0,03375;0,04125;null;0,038333333;0,0275;0,0375;0,03;0,03;0,03375;null;0,021666667;0,023333333;
Дніпро;4863510;Формальдегiд;null;0,009;0,01;0,009166667;0,0085;0,009833333;0,01075;null;0,009666667;0,0115;0,01075;0,010166667;0,009;0,008166667;null;0,010777778;0,01;0,009333333;0,010166667;0,0125;0,012333333;null;0,011555556;0,011083333;0,010916667;0,0115;0,00975;0,00975;null;0,009111111;0,009222222;
Кривий Ріг;4793340;Завислі речовини;null;0,28;0,26;0,3;0,25;0,01;0,18;null;0,08;0;0;0,08;0,2;0,04;null;0,03;0,05;0,14;0,22;0,26;0,12;null;0,06;0,11;0,19;0,2;0,21;0,23;null;null;null;
Кривий Ріг;4793340;Дiоксид сiрки;null;0,027;0,029846154;0,024923077;0,030692308;0,037692308;0,030230769;null;0,0215;0,015538462;0,006153846;0,015;0,018692308;0,016076923;null;0,0157;0,017307692;0,020153846;0,033461538;0,039230769;0,018846154;null;0,0355;0,023307692;0,019538462;0,023615385;0,021230769;0,022384615;null;null;null;
Кривий Ріг;4793340;Оксид вуглецю;null;1,1;1,3;1;1,6;2,1;1,3;null;1;1,1;1,5;0,9;1;1;null;1;1;1;1,3;1,7;1;null;1;1;1;1;1;1,1;null;null;null;
Кривий Ріг;4793340;Дiоксид азоту;null;0,036;0,03;0,028461538;0,020769231;0,043846154;0,030769231;null;0,023;0,024615385;0,030769231;0,016153846;0,016153846;0,023076923;null;0,016;0,020769231;0,02;0,034615385;0,045384615;0,022307692;null;0,024;0,025384615;0,025384615;0,02;0,026923077;0,020769231;null;null;null;
Кривий Ріг;4793340;Оксид азоту;null;0,02;0,016666667;0,02;0,01;0,033333333;0,023333333;null;0,015;0,013333333;0,013333333;0,006666667;0,01;0,013333333;null;0,005;0,01;0,01;0,02;0,023333333;0,016666667;null;0,015;0,013333333;0,02;0,013333333;0,02;0,013333333;null;null;null;
Кривий Ріг;4793340;Сiрководень;null;0,0013;0,0012;0,0011;0,0012;0,0018;0,0014;null;0,0008;0,0008;0,0014;0,0007;0,0007;0,0006;null;0,0007;0,0009;0,0008;0,0014;0,0015;0,0011;null;0,001;0,001;0,0011;0,0009;0,0009;0,0009;null;null;null;
Кривий Ріг;4793340;Фенол;null;0,001933333;0,00235;0,00185;0,0023;0,0032;0,00255;null;0,001266667;0,00135;0,0022;0,00115;0,00115;0,0012;null;0,001;0,00145;0,0014;0,0026;0,0032;0,00175;null;0,002;0,0017;0,00145;0,0013;0,0012;0,00115;null;null;null;
Кривий Ріг;4793340;Амiак;null;0,010666667;0,0105;0,01;0,0105;0,013;0,0115;null;0,008666667;0,0095;0,0095;0,0085;0,009;0,0075;null;0,008666667;0,0095;0,0095;0,01;0,0115;0,0115;null;0,01;0,01;0,0095;0,0095;0,01;0,0085;null;null;null;
Кривий Ріг;4793340;Формальдегiд;null;0,0106;0,01055;0,01075;0,01095;0,01335;0,01155;null;0,011733333;0,01125;0,0113;0,0069;0,00845;0,01065;null;0,009866667;0,0106;0,01065;0,0149;0,0174;0,01085;null;0,009666667;0,011;0,01135;0,01045;0,01075;0,0128;null;null;null;
Кам'янське;4853460;Завислі речовини;null;0,120875;0,0764;0,12735;0,13095;0,0504;0,125725;null;0,1739125;0,028875;0,0129375;0,0319;0;0;null;0,0319125;0,0193125;0,0448875;0,0479625;0,1013125;0,1492625;null;0,1101625;0,14105;0,1911;0,19785;0,1873625;0,2023375;null;0,1533125;0,168025;
Кам'янське;4853460;Дiоксид сiрки;null;0,007625;0,009175;0,009225;0,007625;0,006075;0,006325;null;0,0073375;0,00475;0,0058375;0,0058375;0,0053625;0,0043375;null;0,005125;0,0049125;0,00655;0,0071875;0,00755;0,00685;null;0,004925;0,00455;0,0048625;0,006075;0,00555;0,005875;null;0,0055;0,006025;
Кам'янське;4853460;Оксид вуглецю;null;2,75;2,75;3;2,5;3;3,25;null;3,25;3,125;3,125;3,25;3,125;3;null;3,25;3,25;3,25;3,125;3,25;3,375;null;3,25;3,25;3,25;3,125;3,5;3,25;null;3,375;3,5;
Кам'янське;4853460;Дiоксид азоту;null;0,118016667;0,1090875;0,0989625;0,1213;0,13365;0,089375;null;0,111225;0,09423125;0,06465625;0,05918125;0,08004375;0,065925;null;0,080491667;0,08184375;0,07275625;0,12223125;0,1174875;0,10045;null;0,126258333;0,13989375;0,15696875;0,13044375;0,11880625;0,1019125;null;0,1021;0,10371875;
Кам'янське;4853460;Оксид азоту;null;null;null;null;null;null;null;null;0,044266667;0,05095;0,028;0,0292;0,040375;0,0327;null;0,0406;0,0345;0,040375;0,054925;0,054575;0,05015;null;0,059366667;0,064225;0,065175;0,08025;0,058325;0,047625;null;0,0588;0,048175;
Кам'янське;4853460;Сiрководень;null;0,0036;0,003757143;0,004528571;0,003914286;0,003542857;0,003771429;null;0,004172727;0,00372;0,00342;0,003053333;0,003873333;0,00226;null;0,004563636;0,003973333;0,004106667;0,0042;0,004486667;0,004546667;null;0,003654545;0,003326667;0,004493333;0,004107143;0,004307143;0,003764286;null;0,00445;0,004207143;
Кам'янське;4853460;Фенол;null;0,004516667;0,0049625;0,0054875;0,0045375;0,0028125;0,0044875;null;0,004591667;0,00335625;0,00486875;0,0046875;0,0043;0,0028625;null;0,00395;0,00396875;0,0036375;0,0043125;0,00553125;0,0047625;null;0,004366667;0,0036625;0,0044;0,00489375;0,00468125;0,0045625;null;0,003792857;0,0042875;
Кам'янське;4853460;Амiак;null;0,041;0,03895;0,050675;0,0426;0,043125;0,04335;null;0,0456125;0,035225;0,044125;0,041575;0,0373625;0,029675;null;0,029975;0,037225;0,0440125;0,039475;0,0458125;0,042;null;0,041625;0,0462125;0,0457625;0,0443625;0,045425;0,0445125;null;0,04705;0,039725;
Кам'янське;4853460;Формальдегiд;null;0,008725;0,0098;0,0098;0,0095;0,009725;0,009125;null;0,01055;0,0083;0,0089625;0,0103875;0,0071375;0,005825;null;0,006525;0,00565;0,007725;0,0083625;0,011075;0,0097375;null;0,0092125;0,011625;0,00825;0,00905;0,0085875;0,00785;null;0,0072;0,008875;
Кропивницький;4853220;Завислі речовини;null;0,2;0,15;0,133333333;0,166666667;0,15;0,216666667;null;0,166666667;0,233333333;0,166666667;0,166666667;0,2;0,183333333;null;0,2;0,166666667;0,133333333;0,166666667;0,133333333;0,133333333;null;0,15;0,133333333;0,2;0,183333333;0,183333333;0,166666667;null;0,15;0,166666667;
Кропивницький;4853220;Дiоксид сiрки;null;0,0191;0,015983333;0,015775;0,018975;0,016475;0,024833333;null;0,020611111;0,018833333;0,022158333;0,019916667;0,018725;0,020508333;null;0,0175;0,0191;0,014933333;0,023691667;0,021116667;0,015783333;null;0,0196;0,022708333;0,015116667;0,018041667;0,015383333;0,022775;null;0,013244444;0,018583333;
Кропивницький;4853220;Сульфати;null;0;0,005;0,01;0,01;0,005;0,005;null;0;0,01;0,005;0,01;0,005;0,01;null;0;0,01;0,005;0,01;0;0,01;null;0,01;0,005;0,01;0,005;0,005;0,01;null;0;0,005;
Кропивницький;4853220;Оксид вуглецю;null;2,166666667;1,333333333;1,333333333;1,333333333;1,5;1,333333333;null;1,666666667;1,666666667;1,666666667;1,666666667;2,5;1,5;null;2;1,5;1,333333333;1,5;1,5;1,666666667;null;1,5;1,5;2;1,5;1,833333333;2,333333333;null;2,333333333;1,666666667;
Кропивницький;4853220;Дiоксид азоту;null;0,026;0,032325;0,023658333;0,024841667;0,02725;0,023341667;null;0,029177778;0,027483333;0,027316667;0,030191667;0,028316667;0,033966667;null;0,030322222;0,02615;0,023075;0,032633333;0,024091667;0,02355;null;0,029788889;0,031316667;0,017258333;0,028016667;0,0348;0,026483333;null;0,023922222;0,032433333;
Кропивницький;4853220;Оксид азоту;null;0,009966667;0,018375;0,007875;0,01265;0,013625;0,01605;null;0,0204;0,0117;0,01675;0,021225;0,0139;0,02435;null;0,014133333;0,0152;0,008625;0,0185;0,013525;0,012525;null;0,011533333;0,020425;0,008525;0,0161;0,02115;0,0171;null;0,0153;0,016525;
Кропивницький;4853220;Сажа;null;0,031666667;0,033333333;0,03;0,028333333;0,025;0,021666667;null;0,025;0,02;0,026666667;0,035;0,028333333;0,023333333;null;0,02;0,023333333;0,028333333;0,021666667;0,013333333;0,028333333;null;0,03;0,023333333;0,026666667;0,023333333;0,021666667;0,026666667;null;0,016666667;0,025;
Кропивницький;4853220;Формальдегiд;null;0,004833333;0,002566667;0,0038;0,007033333;0,003033333;0,003033333;null;0,003066667;0,004366667;0,0062;0,0044;0,003333333;0,004333333;null;0,0052;0,004933333;0,004566667;0,0052;0,0029;0,0052;null;0,002566667;0,004566667;0,004566667;0,002366667;0,005066667;0,005066667;null;0,005566667;0,0041;
Світловодськ;4903340;Завислі речовини;null;null;0,05;0,1;0;0;0;null;0,05;0;0;0;0;null;null;0;0;0;0,05;0,05;null;null;0;0,05;0;0,05;0,05;null;null;null;0,1;
Світловодськ;4903340;Дiоксид сiрки;null;null;0,0209;0,010466667;0,0123;0,016466667;0,024933333;null;0,010366667;0,0355;0,0382;0,0169;0,0105;null;null;0,0105;0,0257;0,0503;0,027466667;0,0173;null;null;0,010433333;0,016766667;0,018666667;0,0245;0,043433333;null;null;null;0,0145;
Світловодськ;4903340;Сульфати;null;null;0,005;0,005;0;0,005;0;null;0,01;0,005;0;0;0;null;null;0;0;0;0;0,005;null;null;0,01;0,01;0,01;0,005;0;null;null;null;0,01;
Світловодськ;4903340;Оксид вуглецю;null;null;1,5;1;1,5;1,5;1;null;1;1;1,5;1;1;null;null;1;0,5;1;1;1;null;null;1,5;1;1;1;1;null;null;null;1;
Світловодськ;4903340;Дiоксид азоту;null;null;0,0204;0,061266667;0,02;0,033466667;0,0169;null;0,047233333;0,0476;0,038;0,020566667;0,023866667;null;null;0,0239;0,0349;0,0307;0,041033333;0,021133333;null;null;0,040766667;0,0068;0,040533333;0,033233333;0,033833333;null;null;null;0,033733333;
Світловодськ;4903340;Оксид азоту;null;null;0,0089;0,035533333;0,013033333;0,021866667;0,006633333;null;0,022;0,031066667;0,033766667;0,013433333;0,0267;null;null;0,013366667;0,031833333;0,024433333;0,015733333;0,036733333;null;null;0,030966667;0,0111;0,0352;0,028166667;0,019733333;null;null;null;0,028566667;
Світловодськ;4903340;Формальдегiд;null;null;0,001066667;0;0,001066667;0;0,001066667;null;0,001066667;0,002133333;0;0;0,003233333;null;null;0,0011;0,002166667;0,001066667;0;0;null;null;0,0011;0,001066667;0,002133333;0,002066667;0;null;null;null;0,003166667;
Львів;4982410;Завислі речовини;null;0,15625;0,14125;0,15375;0,156;0,15;0,1175;null;0,115;0,11625;0,11125;0,12625;0,15625;0,1575;null;0,08375;0,105;0,15625;0,16125;0,14875;0,1525;null;0,1325;0,1175;0,15625;null;null;null;null;null;null;
Львів;4982410;Дiоксид сiрки;null;0,0028125;0,003575;0,003375;0,003576923;0,004153333;0,00646875;null;0,0079;0,00396875;0,00399375;0,0033625;0,00366875;0,0037125;null;0,0030375;0,0029875;0,00421875;0,0032875;0,0033875;0,003825;null;0,00435625;0,0044625;0,00440625;null;null;null;null;null;null;
Львів;4982410;Оксид вуглецю;null;1,475;1,4375;1,5;1,5;1,4;1,45;null;1,3375;1,35;1,35;1,4625;1,525;1,4875;null;1,1225;1,3;1,45;1,4375;1,3875;1,625;null;1,4875;1,45;1,625;null;null;null;null;null;null;
Львів;4982410;Дiоксид азоту;null;0,03643125;0,0381875;0,042125;0,041;0,048426667;0,04673125;null;0,06133125;0,04725;0,045425;0,0461;0,03736875;0,04558125;null;0,0405375;0,04725625;0,0342125;0,044825;0,04245;0,04509375;null;0,046;0,0437125;0,04355625;null;null;null;null;null;null;
Львів;4982410;Оксид азоту;null;0,0275875;0,021125;0,0211125;0,01995;0,029071429;0,0331125;null;0,0382375;0,0274;0,0290375;0,0308;0,0257;0,0269;null;0,0313125;0,022525;0,0214625;0,0193;0,0229625;0,0188375;null;0,0282125;0,02375;0,0267125;null;null;null;null;null;null;
Львів;4982410;Фтористий водень;null;0,0038375;0,00455625;0,00391875;0,003461538;0,004186667;0,00415625;null;0,0044625;0,0052375;0,0052;0,0051625;0,00463125;0,00426875;null;0,00425;0,00448125;0,00501875;0,00401875;0,004175;0,003825;null;0,0044125;0,0046625;0,0049;null;null;null;null;null;null;
Львів;4982410;Формальдегiд;null;0,0096375;0,01080625;0,0105375;0,010984615;0,00966;0,010425;null;0,010475;0,01088125;0,0115625;0,0128625;0,01388125;0,013475;null;0,01270625;0,01089375;0,01245;0,012375;0,01189375;0,011925;null;0,0112;0,0125375;0,0139375;null;null;null;null;null;null;
Миколаїв;4703200;Завислі речовини;null;0,075;0,0625;0,075;0,0875;0,075;0,05;null;0,0625;0,0875;0,075;0,0375;0,0875;0,075;null;0,0875;0,0625;0,1;0,15;0,1;0,075;null;0,05;0,1;0,1;0,05;0,05;0,075;null;0,1;0,15;
Миколаїв;4703200;Дiоксид сiрки;null;0,0041;0,0043;0,0048625;0,0061625;0,0048875;0,0044625;null;0,0060125;0,007075;0,0079125;0,005475;0,0038125;0,0072375;null;0,0054625;0,0006625;0,002;0,0027375;0,002375;0,0029125;null;0,00225;0,002125;0,002325;0,005425;0,00585;0,004525;null;0,005725;0,006175;
Миколаїв;4703200;Оксид вуглецю;null;1,375;1,25;1,571428571;1,25;1,25;0,875;null;1,5;1,625;1,5;1,375;1,375;0,75;0;0,875;1,625;1,125;1,375;1,5;1,5;null;1,75;2;0,75;0;0,25;0,5;null;0,5;1,5;
Миколаїв;4703200;Дiоксид азоту;null;0,04339375;0,0304625;0,02691875;0,03895625;0,0353;0,0254625;null;0,023875;0,03201875;0,04264375;0,042875;0,0485125;0,0214125;null;0,0258125;0,03344375;0,02251875;0,0136125;0,02129375;0,01746875;null;0,0277;0,046325;0,0204625;0,028175;0,0272;0,0261375;null;0,034;0,0417125;
Миколаїв;4703200;Оксид азоту;null;0,010125;0,0087;0,005675;0,007425;0,010525;0,01475;null;0,017425;0,0219;0,013275;0,017275;0,01885;0,013875;null;0,014725;0,0054;0,0308;0,01115;0,00975;0,010975;null;0,02365;0,02645;0,0125;0,0123;0,013375;0,016225;null;0,018125;0,02535;
Миколаїв;4703200;Фтористий водень;null;0,001975;0,0022125;0,001075;0,001675;0,0015375;0,0011375;null;0,00125;0,0017375;0,0014;0,0019625;0,003;0,0018625;null;0,0022;0,001475;0,0013875;0,0024625;0,0010625;0,001575;null;null;null;null;null;null;null;null;null;null;
Миколаїв;4703200;Формальдегiд;null;0,0070625;0,01580625;0,0109;0,0062625;0,01148125;0,0057875;null;0,00886875;0,00650625;0,0095;0,00566875;0,0042375;0,0078;null;0,0106125;0,01520625;0,010025;0,0052125;0,00706875;0,0073875;null;0,00885;0,0078875;0,0092125;0,0093375;0,0094875;0,0102125;null;0,0057625;0,0034;
Одеса;4643080;Завислі речовини;null;0,146916667;0,12275;0,123083333;0,11975;0,15275;0,196833333;null;0,115333333;0,10325;0,124666667;0,105;0,157714286;0,310833333;null;0,243166667;0,216166667;0,213416667;0,20325;0,17975;0,145416667;null;0,098583333;0,143916667;0,173333333;0,1865;0,15025;0,146583333;null;0,17625;0,18925;
Одеса;4643080;Дiоксид сiрки;null;0,03325;0,028294444;0,037372222;0,041555556;0,038011111;0,021811111;null;0,017238889;0,020238889;0,0185;0,020433333;0,015588889;0,0289;null;0,0211;0,023405556;0,03495;0,034783333;0,027516667;0,019983333;null;0,013622222;0,024027778;0,024933333;0,038761111;0,034783333;0,026172222;null;0,027611111;0,024038889;
Одеса;4643080;Сульфати;null;0,015;0,015;0,015;0,0205;0,0245;0,0225;null;0,011;0,014;0,011;0,0095;0,008;0,007;null;0,015;0,012;0,0145;0,017;0,017;0,0175;null;0,0135;0,016;0,0225;0,0205;0,021;0,0165;null;0,019;0,0185;
Одеса;4643080;Оксид вуглецю;null;1,625;1,525;1,7375;1,6625;1,6;1,5375;null;1,45;1,5625;1,4625;1,4375;1,45;1,475;null;1,4625;1,3875;1,5375;1,525;1,5;1,4875;null;1,425;1,5625;1,55;1,425;1,4625;1,475;null;1,525;1,475;
Одеса;4643080;Дiоксид азоту;null;0,040383333;0,04055;0,052244444;0,0737;0,062783333;0,039005556;null;0,034172222;0,043355556;0,040005556;0,0483;0,042011111;0,048273333;null;0,046705556;0,054494444;0,06235;0,057816667;0,058133333;0,043972222;null;0,029783333;0,040077778;0,046488889;0,064288889;0,052955556;0,04375;null;0,053305556;0,042144444;
Одеса;4643080;Оксид азоту;null;0,0227;0,021925;0,030625;0,0342;0,034375;0,019375;null;0,012275;0,025675;0,0406;0,033125;0,0264;0,0201;null;0,0264;0,030225;0,03015;0,031475;0,028625;0,028175;null;0,01695;0,036075;0,04255;0,054325;0,044425;0,020875;null;0,029625;0,037025;
Одеса;4643080;Сiрководень;null;0,00125;0,0012875;0,0011875;0,001225;0,0009625;0,001025;null;0,00155;0,00095;0,0010125;0,0011;0,001075;0,0021;null;0,00135;0,0013125;0,00175;0,001325;0,001475;0,0015875;null;0,0021;0,001475;0,001125;0,0008625;0,0009375;0,0012125;null;0,0011875;0,001325;
Одеса;4643080;Фенол;null;0,002861905;0,003333333;0,003261905;0,003647619;0,004033333;0,003890476;null;0,004;0,004038095;0,003738095;0,003228571;0,0025;0,00345;null;0,003090476;0,003090476;0,0031;0,0032;0,003557143;0,003271429;null;0,003542857;0,003528571;0,00352381;0,003514286;0,003061905;0,002685714;null;0,003004762;0,00387619;
Одеса;4643080;Сажа;null;0,04625;0,0475;0,05125;0,07;0,055;0,04375;null;0,01875;0,0225;0,0225;0,01875;0,028;0,05375;null;0,055;0,0475;0,04375;0,0425;0,04625;0,0425;null;0,0225;0,02875;0,03875;0,05;0,0475;0,06;null;0,05375;0,0525;
Одеса;4643080;Фтористий водень;null;0,0034375;0,0034875;0,0036875;0,0032625;0,00435;0,003125;null;0,00255;0,00345;0,003375;0,0021;0,003075;0,00595;null;0,00405;0,0036375;0,0053875;0,004125;0,0038125;0,00365;null;0,0074375;0,0043875;0,0032875;0,0032375;0,0027375;0,00315;null;0,0043625;0,0045125;
Одеса;4643080;Формальдегiд;null;0,007369231;0,005423077;0,006130769;0,007676923;0,006061538;0,005938462;null;0,007546154;0,005830769;0,006469231;0,005076923;0,004542857;0,0061;null;0,006092308;0,005684615;0,007869231;0,008407692;0,007507692;0,0075;null;0,010076923;0,007876923;0,008130769;0,007461538;0,006546154;0,006284615;null;0,005884615;0,006869231;
Полтава;4963460;Завислі речовини;null;0,15;0,15;0,1875;0,1125;0,1375;0,1625;null;0,1375;0,0125;0,0625;0,025;0,1875;0,3;null;0,075;0,05;0,1375;0,075;0,1125;0,1;null;0,1125;0,1125;0,175;0,175;0,1625;0,2;null;0,1125;0,1375;
Полтава;4963460;Дiоксид сiрки;null;0,004333333;0,005;0,00325;0,0035;0,001875;0,003;null;0,002916667;0,003;0,002875;0,003125;0,0055625;0,005875;null;0,002583333;0,0033125;0,0033125;0,00175;0,002875;0,0019375;null;0,0035;0,0029375;0,0030625;0,002375;0,003125;0,002875;null;0,002916667;0,0026875;
Полтава;4963460;Сульфати;null;0,01;0,01;0,01;0,01;0,005;0,005;null;0,01;0,005;0,005;0,01;0,01;0,02;null;0,005;0,005;0,01;0,01;0,015;0,005;null;0,005;0,005;0,01;0,005;0,01;0,015;null;0,01;0,005;
Полтава;4963460;Оксид вуглецю;null;1,111111111;1,888888889;1,555555556;1,333333333;0,777777778;0,75;null;0,444444444;0,555555556;0,777777778;0,777777778;1;0,75;null;0,444444444;0,888888889;0,777777778;1,111111111;1,222222222;1,25;null;1,777777778;2,333333333;1,333333333;1,666666667;1,111111111;1,5;null;1;1,111111111;
Полтава;4963460;Дiоксид азоту;null;0,04;0,035;0,029375;0,0275;0,023125;0,025;null;0,0375;0,031875;0,0225;0,024375;0,02375;0,0225;null;0,031666667;0,02375;0,0225;0,041875;0,03875;0,0275;null;0,040833333;0,02875;0,026875;0,024375;0,020625;0,02;null;0,036666667;0,028125;
Полтава;4963460;Оксид азоту;null;0,016666667;0,0175;0,0225;0,0175;0,0175;0,01;null;0,026666667;0,0175;0,0125;0,015;0,01;0,01;null;0,013333333;0,01;0,015;0,02;0,025;0,015;null;0,023333333;0,0175;0,0175;0,01;0,0175;0,005;null;0,016666667;0,01;
Полтава;4963460;Фтористий водень;null;0,001833333;0,001;0,00175;0,002125;0,001125;0,001;null;0,0015;0,00175;0,00175;0,001375;0,001125;0,001;null;0,002333333;0,00075;0,001;0,001375;0,00175;0,00075;null;0,002333333;0,002;0,002;0,001125;0,00175;0,001375;null;0,002333333;0,001375;
Полтава;4963460;Хлористий водень;null;0,02;0,02;0,025;0,02;0,02;0,01;null;0,02;0,025;0,015;0,015;0,01;0,015;null;0,013333333;0,015;0,01;0,02;0,02;0,015;null;0,02;0,015;0,02;0,015;0,015;0,01;null;0,02;0,01;
Полтава;4963460;Амiак;null;0,013333333;0,0075;0,01;0,0125;0,0125;0,01;null;0,003333333;0,0125;0,0075;0,0075;0,0075;0,01;null;0,016666667;0,0075;0,005;0,0125;0,01;0,01;null;0,01;0,0075;0,015;0,005;0,01;0,01;null;0,013333333;0,0075;
Полтава;4963460;Формальдегiд;null;0,001777778;0,002666667;0,00425;0,00325;0,001916667;0,00425;null;0,004;0,00425;0,00375;0,0035;0,00225;0,00225;null;0,004;0,0015;0,003;0,003;0,004333333;0,0015;null;0,003;0,003;0,00225;0,00225;0,00225;0,00375;null;0,003;0,003;
Кременчук;4813330;Завислі речовини;null;0,07375;0,12875;0,145;0,10625;0,085;0,0725;null;0,10375;0,13625;0,1275;0,1025;0,1375;0,11;null;0,08125;0,07875;0,08;0,09125;0,09;0,19625;null;0,15;0,1275;0,11875;0,11125;0,09375;0,1775;null;0,09375;0,20375;
Кременчук;4813330;Дiоксид сiрки;null;0,0051875;0,005046667;0,0056125;0,005775;0,00525;0,006175;null;0,006025;0,00661875;0,005775;0,00500625;0,00525625;0,00683125;null;0,005975;0,00595;0,00633125;0,0066625;0,0062375;0,00629375;null;0,0081125;0,0073375;0,00639375;0,00725625;0,00668125;0,0064;null;0,0069375;0,00685;
Кременчук;4813330;Сульфати;null;0;0,005;0,01;0,01;0;0,01;null;0,01;0,005;0,01;0,01;0,005;0,005;null;0,01;0,01;0,005;0,01;0,01;0,005;null;0,01;0,01;0,01;0,01;0,01;0,005;null;0,005;0,01;
Кременчук;4813330;Оксид вуглецю;null;0,525;0,5125;0,525;0,5125;0,625;0,45;null;0,3625;0,5;0,7125;0,6;0,5125;0,6875;null;0,4875;0,625;0,425;1,0375;0,6625;1,0875;null;0,825;0,675;0,5;0,5875;0,5125;0,65;null;0,5;0,5625;
Кременчук;4813330;Дiоксид азоту;null;0,022875;0,02076;0,01874375;0,01783125;0,02006875;0,02866875;null;0,025675;0,029225;0,02726875;0,02394375;0,0228375;0,02654375;null;0,02945;0,02254375;0,02605;0,03595;0,0273375;0,03259375;null;0,03455;0,03295;0,02593125;0,0371875;0,0283375;0,027975;null;0,032825;0,02908125;
Кременчук;4813330;Оксид азоту;null;0,015475;0,02005;0,02005;0,010125;0,0096;0,024075;null;0,024725;0,024875;0,022775;0,017075;0,01645;0,02065;null;0,02085;0,01855;0,030975;0,047125;0,034925;0,0227;null;0,0257;0,028025;0,0175;0,02565;0,0144;0,018025;null;0,02275;0,01995;
Кременчук;4813330;Фенол;null;0,000733333;0,000709091;0,00045;0,000883333;0,000691667;0,000416667;null;0,000766667;0,000891667;0,000566667;0,001;0,000633333;0,000558333;null;0,00075;0,000808333;0,0007;0,0003;0,0006;0,000841667;null;0,000816667;0,000266667;0,000425;0,000691667;0,000783333;0,000275;null;0,000283333;0,000283333;
Кременчук;4813330;Сажа;null;0,007525;0,005075;0,0113;0,006225;0,00625;0,002525;null;0,003775;0,007625;0,005125;0,005075;0,00255;0,0076;null;0,00385;0;0;0,003825;0,0052;0,011525;null;0,0102;0,006375;0,003775;0,005;0,00375;0,008775;null;0,002525;0,005025;
Кременчук;4813330;Амiак;null;0,0067;0,0032;0,0066;0,004125;0,003375;0,008275;null;0,00435;0,004725;0,0057;0,007375;0,00365;0,006825;null;0,00715;0,0092;0,005625;0,006775;0,010275;0,00675;null;0,005675;0,0067;0,00585;0,006275;0,005275;0,00735;null;0,00855;0,00665;
Кременчук;4813330;Формальдегiд;null;0,00414;0,003655556;0,00319;0,00312;0,00309;0,0031;null;0,0041;0,00504;0,00464;0,0037;0,00375;0,00346;null;0,00432;0,00442;0,00405;0,00328;0,00368;0,00345;null;0,00454;0,00427;0,00424;0,00463;0,00479;0,00449;null;0,00408;0,00471;
Рівне;5062620;Завислі речовини;null;0;0;0;0;0,03905;0;null;0,02555;0;0;0,1164;0,0171;0,0777;null;0;0,02108;0,038675;0,080225;0;0;null;0;0;0;0;0,050466667;0,12865;null;0,03885;0,034533333;
Рівне;5062620;Дiоксид сiрки;null;0,0012;0;0;0,001154545;0,001866667;0,00035;null;0,001108333;0,000225;0,000291667;0,00045;0;0;null;0,0011;0;0,000225;0;0,000716667;0;null;0;0,00045;0,000225;0,00045;0,000225;0;null;0,000245455;0,000991667;
Рівне;5062620;Оксид вуглецю;null;1,066666667;1,088333333;1,153333333;1,213333333;1,18;1,145;null;0,95;0,945;1,01;0,89;0,988333333;0,96;null;0,801666667;0,938333333;1,236666667;1,085;1,145;1,111666667;null;1,096666667;1,141666667;0,876666667;0,906666667;1,02;1,04;null;1,158333333;1,01;
Рівне;5062620;Дiоксид азоту;null;0,033241667;0,031666667;0,018309091;0,021954545;0,014983333;0,03155;null;0,0351;0,02885;0,047158333;0,03295;0,069825;0,095708333;null;0,05625;0,029825;0,030266667;0,031408333;0,037183333;0,032083333;null;0,03165;0,010808333;0,016;0,025875;0,011475;0,0204625;null;0,019927273;0,028;
Рівне;5062620;Оксид азоту;null;0,033288889;0,02597;0,016111111;0,012666667;0,01639;0,01634;null;0,024433333;0,02022;0,02813;0,03217;0,04936;0,07484;null;0,044844444;0,02682;0,02738;0,02568;0,03993;0,03069;null;0,0335;0,01643;0,00995;0,01855;0,02288;0,0143;null;0,021444444;0,03349;
Рівне;5062620;Сiрководень;null;0,001271429;0;0,000385714;0;0;0;null;0;0,000825;0,0007375;0,0008625;0,003375;0,0052875;null;0,002585714;0,0009875;0;0,0017875;0;0,0004;null;0;0;0;0,00325;0,0027875;0;null;0,002857143;0,0018375;
Рівне;5062620;Фенол;null;0;0;0,0013;0,001122222;0;0,00068;null;0,0004;0;0,0003;0,00041;0;0;null;0,00031;0,00058;0;0;0,00117;0,00101;null;0,00027;0,00027;0,00114;0,0014;0,00171;0,001733333;null;0,001344444;0,00104;
Рівне;5062620;Фтористий водень;null;0,006957143;0,001225;0,001442857;0,001814286;0,0031875;0,0073375;null;0,007371429;0,0060125;0,0062125;0,0037125;0,005525;0,0078625;null;0,005428571;0,004025;0,0034625;0,0058;0,003575;0,0038875;null;0,003614286;0,0042875;0,01255;0,01465;0,0033875;0,005325;null;0,003485714;0,000675;
Рівне;5062620;Хлористий водень;null;0,13665;0,1043875;0,054414286;0,143128571;0,0689125;0;null;0,0470625;0,0304;0,1251;0,111725;0,10695;0,13235;null;0,1248;0,1371625;0,086;0,0067875;0,047025;0,0434125;null;0,0684875;0,07605;0,082425;0,0809625;0,06145;0;null;0,1009;0,108125;
Рівне;5062620;Амiак;null;0,0047;0;0;0,0078;0;0;null;0;0;0;0;0;0;null;0;0;0;0;0,0027;0;null;0,006275;0;0;0;0,00365;0;null;0,0068;0,007925;
Рівне;5062620;Формальдегiд;null;0,0151;0,01045;0,001;0;0,003375;0,000875;null;0,001842857;0,0042875;0,0071625;0,0059875;0,0057625;0,01265;null;0,007414286;0,0058875;0,00665;0,007275;0,0043375;0,0011625;null;0,006057143;0,0032125;0,000575;0,0064625;0,0068625;0,00345;null;0,003214286;0,0051;
Суми;5093480;Завислі речовини;null;0,316666667;0,233333333;0,266666667;0,3;0,3;0,316666667;null;0,233333333;0,183333333;0,233333333;0,216666667;0,266666667;0,3;null;0,333333333;0,25;0,266666667;0,316666667;0,266666667;0,3;null;0,333333333;0,283333333;0,266666667;0,35;0,4;0,283333333;null;0,233333333;0,2;
Суми;5093480;Дiоксид сiрки;null;0,051111111;0,053;0,050583333;0,0545;0,059666667;0,063416667;null;0,058666667;0,055;0,0505;0,051;0,04975;0,047916667;null;0,050444444;0,055583333;0,048833333;0,052333333;0,056833333;0,053333333;null;0,059444444;0,054916667;0,05325;0,052333333;0,05475;0,0495;null;0,053777778;0,056666667;
Суми;5093480;Сульфати;null;0,005;0,01;0,015;0,015;0,02;0,02;null;0,01;0,015;0,005;0,005;0,015;0,015;null;0,01;0,02;0,015;0,015;0,015;0,025;null;0,015;0,01;0,015;0,005;0,005;0,015;null;0,005;0,005;
Суми;5093480;Оксид вуглецю;null;1,5;1,833333333;2,333333333;2;1,333333333;1,333333333;null;1,5;1,5;1,833333333;1,833333333;2,166666667;2;null;1,333333333;1,333333333;1,666666667;1,5;1,5;1,5;null;1,833333333;2;1,166666667;2;1,333333333;2;null;1,5;1,666666667;
Суми;5093480;Дiоксид азоту;null;0,067777778;0,088333333;0,0725;0,060833333;0,056666667;0,0675;null;0,073333333;0,078333333;0,086666667;0,091666667;0,090833333;0,065833333;null;0,111111111;0,078333333;0,106666667;0,101666667;0,091666667;0,086666667;null;0,096666667;0,06;0,069166667;0,081666667;0,093333333;0,07;null;0,07;0,076666667;
Суми;5093480;Оксид азоту;null;0,033333333;0,04;0,0375;0,03;0,0275;0,0325;null;0,03;0,04;0,0425;0,0425;0,03;0,0375;null;0,05;0,0275;0,0425;0,035;0,04;0,0425;null;0,056666667;0,035;0,03;0,035;0,0475;0,0325;null;0,03;0,0375;
Суми;5093480;Амiак;null;0,013333333;0,01375;0,02;0,01375;0,0175;0,0125;null;0,013333333;0,01125;0,0125;0,01625;0,0175;0,0125;null;0,011666667;0,015;0,0125;0,01625;0,01375;0,0125;null;0,016666667;0,01625;0,01375;0,01375;0,01375;0,015;null;0,016666667;0,015;
Суми;5093480;Формальдегiд;null;0,006333333;0,003;0,00475;0,004;0,004;0,004;null;0,005;0,003;0,005;0,00375;0,00375;0,003;null;0,005333333;0,004;0,005;0,00575;0,005;0,004;null;0,005333333;0,00575;0,00375;0,00375;0,00375;0,00575;null;0,005;0,004;
Тернопіль;4932530;Завислі речовини;null;0,06;0,1125;0,1375;0,113333333;0,0925;0,046666667;null;0;0;0;0;0,065;0,09;null;0;0;0,0275;0,075;0,045;0,015;null;0,04;0,07;null;0,0925;0,1125;null;null;null;null;
Тернопіль;4932530;Дiоксид сiрки;null;0,0048;0,00585;0,007371429;0,007842857;0,0048875;0,002885714;null;0,0010625;0,0018625;0,003825;0,004025;0,0039875;0,003885714;null;0,001275;0,0014875;0,0031875;0,00345;0,0043;0,003775;null;0,00365;0,0040375;0,00335;0,0035625;0,0041875;null;null;null;null;
Тернопіль;4932530;Оксид вуглецю;null;3,45;3,375;3,35;3,466666667;3,95;3,866666667;null;4,2;3,4;3,6;3,35;3,225;3,625;null;3,55;3,525;3,625;3,275;2,8;2,75;null;3,35;3,525;null;3,475;4,325;null;null;null;null;
Тернопіль;4932530;Дiоксид азоту;null;0,0668125;0,054875;0,055885714;0,045785714;0,050125;0,049885714;null;0,0524125;0,0464;0,0429125;0,0402875;0,04815;0,053485714;null;0,0522;0,0486625;0,0597125;0,06085;0,064;0,049475;null;0,0573375;0,03955;0,04245;0,0482;0,0487375;null;null;null;null;
Тернопіль;4932530;Оксид азоту;null;0,03615;0,0314;0,032325;0,024575;0,028725;0,02805;null;0,029775;0,0259;0,023625;0,022125;0,027025;0,0282;null;0,030075;0,0268;0,034475;0,03465;0,0372;0,0311;null;0,032875;0,0209;0,0229;0,0264;0,027;null;null;null;null;
Тернопіль;4932530;Формальдегiд;null;0,0036;0,0044875;0,003485714;0,004542857;0,0028125;0,0013;null;0,0004;0,0019375;0,0019875;0,002075;0,002575;0,002957143;null;0,0008125;0,00125;0,002275;0,0031875;0,0023125;0,00225;null;0,0023;0,0026125;0,00165;0,00235;0,002975;null;null;null;null;
Харків;4993630;Завислі речовини;null;0,0388;0,0564;0,0348;0,0264;0,0304;0,0336;null;0,048235294;0,028823529;0,037058824;0,024705882;0,028235294;0,025882353;null;0,0335;0,0405;0,0355;0,038;0,0375;0,035;null;0,0415;0,032;0,034;0,0355;0,038;0,0495;null;0,043;0,033;
Харків;4993630;Дiоксид сiрки;null;0,018973333;0,022853333;0,020136667;0,022746667;0,022903333;0,019553333;null;0,020861905;0,021552381;0,022904762;0,023709524;0,023595238;0,023828571;null;0,023808333;0,02555;0,028083333;0,029758333;0,0273;0,031783333;null;0,022770833;0,0214625;0,022691667;0,0187;0,021841667;0,023495833;null;0,022995833;0,020875;
Харків;4993630;Сульфати;null;0;0,005;0,01;0;0;0,005;null;0;0;0,005;0;0,005;0,005;null;0;0,005;0;0,01;0;0;null;0;0,01;0;0;0;0;null;0;0;
Харків;4993630;Оксид вуглецю;null;1,185;1,22;1,095;1,055;1,035;0,96;null;1,142857143;1,414285714;1,1;1,235714286;1,071428571;1;null;1,2125;1,18125;1,025;1,16875;1,10625;1,0875;null;1,20625;1,3625;1,1875;1,225;1,2;1,2875;null;1,225;1,20625;
Харків;4993630;Дiоксид азоту;null;0,0267;0,021542857;0,024608571;0,023168571;0,024157143;0,022711429;null;0,026871429;0,023470833;0,023791667;0,0222625;0,024745833;0,028283333;null;0,021879167;0,022860714;0,0234;0,024046429;0,025785714;0,025417857;null;0,02925;0,02635;0,029485714;0,032421429;0,030807143;0,029232143;null;0,032833333;0,028967857;
Харків;4993630;Оксид азоту;null;0,016833333;0,016775;0,0199;0,020325;0,0207;0,0276;null;0,0181;0,022825;0,020675;0,021325;0,021675;0,017125;null;0,016766667;0,013725;0,017575;0,018525;0,017625;0,01695;null;0,013233333;0,0253;0,033275;0,0221;0,021625;0,019375;null;0,0191;0,021625;
Харків;4993630;Сiрководень;null;0,000533333;0,000475;0,001;0,000525;0,0007;0,00045;null;0,0009;0,000625;0,000825;0,00045;0,0009;0,00075;null;0,000933333;0,0013;0,001575;0,001575;0,0015;0,00185;null;null;null;null;null;null;null;null;null;null;
Харків;4993630;Фенол;null;0,002233333;0,002333333;0,002233333;0,001958333;0,002225;0,002741667;null;0,001433333;0,001775;0,001925;0,0015625;0,001875;0,0016;null;0,001266667;0,001325;0,001275;0,001416667;0,0012;0,001308333;null;0,000816667;0,0007;0,00065;0,0005875;0,0007875;0,00065;null;0,00155;0,0017375;
Харків;4993630;Сажа;null;0,03;0,01;0;0,01;0,02;0;null;null;null;null;null;null;null;null;null;null;null;null;null;null;null;0,02;0,043333333;0,043333333;0,03;0,043333333;0,01;null;0,02;0,01;
Харків;4993630;Амiак;null;0,0045;0,0042125;0,0033625;0,0046;0,0067125;0,004625;null;0,004416667;0,0049875;0,0059;0,003825;0,0059375;0,0050625;null;0,005683333;0,00425;0,0051;0,004675;0,0059125;0,0051;null;0,002266667;0,00635;0,0020875;0,0061875;0,0058625;0,005025;null;0,00515;0,0042375;
Харків;4993630;Формальдегiд;null;0,001852381;0,001678571;0,001828571;0,001267857;0,001514286;0,001560714;null;0,00215;0,00149375;0,001825;0,0014;0,00180625;0,001275;null;0,002226667;0,002515;0,002685;0,002465;0,002445;0,00272;null;0,003538889;0,002791667;0,002745833;0,002629167;0,002529167;0,002779167;null;0,002455556;0,001345833;
Хмельницький;4942690;Завислі речовини;null;0,064;0,056;0,04;0,0395;0,032;0,0325;null;0,048;0,03975;0,032;0,04;null;null;null;null;null;null;null;null;null;null;null;null;null;null;null;null;null;null;null;
Хмельницький;4942690;Дiоксид сiрки;null;0,018525;0,017375;0,0161625;0,0169625;0,0170875;0,0181;null;0,01785;0,0175875;0,0175125;0,0162875;null;null;null;null;null;null;null;null;null;null;null;null;null;null;null;null;null;null;null;
Хмельницький;4942690;Сульфати;null;0,0076;0,006925;0,007025;0,007475;0,006175;0,00755;null;0,00725;0,008;0,007125;0,006825;null;null;null;null;null;null;null;null;null;null;null;null;null;null;null;null;null;null;null;
Хмельницький;4942690;Оксид вуглецю;null;1,655;1,845;1,7625;1,535;1,63;1,5375;null;1,5225;1,8125;1,805;1,565;null;null;null;null;null;null;null;null;null;null;null;null;null;null;null;null;null;null;null;
Хмельницький;4942690;Дiоксид азоту;null;0,03255;0,0272625;0,029875;0,0187875;0,0149375;0,0164375;null;0,0215;0,0347375;0,043125;0,0469;null;null;null;null;null;null;null;null;null;null;null;null;null;null;null;null;null;null;null;
Хмельницький;4942690;Оксид азоту;null;0,02415;0,0230125;0,0252375;0,0158625;0,016225;0,0135375;null;0,0135625;0,0263875;0,033875;0,0335125;null;null;null;null;null;null;null;null;null;null;null;null;null;null;null;null;null;null;null;
Хмельницький;4942690;Фенол;null;0,000933333;0,001216667;0,001466667;0,000933333;0,0009;0,001066667;null;0,000816667;0,001016667;0,001233333;0,00085;null;null;null;null;null;null;null;null;null;null;null;null;null;null;null;null;null;null;null;
Хмельницький;4942690;Хлористий водень;null;0,036425;0,044225;0,057775;0,0373;0,030125;0,03065;null;0,027625;0,04895;0,0433;0,042275;null;null;null;null;null;null;null;null;null;null;null;null;null;null;null;null;null;null;null;
Хмельницький;4942690;Амiак;null;0,00695;0,006275;0,00435;0,005475;0,006025;0,004975;null;0,005675;0,00695;0,0044;0,005225;null;null;null;null;null;null;null;null;null;null;null;null;null;null;null;null;null;null;null;
Хмельницький;4942690;Формальдегiд;null;0,00145;0,001216667;0,001583333;0,0016;0,001083333;0,0011;null;0,000833333;0,0011;0,00145;0,00135;null;null;null;null;null;null;null;null;null;null;null;null;null;null;null;null;null;null;null;
Херсон;4673270;Завислі речовини;null;0,02725;0;0;0,025;0;null;null;0;0;0;0;0,05;null;null;0,05;0,075;0,025;0;0;null;null;0,025;0;0;0;null;null;null;0;0;
Херсон;4673270;Дiоксид сiрки;null;0,0055;0,003375;0,00425;0,00475;0,005375;null;null;0,004666667;0,004375;0,00525;0,004714286;0,004625;null;null;0,009333333;0,0015;0,001125;0,003;0,001875;null;null;0,007666667;0,0045;0,00075;0,001125;null;null;null;0,003166667;0,00175;
Херсон;4673270;Сульфати;null;0,005;0,005;0;0;0;null;null;0;0,005;0,005;0;0,005;null;null;0;0;0;0;0;null;null;0;0,005;0;0;null;null;null;0;0;
Херсон;4673270;Оксид вуглецю;null;0,273333333;0,24;0,395;0,211666667;0,256666667;null;null;0,265;0,28;0,37;0,238;0,213333333;null;null;0,36;0,253333333;0,346666667;0,273333333;0,248333333;null;null;0,33;0,25;0,23;0,24;null;null;null;0,208333333;0,753333333;
Херсон;4673270;Дiоксид азоту;null;0,186666667;0,1975;0,22875;0,22;0,20125;null;null;0,178333333;0,1875;0,21375;0,242857143;0,24625;null;null;0,198333333;0,21625;0,1775;0,20625;0,2275;null;null;0,183333333;0,165;0,20375;0,19;null;null;null;0,19;0,18;
Херсон;4673270;Оксид азоту;null;0,076666667;0,13;0,1125;0,145;0,14;null;null;0,096666667;0,115;0,1675;0,1425;0,13;null;null;0,13;0,1175;0,095;0,115;0,115;null;null;0,14;0,11;0,145;0,13;null;null;null;0,13;0,135;
Херсон;4673270;Фенол;null;0,007166667;0,0015;0,00275;0,0055;0,005;null;null;0,010833333;0,006375;0,00525;0,005714286;0,001;null;null;0,002;0,00325;0,002;0,002625;0,006125;null;null;0,006833333;0,0025;0,005875;0,004;null;null;null;0,0071;0,002;
Херсон;4673270;Формальдегiд;null;0,001666667;0;0;0;0;null;null;0;0;0;0;0;null;null;0;0;0;0,003;0,00475;null;null;0,004;0;0;0;null;null;null;0,002;0,004;
Черкаси;4933200;Завислі речовини;null;0,035;0;0,1;0,1;0,035;0;null;0;0;0;0;0,05;0,116666667;null;0,05;0;0,05;0,1;0,1;0;null;0;0,05;0,066666667;0,1;0,05;0;null;0;0,066666667;
Черкаси;4933200;Дiоксид сiрки;null;0,020375;0,02;0,0216;0,0226;0,019888889;0,0214;null;0,021125;0,0198;0,0207;0,0202;0,0193;0,021;null;0,02;0,0188;0,0219;0,0209;0,021;0,0203;null;0,021125;0,0202;0,0213;0,0208;0,0228;0,0218;null;0,019875;0,0206;
Черкаси;4933200;Сульфати;null;0,01;0,01;0,01;0,015;0,01;0,02;null;0,01;0,01;0,01;0,01;0,01;0,01;null;0,01;0,01;0,01;0,01;0,01;0,01;null;0,01;0,01;0,01;0,01;0,015;0,01;null;0,01;0,015;
Черкаси;4933200;Оксид вуглецю;null;1,333333333;1,333333333;1,333333333;1,166666667;1;1;null;1;1;1;1;1;1,666666667;null;1;1;1,166666667;1,5;1,333333333;1,166666667;null;1;1,166666667;1,5;1,333333333;1;1;null;1;1,333333333;
Черкаси;4933200;Дiоксид азоту;null;0,042222222;0,035833333;0,036666667;0,035833333;0,032727273;0,030833333;null;0,028888889;0,025833333;0,03;0,028333333;0,031666667;0,033333333;null;0,03;0,028333333;0,031666667;0,034166667;0,0325;0,028333333;null;0,031111111;0,034166667;0,033333333;0,044166667;0,044166667;0,043333333;null;0,037777778;0,024166667;
Черкаси;4933200;Оксид азоту;null;0,03;0,0275;0,0325;0,025;0,0275;0,02;null;0,016666667;0,02;0,0175;0,0175;0,025;0,03;null;0,013333333;0,025;0,025;0,0275;0,025;0,0225;null;0,03;0,02;0,025;0,0275;0,03;0,03;null;0,016666667;0,015;
Черкаси;4933200;Сiрководень;null;0,001888889;0,002083333;0,002166667;0,002416667;0,002181818;0,001916667;null;0,002;0,001916667;0,002166667;0,002666667;0,001916667;0,002;null;0,002222222;0,002;0,002083333;0,002166667;0,001916667;0,002;null;0,001777778;0,001833333;0,002;0,002333333;0,002166667;0,002166667;null;0,002111111;0,001833333;
Черкаси;4933200;Амiак;null;0,043333333;0,049166667;0,040833333;0,040833333;0,050909091;0,043333333;null;0,036666667;0,024166667;0,039166667;0,04;0,045833333;0,055833333;null;0,037777778;0,0325;0,038333333;0,044166667;0,04;0,036666667;null;0,038888889;0,051666667;0,04;0,0425;0,055;0,055;null;0,043333333;0,043333333;
Черкаси;4933200;Формальдегiд;null;0,007;0,0115;0,01275;0,01125;0,009333333;0,00825;null;0,005666667;0,00425;0,004;0,0085;0,007;0,0105;null;0,013;0,005;0,00675;0,0095;0,008;0,0055;null;0,005;0,00625;0,005;0,005;0,01375;0,01175;null;0,007333333;0,008;
Чернівці;4832590;Завислі речовини;null;0;0,016666667;0,016666667;0,016666667;0;0;null;0,016666667;0;0;0,016666667;0;0,016666667;null;0,033333333;0,033333333;0,016666667;0,05;0,05;0,05;null;0,05;0;null;0,033333333;0,033333333;null;null;null;null;
Чернівці;4832590;Дiоксид сiрки;null;0,001783333;0,003083333;0,0025;0,0044;0,000683333;0;null;0,0007;0,001666667;0,001375;0,000133333;0,000675;0;null;0,000708333;0,001133333;0,001141667;0,001291667;0,002566667;0,002658333;null;0,002233333;0,001116667;null;0,0019;0,0022;null;null;null;null;
Чернівці;4832590;Оксид вуглецю;0;0,2;0,1;0,2;0,2;0,1;0,2;0;0,1;0,1;0;0,1;0,1;0,3;0;0;0,1;0,3;0,5;0,1;0,2;0;0,3;0,142857143;0;0,2;0,142857143;0;0;0;0;
Чернівці;4832590;Дiоксид азоту;0,006875;0,00725;0,0114;0,01686875;0,01643125;0,01203125;0,01614375;0,008025;0,01665625;0,010725;0,00948125;0,0287875;0,02061875;0,0260125;0,017475;0,026475;0,010975;0,0198;0,02764375;0,01606875;0,0176875;0,0053;0,0262375;0,00529;0,005275;0,01632;0,0165;0,006625;0,008475;0,02895;0,036375;
Чернівці;4832590;Оксид азоту;0,0038;0,0023125;0,0017875;0,0025;0,00215;0,00285;0,0054625;0,004025;0,004875;0,003025;0,00315;0,0064375;0,006025;0,0079875;0,0107;0,002675;0,0013375;0,0241;0,029;0,0076125;0,004075;0,002725;0,0055;0,004166667;0,0025;0,002133333;0,002833333;0,00375;0,004175;0,0418;0,03885;
Чернівці;4832590;Фенол;null;0,00055;0,00015;0,0004;0,000275;0,00075;0,0002;null;0,0001;0,001475;0,00085;0,0006;0,00005;0,00005;null;0,000175;0,000275;0,0018;0,0014;0,001325;0,0008;null;0,000275;0,0007;null;0,0002;0,0003;null;null;null;null;
Чернівці;4832590;Фтористий водень;null;0,0015;0;0;0,0001875;0,0009;0,00245;null;0,0005375;0,00025;0,001825;0,0006375;0,000775;0;null;0;0;0,00085;0;0,0000875;0;null;0,000925;0;null;0;0;null;null;null;null;
Чернівці;4832590;Хлористий водень;null;0,138175;0,0723;0,176625;0;0,00615;0,0046;null;0,013825;0,11875;0,187275;0,060275;0,094425;0;null;0,0907;0,0848;0,037675;0,10185;0,05595;0;null;0,03845;0;null;0;0,14165;null;null;null;null;
Чернівці;4832590;Формальдегiд;null;0,000175;0,001575;0,0013125;0,0013375;0,00165;0,0006125;null;0,001325;0,0007875;0,0007;0,0012125;0,00075;0,0004375;null;0,000175;0,000175;0,0008;0,0004375;0,0016875;0;null;0,0000875;0,00105;null;0,00015;0,0034;null;null;null;null;
Ізмаїл;4542880;Завислі речовини;null;0,1;0,07;0,05;0,05;0,03;0,05;null;0,065000153;0,03;0,1;0,05;0,05;0,03;null;0,08;0,085000153;0,05;0,03;0,03;0,085;null;0,05;0,115;0,16;0,160000153;0,07;0,07;null;null;null;
Ізмаїл;4542880;Дiоксид сiрки;null;0,027900079;0,017950035;0,031475026;0,020325;0,021175;0,02497502;null;0,028575;0,01730002;0,03177504;0,019675006;0,02395004;0,016225023;null;0,01980001;0,02357506;0,021050035;0,018075;0,0364;0,02122504;null;0,016766667;0,012300027;0,019775006;0,03242504;0,021875003;0,01865;null;null;null;
Ізмаїл;4542880;Сульфати;null;0,01;0,005;0;0,005;0;0,005;null;0,005;0;0,01;0;0,005;0;null;0,005;0,01;0;0;0;0,01;null;0,005;0,015;0,02;0,02;0,01;0,01;null;null;null;
Ізмаїл;4542880;Оксид вуглецю;null;0,720001221;0,690001221;0,59;0,75;0,575000305;0,645001221;null;0,625001221;0,435;0,580000305;0,63;0,515;0,640001221;null;0,48;0,415;0,58;0,68;0,505;0,43000061;null;0,38500061;0,465;0,925;0,585001526;0,54;0,590001221;null;null;null;
Ізмаїл;4542880;Дiоксид азоту;null;0,063866667;0,066475101;0,05762514;0,04290004;0,055775;0,066975101;null;0,062750201;0,066200061;0,043025;0,04125004;0,058275;0,054325;null;0,059333333;0,056825122;0,063375101;0,041675;0,053500031;0,049975101;null;0,058266667;0,060875;0,03635;0,05320004;0,060125;0,059675079;null;null;null;
Ізмаїл;4542880;Сiрководень;null;0,001633333;0,00165;0,0015;0,001400001;0,001075;0,001800001;null;0,001125;0,001550002;0,001125001;0,00135;0,001400003;0,001325001;null;0,000900001;0,00175;0,001275001;0,001425;0,001525002;0,001375;null;0,0016;0,001200001;0,001425001;0,0011;0,00075;0,001225002;null;null;null;
Ізмаїл;4542880;Формальдегiд;null;0,0007;0,002000003;0,00235;0,001300002;0;0,002450006;null;0,0007;0,001;0,002000003;0,002700003;0,001;0,001000002;null;0,00135;0;0,002050003;0,001;0,00175;0,00035;null;0,0014;0,00035;0,002000003;0,0007;0;0,00135;null;null;null;
Біла Церква;4983020;Завислі речовини;null;0,05875;0,0585;0,0495;0,058;0,0505;0,05;null;0,051;0,051;0,0595;0,05925;0,0825;0,066;null;0,052;0,06925;0,0765;0,0695;0,069;0,05975;null;0,06825;0,068;0,08375;0,06675;0,067;0,067;null;0,0675;0,0765;
Біла Церква;4983020;Дiоксид сiрки;null;0,0317625;0,033975;0,0412375;0,0366375;0,03455;0,03985;null;0,030975;0,0363125;0,031675;0,02675;0,0413;0,0348125;null;0,036575;0,0368125;0,0329875;0,034925;0,0356;0,0337375;null;0,031475;0,037;0,0342375;0,0324875;0,0326;0,0386375;null;0,03735;0,0341625;
Біла Церква;4983020;Оксид вуглецю;null;1,225;1,125;1,1;0,975;1,025;1,55;null;1;1,275;1,725;1,35;1,3;1,2;null;0,575;0,375;0,525;0,575;0,875;0,85;null;1,2;0,65;0,625;0,525;0,725;1,025;null;1,325;1,15;
Біла Церква;4983020;Дiоксид азоту;null;0,0711;0,071375;0,0829125;0,0810375;0,0840375;0,0767125;null;0,089425;0,101;0,0805;0,0839875;0,0848125;0,092625;null;0,0900625;0,07165;0,0868875;0,09275;0,08655;0,081075;null;0,0798;0,076875;0,088775;0,08875;0,0771875;0,09625;null;0,081525;0,1033;
Олександрія;4843230;Завислі речовини;null;0,3;0,3;0,25;0,2;0,2;0,15;null;0,15;0,2;0,25;0,2;0,25;0,15;null;0,2;0,2;0,15;0,15;0,15;0,15;null;0,15;0,15;0,35;0,15;0,25;0,1;null;0,3;0,15;
Олександрія;4843230;Дiоксид сiрки;null;0,018033333;0,0198;0,02135;0,019825;0,01985;0,0193;null;0,0139;0,020525;0,0188;0,01975;0,02295;0,013525;null;0,0167;0,023675;0,01815;0,01435;0,0242;0,01455;null;0,012566667;0,02365;0,0206;0,017825;0,020725;0,017025;null;0,014833333;0,021675;
Олександрія;4843230;Сульфати;null;0,005;0,005;0,005;0,01;0,005;0,005;null;0,005;0;0,005;0,005;0,01;0,01;null;0,005;0,005;0,005;0,005;0;0,005;null;0,005;0,015;0,005;0,015;0;0,01;null;0;0,015;
Олександрія;4843230;Дiоксид азоту;null;0,022833333;0,032175;0,024725;0,039275;0,0243;0,025675;null;0,022866667;0,029775;0,025525;0,032075;0,021875;0,036025;null;0,021766667;0,027475;0,028075;0,0344;0,032325;0,0238;null;0,039433333;0,025275;0,0334;0,040925;0,02265;0,0298;null;0,037233333;0,02635;
Олександрія;4843230;Сажа;null;0,04;0,045;0,045;0,03;0,065;0,045;null;0,06;0,04;0,065;0,035;0,1;0,05;null;0,04;0,035;0,035;0,03;0,065;0,1;null;0,07;0,03;0,04;0,04;0,04;0,04;null;0,05;0,03;
Горішні Плавні;4903360;Завислі речовини;null;0,1;0,1;0,075;0,1;0,125;0,075;null;0,175;0,125;0,075;0,125;0,075;0,15;null;0,075;0,075;0,125;0,15;0,1;0,05;null;0,125;0,05;0,15;0,05;0,125;0,075;null;0,125;0,05;
Горішні Плавні;4903360;Дiоксид сiрки;null;0,007275;0,001825;0,004875;0,0066;0,006875;0,006925;null;0,0099;0,0073;0,005475;0,008525;0,008225;0,007;null;0,004875;0,004625;0,006125;0,00455;0,006225;0,00585;null;0,00735;0,00545;0,0045;0,0054;0,007175;0,0057;null;0,007325;0,00845;
Горішні Плавні;4903360;Оксид вуглецю;null;0,1;0,15;0,2;0,15;0,15;0,2;null;0,15;0,15;0,15;0,1;0,15;0,2;null;0,2;0,15;0,2;0,2;0,2;0,25;null;0,2;0,2;0,2;0,1;0,15;0,2;null;0,2;0,25;
Горішні Плавні;4903360;Дiоксид азоту;null;0,018775;0,005475;0,0146;0,021625;0,016725;0,0241;null;0,052975;0,029125;0,028575;0,035325;0,0372;0,027925;null;0,012225;0,008625;0,008575;0,00905;0,018625;0,01535;null;0,0355;0,021875;0,01685;0,0173;0,025675;0,0126;null;0,023775;0,035525;
Горішні Плавні;4903360;Фенол;null;0,0006;0,00125;0,00135;0,0002;0;0,00135;null;0,0005;0,00025;0,00105;0,00135;0,0012;0,00125;null;0,0005;0,0003;0,002;0,00105;0,0006;0,0006;null;0,0005;0,00115;0,0005;0,0014;0,001;0,00085;null;0,0001;0,0005;
Горішні Плавні;4903360;Сажа;null;0;0,0051;0,0076;0,0075;0;0,0025;null;0,005;0,00255;0,0051;0,0051;0,00255;0,0076;null;0,00255;0,0026;0,0051;0,00505;0,0026;0,00255;null;0,0051;0,0051;0,0025;0,0149;0,0075;0,0075;null;0,0051;0,005;
Горішні Плавні;4903360;Хлористий водень;null;0,0029;0;0,003833333;0;0,0032;0,0054;null;0,003166667;0;0,004366667;0;0,0031;0;null;0,002933333;0;0;0,005333333;0;0,003533333;null;0,0033;0;0;0,004366667;0,003233333;0;null;0;0,004933333;
Горішні Плавні;4903360;Амiак;null;0,00485;0;0,00825;0,0092;0,0015;0,0059;null;0,0048;0,0024;0,00735;0,00865;0,00855;0,00335;null;0,00455;0,0009;0,00915;0,0036;0,0093;0,0086;null;0,0081;0,00595;0,0039;0,006;0,0018;0,0078;null;0,0078;0,0051;
Бровари;5053080;Завислі речовини;null;0,0505;0,05;0,0665;0,0495;0,05;0,051;null;0,034;0,0505;0,051;0,0505;0,066;0,0495;null;0,0345;0,07;0,0515;0,052;0,0525;0,051;null;0,034;0,068;0,0665;0,0335;0,0505;0,067;null;0,0505;0,068;
Бровари;5053080;Дiоксид сiрки;null;0,029525;0,035875;0,037675;0,039875;0,039325;0,03105;null;0,039175;0,036975;0,0416;0,03405;0,036425;0,0303;null;0,030975;0,04045;0,035625;0,034475;0,04095;0,0379;null;0,03315;0,0396;0,03165;0,03585;0,038825;0,030725;null;0,038975;0,02945;
Бровари;5053080;Оксид вуглецю;null;0,65;0,6;0,65;0,6;0,6;0,55;null;0,65;0,55;0,55;0,6;0,55;0,55;null;0,6;0,55;0,55;0,5;0,45;0,5;null;0,4;0,45;0,55;0,6;0,65;0,6;null;0,65;0,65;
Бровари;5053080;Дiоксид азоту;null;0,064225;0,067275;0,073125;0,077925;0,07635;0,0644;null;0,07805;0,0726;0,083975;0,06635;0,06995;0,063925;null;0,0658;0,07725;0,0692;0,06955;0,086075;0,077125;null;0,063075;0,077425;0,060425;0,0707;0,069375;0,06265;null;0,0771;0,05745;
Обухів;5013060;Завислі речовини;null;0,067;0,034;0,0495;0,066;0,067;0,0685;null;0,101;0,102;0,102;0,067;0,033;0,098;null;0,051;0,0515;0,085;null;null;null;null;null;null;null;null;null;null;null;null;null;
Обухів;5013060;Дiоксид сiрки;null;0,035866667;0,047933333;0,04465;0,045033333;0,042233333;0,04685;null;0,035766667;0,031266667;0,036575;0,035133333;0,0565;0,055775;null;0,0488;0,046325;0,048875;null;null;null;null;null;null;null;null;null;null;null;null;null;
Обухів;5013060;Оксид вуглецю;null;0,3;0,3;0,5;0,65;0,75;0,45;null;0,6;0,55;0,75;0,65;0,55;0,7;null;0,75;0,6;0,75;null;null;null;null;null;null;null;null;null;null;null;null;null;
Обухів;5013060;Дiоксид азоту;null;0,0574;0,063466667;0,06035;0,067166667;0,0651;0,0584;null;0,056466667;0,041766667;0,056025;0,0595;0,088733333;0,087425;null;0,0762;0,06115;0,061725;null;null;null;null;null;null;null;null;null;null;null;null;null;
Українка;5023080;Завислі речовини;null;0,0335;0,034;0,0495;0,0495;0,033;0,051;null;0,067;0,034;0,0335;0,05;0,066;0,049;null;0,0515;0,035;0,034;null;null;null;null;null;null;null;null;null;null;null;null;null;
Українка;5023081;Дiоксид сiрки;null;0,047666667;0,0385;0,03315;0,043425;0,041475;0,0513;null;0,04495;0,046366667;0,046025;0,05075;0,0457;0,0498;null;0,034125;0,0473;0,0511;null;null;null;null;null;null;null;null;null;null;null;null;null;
Українка;5023082;Оксид вуглецю;null;1,14;0,76;1,02;1,14;0,54;0,495;null;0,6;0,52;0,66;0,825;1,01;1,365;null;0,535;0,575;0,71;null;null;null;null;null;null;null;null;null;null;null;null;null;
Українка;5023083;Дiоксид азоту;null;0,098;0,0641;0,082325;0,074925;0,076233333;0,082025;null;0,07555;0,066133333;0,075425;0,071375;0,063366667;0,0859;null;0,08595;0,0813;0,0726;null;null;null;null;null;null;null;null;null;null;null;null;null;
Житомир;5022870;Завислі речовини;null;0,0765;0,076;0,0765;0,083;0,0755;0,09425;null;0,0765;0,0935;0,085;0,07625;0,0745;0,07425;null;0,0875;0,088;0,08625;0,07;0,1055;0,0855;null;0,068;0,08525;0,067;0,08325;0,067;0,101;null;0,068;0,07725;
Житомир;5022871;Дiоксид сiрки;null;0,035375;0,0378875;0,037;0,034925;0,037625;0,0367;null;0,035075;0,033133333;0,030166667;0,028075;0,032191667;0,034933333;null;0,036858333;0,036358333;0,039108333;0,034975;0,032625;0,03155;null;0,0368;0,0377;0,036216667;0,03505;0,038658333;0,0351;null;0,03835;0,036408333;
Житомир;5022872;Оксид вуглецю;null;0,585;0,5025;0,5625;0,7825;0,8725;0,7575;null;0,8325;0,58625;0,5475;0,66375;0,8125;0,7775;null;0,42;0,58;0,9325;0,685;0,73375;0,5575;null;0,68625;0,8275;0,5275;0,70375;0,6375;0,6;null;0,8175;0,7;
Житомир;5022872;Дiоксид азоту;null;0,1040375;0,0982;0,101825;0,0972625;0,102725;0,105325;null;0,087825;0,080233333;0,071366667;0,084041667;0,081941667;0,075566667;null;0,066083333;0,066808333;0,080591667;0,076483333;0,072208333;0,080516667;null;0,0715;0,07675;0,063933333;0,08825;0,071825;0,07415;null;0,066883333;0,069658333;
Житомир;5022873;Оксид азоту;null;null;null;null;null;null;null;null;null;0,02925;0,03225;0,02925;0,04875;0,0155;null;0,01725;0,0155;0,017333333;0,037;0,06575;0,03025;null;0,03575;0,08625;0,00375;0,0205;0,025;0,03125;null;0,02825;0,0305;
Чернігів;5143130;Завислі речовини;null;0,11325;0,11275;0,099;0,13625;0,113;0,08875;null;0,1255;0,10075;0,08825;0,0755;0,07375;0,0865;null;0,11675;0,10325;0,11475;0,1165;0,129;0,114;null;0,1005;0,1385;0,11175;0,09925;0,1;0,1125;null;0,10075;0,114525;
Чернігів;5143131;Дiоксид сiрки;null;null;null;null;null;null;null;null;null;null;null;0,0420875;0,0399625;0,042375;null;0,0461625;0,0394875;0,050275;0,0436625;0,0459375;0,0470625;null;0,0397875;0,0471625;0,0421375;0,0417;0,03995;0,0427;null;0,039825;0,0455375;
Чернігів;5143132;Оксид вуглецю;null;0,4275;0,42;0,435;0,4075;0,38;0,3275;null;0,2975;0,345;0,4175;0,3725;0,34;0,3625;null;0,31;0,2925;0,35;0,3975;0,37;0,3975;null;0,3325;0,4525;0,4775;0,435;0,4125;0,3525;null;0,41;0,3775;
Чернігів;5143133;Дiоксид азоту;null;null;null;null;null;null;null;null;null;null;null;0,074425;0,0804125;0,08165;null;0,0710625;0,0780125;0,082875;0,0787875;0,07475;0,0693875;null;0,0701125;0,0826375;0,0645625;0,0685375;0,06695;0,062225;null;0,061575;0,0703875;
