city;coordinateNumber;nameImpurity;1July;2July;3July;4July;5July;6July;8July;9July;10July;11July;12July;13July;15July;16July;17July;18July;19July;20July;22July;23July;24July;25July;26July;27July;29July;31July;30July;
Київ;5053050;Завислі речовини;0,078470588;0,076941176;0,078266667;0,077142857;0,075294118;0,076105263;0,077;0,075666667;0,076684211;0,077222222;0,076882353;0,078611111;0,074529412;0,07825;0,073526316;0,077111111;0,0779375;0,077045455;0,08075;0,079263158;0,077045455;0,076227273;0,079269231;0,0795;0,07837037;0,07525;0,078428571;
Київ;5053050;Дiоксид сiрки;0,06246;0,066493103;0,061737037;0,067774194;0,064376667;0,065496774;0,071623529;0,059082353;0,05730625;0,0614375;0,0625375;0,057143333;0,060509677;0,058069697;0,060090323;0,05483871;0,056834375;0,062123077;0,060317647;0,060521053;0,056944737;0,057510256;0,06545;0,055441463;0,058552381;0,055990244;0,064514286;
Київ;5053050;Сульфати;0,019;0,021;0,025;0,016;0,012;0,0145;0,021;0,026;0,019;0,014;0,026;0,018;;0,0215;0,016;0,013;0,014;0,016;0,016;0,018;0,017;0,013;0,0205;0,017;0,015;0,0155;0,0175;
Київ;5053050;Оксид вуглецю;1,016785714;1,044642857;1,026785714;1,117857143;1,125;0,96;1,506333333;0,967333333;1,054666667;1,301333333;1,518266667;1,257433333;1,503;1,286666667;1,086333333;1,053333333;1,190666667;1,3596875;1,0415625;0,8715625;0,8909375;0,993125;1,128125;1,2240625;1,153125;0,9575;0,70378125;
Київ;5053050;Дiоксид азоту;0,166003448;0,161165517;0,157269231;0,15171;0,151356667;0,165483333;0,158160606;0,161544118;0,152158065;0,169270968;0,169253125;0,174313793;0,158343333;0,1782;0,18472069;0,185383333;0,161983871;0,160862162;0,160451515;0,160581579;0,159294595;0,156581579;0,158355;0,1462875;0,137895238;0,132970732;0,14737381;
Київ;5053050;Сiрководень;0,00284;0,003133333;0,00268;0,00252;0,002916667;0,00282;0,00274;0,002083333;0,00286;0,0022;0,002533333;0,00298;0,00224;0,0022;0,001825;0,00176;0,0021;0,0018;0,00206;0,001983333;0,0025;0,00196;0,00235;0,00228;0,001766667;0,00195;0,002616667;
Київ;5053050;Фенол;0,00575;0,005883333;0,005936364;0,005638462;0,00525;0,005333333;0,005741667;0,005825;0,005566667;0,005791667;0,006145455;0,005608333;0,005790909;0,005553846;0,005576923;0,005663636;0,005472727;0,005675;0,005884615;0,005727273;0,006781818;0,006330769;0,006021429;0,006123077;0,005907143;0,005428571;0,006;
Київ;5053050;Фтористий водень;0,001258333;0,001136364;0,001109091;0,001085714;0,001054545;0,001116667;0,00135;0,00122;0,001215385;0,00115;0,00114;0,001215385;0,001158333;0,00114;0,001135714;0,001225;0,001054545;0,000861538;0,001076923;0,001036364;0,001016667;0,001033333;0,0011;0,000966667;0,000723077;0,000657143;0,000757143;
Київ;5053050;Хлористий водень;0,101414286;0,096969231;0,089069231;0,100426667;0,095261538;0,089685714;0,1041;0,092015385;0,099571429;0,1011;0,094115385;0,09875;0,091864286;0,089633333;0,087914286;0,087442857;0,0859;0,073377778;0,08005625;0,087194444;0,080994444;0,07699375;0,088995;0,069744444;0,073021053;0,07372;0,079825;
Київ;5053050;Амiак;0,009015385;0,008542857;0,007525;0,008293333;0,007578571;0,008246154;0,008066667;0,007792857;0,008321429;0,008630769;0,007907692;0,008407143;0,0086;0,007792308;0,008271429;0,008808333;0,008036364;0,007985714;0,00815;0,007571429;0,007653333;0,007378571;0,007961111;0,00821875;0,008038889;0,008361111;0,008544444;
Київ;5053050;Формальдегiд;0,004540625;0,00446129;0,003817241;0,003988571;0,0040625;0,004409091;0,005188889;0,005608571;0,005908333;0,0063;0,006369697;0,006685294;0,0066;0,007075758;0,006917143;0,005266667;0,004672727;0,005902439;0,006045946;0,005120513;0,005485;0,004841463;0,004320455;0,004488095;0,003306667;0,002844444;0,003586957;
Вінниця;4922860;Завислі речовини;0,225;0,775;0,125;0,3;0,3;0,35;0,225;0,3;0;0,075;0,225;0,25;0;0;0;0;0,075;0,075;0;0;0;0,275;0,275;0,325;0,175;0,15;0,25;
Вінниця;4922860;Дiоксид сiрки;0,00115;0,001375;0;0,000275;0,00055;0,000275;0;0;0,00055;0,0002875;0,00085;0,0014375;0,00085;0,000275;0,00055;0,000275;0,0011125;0,0008375;0;0,0011125;0,000825;0;0;0;0,000275;0,000275;0,00055;
Вінниця;4922860;Оксид вуглецю;0,766666667;0,7;1,3;0,65;0,9;0,7;0,8;0,95;0,675;0,775;0,85;0,8;0,8;0,825;0,9;0,9;0,9;1,025;1,225;0,925;0,9;0,875;0,75;0,85;0,7;0,775;0,9;
Вінниця;4922860;Дiоксид азоту;0,0600625;0,035675;0,04405;0,050675;0,0670875;0,0239875;0,058725;0,0638;0,0425;0,093075;0,0754625;0,06005;0,0442625;0,076875;0,0309125;0,0370375;0,05475;0,04225;0,070575;0,0320125;0,064925;0,0420125;0,048075;0,03805;0,035275;0,0350125;0,027825;
Вінниця;4922860;Фтористий водень;0,006175;0,0127125;0,0038625;0,0075625;0,0041875;0,0185125;0,0060875;0;0,0134375;0,0077375;0,005075;0,01765;0,0066625;0,00695;0,0089;0,0110875;0,0068625;0,0087875;0,0142;0,003525;0,01755;0,0125625;0,0019;0,00915;0,0109375;0,002275;0,0151875;
Вінниця;4922860;Амiак;0,008;0,003825;0,00575;0,0076;0;0,01705;0,013375;0,01175;0,0231;0,015525;0,003975;0,015775;0,005725;0,007825;0,00775;0,00965;0,003875;0,015325;0,0038;0;0,015275;0,00385;0;0,003875;0;0,005675;0,003875;
Вінниця;4922860;Формальдегiд;0,007475;0,016875;0,005375;0,01865;0,0114;0,008275;0,011475;0,005325;0;0,007475;0,007475;0,005425;0,0138;0,0075;0,00635;0,0147;0,00415;0,00315;0,013675;0,0032;0,005225;0,004175;0;0,00315;0,013425;0,016375;0,011475;
Луцьк;5082530;Завислі речовини;;;;;;;;;;0,083333333;0,083333333;0,066666667;0,083333333;0,1;0,033333333;0,05;0,1;0,05;0,066666667;0,066666667;0,083333333;0,05;0,05;0,033333333;0,083333333;0,033333333;0,1;
Луцьк;5082530;Дiоксид сiрки;;;;;;;;;;0,002108333;0,003208333;0,004025;0,003025;0,002508333;0,002916667;0,002658333;0,001633333;0,001625;0,0026;0,002066667;0,002741667;0,002358333;0,00255;0,001375;0,0025;0,002933333;0,003233333;
Луцьк;5082530;Сульфати;;;;;;;;;;0,005;0,005;0,01;0,005;0,01;0,01;0,005;0,01;0,01;0,01;0,01;0,005;0,005;0;0;0,005;0,01;0,01;
Луцьк;5082530;Оксид вуглецю;;;;;;;;;;0,166666667;0,5;0,833333333;1;1;1;1;1;0,833333333;0,666666667;0,666666667;0,333333333;0,333333333;0,333333333;0,333333333;0,333333333;0,833333333;0,5;
Луцьк;5082530;Дiоксид азоту;;;;;;;;;;0,075633333;0,053516667;0,093833333;0,063583333;0,032025;0,047725;0,03675;0,04985;0,032066667;0,026641667;0,037283333;0,057516667;0,053833333;0,0402;0,04175;0,048933333;0,055458333;0,059075;
Луцьк;5082530;Оксид азоту;;;;;;;;;;0,039925;0,03285;0,050375;0,037225;0,0301;0,02325;0,026175;0,027925;0,025575;0,014625;0,020325;0,033525;0,02205;0,017775;0,023175;0,0253;0,0263;0,025775;
Луцьк;5082530;Фенол;;;;;;;;;;0,006741667;0,006658333;0,006316667;0,006041667;0,004158333;0,005508333;0,004725;0,00615;0,00445;0,006366667;0,005775;0,005808333;0,006741667;0,008233333;0,005433333;0,006383333;0,006991667;0,006825;
Луцьк;5082530;Формальдегiд;;;;;;;;;;0,0084625;0,0090875;0,00955;0,0142625;0,016625;0,0127875;0,0067625;0,006725;0,007075;0,010925;0,01365;0,0148375;0,0126125;0,0114125;0,0070875;0,0073375;0,006675;0,012425;
Ужгород;4862230;Завислі речовини;0,1725;0,095;0,0875;0,1525;0,195;0,1675;0,175;0,1675;0,26;0,275;0,2175;0,22;0,215;0,2425;0,2;0,205;0,215;0,25;0,2325;0,2125;0,2075;0,205;0,27;0,3125;0,235;0,21;0,2225;
Ужгород;4862230;Дiоксид сiрки;0,017285714;0,016375;0,01475;0,016857143;0,01725;0,015125;0,014;0,014;0,015571429;0,018375;0,0155;0,014375;0,015875;0,01325;0,016;0,0155;0,01475;0,016625;0,013;0,013625;0,009875;0,010875;0,01225;0,015;0,0115;0,009;0,01275;
Ужгород;4862230;Сульфати;0,0065;0,007;0,0045;0,003;0,0075;0,009;0,0065;0,004;0,006;0,004;0,0045;0,0085;0,0075;0,0055;0,006;0,0065;0,007;0,009;0,009;0,0065;0,006;0,0085;0,0095;0,006;0,007;0,0115;0,01;
Ужгород;4862230;Оксид вуглецю;0,6925;0,6675;0,5375;0,7225;0,74;1,03;0,865;0,725;0,75;0,9125;0,6375;0,665;0,655;0,7425;0,6025;0,61;0,6425;0,67;0,6275;0,695;0,6075;0,7225;0,64;0,6225;0,57;0,705;0,695;
Ужгород;4862230;Дiоксид азоту;0,146142857;0,08375;0,06475;0,067142857;0,107375;0,04725;0,05;0,057428571;0,045571429;0,129125;0,05825;0,066125;0,060125;0,05775;0,054125;0,064125;0,059;0,053375;0,057875;0,049125;0,03025;0,04175;0,046375;0,046125;0,043875;0,045;0,04125;
Ужгород;4862230;Оксид азоту;0,065;0,03175;0,034;0,04125;0,053;0,02625;0,03325;0,03075;0,01775;0,0425;0,02675;0,03425;0,04825;0,02725;0,037;0,048;0,03925;0,03675;0,043;0,0245;0,01625;0,02975;0,0235;0,027;0,0225;0,027;0,02375;
Ужгород;4862230;Формальдегiд;0,010714286;0,009125;0,007125;0,008857143;0,008875;0,007;0,009;0,006714286;0,006857143;0,019625;0,008375;0,0065;0,007;0,007875;0,008125;0,007125;0,007875;0,00625;0,005875;0,006;0,005375;0,005625;0,00725;0,006875;0,00575;0,00525;0,007125;
Запоріжжя;4793510;Завислі речовини;0,23;0,09;0,16;0,12;0,093;0,08;0,21;0,22;0,09;0,14;0,166666667;0,07;0,11;0,091;0,1;0,14;0,1;0,07;0,088888889;0,088888889;0,06;0,07;0,1;0,09;0,11;0,1;0,08;
Запоріжжя;4793510;Дiоксид сiрки;0,008469231;0,007871429;0,008542857;0,009421429;0,008628571;0,006957143;0,008869231;0,0091;0,008478571;0,008464286;0,006992308;0,006464286;0,007392308;0,008364286;0,008442857;0,007657143;0,0085;0,00745;0,008166667;0,0068;0,006992857;0,006757143;0,007157143;0,005821429;0,006253846;0,007578571;0,007942857;
Запоріжжя;4793510;Сульфати;0,01;0,01;0,01;0,01;0,01;0,01;0,015;0,015;0,015;0,015;0,01;0,01;0,02;0,015;0,01;0,015;0,02;0,01;0,015;0,02;0,015;0,01;0,015;0,015;0,015;0,01;0,01;
Запоріжжя;4793510;Оксид вуглецю;0,77;0,76;0,87;0,71;0,81;0,84;0,67;0,57;0,87;0,7;1,08;1,84;0,64;0,53;0,78;0,74;0,79;0,4;1;0,69;0,37;0,39;0,75;0,52;1,09;0,34;0,35;
Запоріжжя;4793510;Дiоксид азоту;0,082384615;0,061392857;0,071185714;0,0518;0,046007143;0,055835714;0,095592308;0,103521429;0,078742857;0,100307143;0,101338462;0,060842857;0,077238462;0,075864286;0,087792857;0,0908;0,105535714;0,071478571;0,095233333;0,093876923;0,071264286;0,081585714;0,093628571;0,113185714;0,102807692;0,059342857;0,058214286;
Запоріжжя;4793510;Оксид азоту;0,038033333;0,0362;0,0484;0,036333333;0,0386;0,044633333;0,063966667;0,0696;0,040833333;0,057566667;0,057666667;0,043066667;0,041033333;0,045866667;0,065533333;0,058233333;0,069766667;0,0456;0,049833333;0,0573;0,056833333;0,059166667;0,066966667;0,073833333;0,078366667;0,0424;0,032933333;
Запоріжжя;4793510;Сiрководень;0,003666667;0,003036364;0,004172727;0,003063636;0,003181818;0,002863636;0,003744444;0,003645455;0,003109091;0,004127273;0,004127273;0,003390909;0,004166667;0,004445455;0,003136364;0,004027273;0,003409091;0,003081818;0,0041;0,004163636;0,003581818;0,003545455;0,004227273;0,004209091;0,0034;0,002854545;0,003081818;
Запоріжжя;4793510;Фенол;0,007522222;0,00443;0,00582;0,006;0,00437;0,00386;0,0079;0,00788;0,00585;0,00726;0,00559;0,00585;0,007511111;0,00697;0,00655;0,0078;0,00792;0,00648;0,007575;0,007366667;0,00612;0,00665;0,00652;0,00751;0,0072;0,00404;0,00582;
Запоріжжя;4793510;Фтористий водень;0;0;0,001125;0;0;0,000275;0,000966667;0,0003;0,000225;0,0011;0;0;0;0,000175;0,000175;0,00035;0;0;0,000433333;0,00035;0,000175;0;0;0,00065;0,000666667;0;0,00035;
Запоріжжя;4793510;Хлористий водень;0,052666667;0,036975;0,05385;0,0386;0,0439625;0,03355;0,052433333;0,049325;0,049325;0,0410375;0,03485;0,0328;0,040216667;0,0508375;0,0429375;0,047;0,03435;0,0383375;0,0412;0,039;0,0553875;0,037825;0,0516375;0,0407875;0,0435;0,0403875;0,0416;
Запоріжжя;4793510;Формальдегiд;0,0056;0,003375;0,0067;0,004575;0,004075;0,00325;0,0069;0,006675;0,004925;0,00755;0,0081;0,010325;0,011066667;0,007025;0,006725;0,00975;0,010225;0,0088;0,006966667;0,0075;0,00625;0,0076;0,00945;0,008225;0,009766667;0,00655;0,00945;
Івано-Франківськ;4892470;Завислі речовини;;0,14;0,15;0,15;;0,14;;0,17;0,15;0,14;0,165;0,145;;0,295;0,12;0,145;0,155;0,15;;0,15;0,145;0,135;0,17;0,165;0,15;0,165;0,165;
Івано-Франківськ;4892470;Дiоксид сiрки;0,0016;0,0028;0,0016;0,0024;0,0016;0,003225;0,0024;0,00285;0,0025;0,002025;0,01325;0,00535;0,0041;0,0037;0,00405;0,00285;0,00285;0,0041;0,0033;0,00405;0,00365;0,0032;0,00405;0,003675;0,003575;0,003625;0,00325;
Івано-Франківськ;4892470;Оксид вуглецю;;1,95;2;2,3;;1,7;;2,4;2,1;2;2,55;2,05;;4,4;2,05;2,45;1,8;1,95;;1,8;1,95;1,8;2,4;2,6;2,65;3,1;2,85;
Івано-Франківськ;4892470;Дiоксид азоту;0,17035;0,05525;0,0542;0,0427;0,0482;0,0527;0,0409;0,049325;0,05985;0,05165;0,050825;0,0498;0,0574;0,049425;0,05585;0,0444;0,056125;0,06015;0,05185;0,049775;0,049425;0,06;0,0543;0,083975;0,05095;0,047875;0,05215;
Івано-Франківськ;4892470;Оксид азоту;0,0646;0,03675;0,03525;0,0287;0,0324;0,03435;0,02725;0,032375;0,038;0,03415;0,034075;0,032325;0,03735;0,03205;0,0348;0,02895;0,0365;0,03895;0,03395;0,031825;0,03205;0,03885;0,035;0,054625;0,03335;0,032225;0,034475;
Дніпро;4863510;Завислі речовини;0,3;0,285714286;0,3375;0,414285714;0,3375;0,275;0,3625;0,3625;0,3875;0,316666667;0,325;0,2875;0,3625;0,3875;0,325;0,3375;0,3375;0,3125;0,25;0,2625;0,25;0,2875;0,3125;0,2125;0,3625;0,3625;0,2625;
Дніпро;4863510;Дiоксид сiрки;0,0073125;0,009347826;0,00825;0,011136364;0,009166667;0,008083333;0,008277778;0,009666667;0,007916667;0,00752381;0,011083333;0,011625;0,011277778;0,011083333;0,010416667;0,007208333;0,008666667;0,010083333;0,008944444;0,011291667;0,007333333;0,008;0,007166667;0,0085;0,017166667;0,015333333;0,020416667;
Дніпро;4863510;Оксид вуглецю;2,333333333;1,833333333;2,083333333;2,416666667;1,916666667;2,166666667;2,083333333;1,666666667;2,25;2,25;2,833333333;2,583333333;3;2,833333333;2,666666667;2,75;3,166666667;2,583333333;2,833333333;2,5;3,416666667;3,166666667;2,916666667;2,583333333;2,083333333;2,083333333;2,5;
Дніпро;4863510;Дiоксид азоту;0,07125;0,054347826;0,057083333;0,073181818;0,066666667;0,065833333;0,078333333;0,079166667;0,072083333;0,070952381;0,094166667;0,092916667;0,106666667;0,099583333;0,102916667;0,108333333;0,100416667;0,096666667;0,104444444;0,089166667;0,097916667;0,094583333;0,095;0,0775;0,080555556;0,055833333;0,057083333;
Дніпро;4863510;Оксид азоту;0,05;0,04;0,0375;0,0325;0,035;0,035;0,046666667;0,045;0,045;0,0525;0,045;0,0475;0,056666667;0,0375;0,05;0,07;0,065;0,0425;0,06;0,0375;0,055;0,0425;0,035;0,0425;0,03;0,0325;0,025;
Дніпро;4863510;Сiрководень;0,001875;0,001826087;0,000916667;0,002136364;0,002416667;0,002083333;0,002388889;0,001875;0,001416667;0,002285714;0,001458333;0,003333333;0,003666667;0,004208333;0,003125;0,004541667;0,003666667;0,003291667;0,0035;0,004541667;0,002833333;0,002708333;0,002125;0,003;0,002888889;0,002291667;0,003625;
Дніпро;4863510;Фенол;0,002375;0,001583333;0,001583333;0,002181818;0,001333333;0,00225;0,002222222;0,003666667;0,002666667;0,002363636;0,002;0,004666667;0,005;0,006583333;0,00525;0,006083333;0,004083333;0,003;0,004222222;0,003666667;0,00325;0,003666667;0,003083333;0,003333333;0,001666667;0,002166667;0,0025;
Дніпро;4863510;Амiак;0,056;0,04875;0,05125;0,048571429;0,0475;0,05;0,043333333;0,0625;0,05;0,057142857;0,06;0,05125;0,08;0,075;0,08875;0,08875;0,08125;0,05375;0,068333333;0,08375;0,06625;0,0525;0,0475;0,05375;0,076666667;0,05125;0,05;
Дніпро;4863510;Формальдегiд;0,01975;0,015727273;0,017833333;0,022;0,017166667;0,013666667;0,018888889;0,016916667;0,017916667;0,0195;0,018583333;0,021666667;0,027333333;0,029916667;0,033083333;0,0275;0,024083333;0,01975;0,013777778;0,016416667;0,015416667;0,018083333;0,022;0,02;0,019666667;0,016666667;0,015416667;
Кривий Ріг;4793340;Завислі речовини;0,525;0,511111111;0,625;0,488888889;0,466666667;0,49;0,544444444;0,642857143;0,55;0,533333333;0,6375;0,722222222;0,46;0,628571429;0,6;0,38;0,55;0,6;0,485714286;0,68;0,4375;0,45;0,357142857;0,4125;0,5625;0,4875;0,4625;
Кривий Ріг;4793340;Дiоксид сiрки;0,02575;0,028818182;0,033363636;0,03325;0,0305;0,029076923;0,028555556;0,025222222;0,028538462;0,0275;0,031909091;0,027166667;0,0298;0,0332;0,029272727;0,029625;0,021090909;0,024;0,027857143;0,021714286;0,026181818;0,025428571;0,03725;0,031;0,038125;0,026363636;0,022545455;
Кривий Ріг;4793340;Оксид вуглецю;1;1,6;1,6;2;1,5;1,1;1,4;1,5;1,8;1,4;1,8;1,5;1,375;1,625;1,625;1,5;1,25;1,25;1,375;1;1;1,5;1,25;1,25;1,125;1;1;
Кривий Ріг;4793340;Дiоксид азоту;0,02125;0,034545455;0,04;0,039166667;0,0275;0,033846154;0,031111111;0,034444444;0,034615385;0,038333333;0,034545455;0,0275;0,026;0,036;0,032727273;0,03375;0,029090909;0,026363636;0,047142857;0,055714286;0,028181818;0,024285714;0,0375;0,035454545;0,035;0,024545455;0,028181818;
Кривий Ріг;4793340;Оксид азоту;0,015;0,013333333;0,025;0,026666667;0,02;0,016666667;0,02;0,013333333;0,023333333;0,023333333;0,02;0,023333333;0,015;0,023333333;0,023333333;0,016666667;0,016666667;0,02;0,015;0,023333333;0,013333333;0,01;0,02;0,023333333;0,025;0,016666667;0,016666667;
Кривий Ріг;4793340;Сiрководень;0,00075;0,001333333;0,001375;0,001;0,001;0,0011;0,000666667;0,001142857;0,0012;0,000777778;0,001125;0,001;0,0014;0,001;0,000875;0,0008;0,000875;0,00075;0,000857143;0,0006;0,00075;0,001;0,000857143;0,000875;0,00125;0,001;0,000875;
Кривий Ріг;4793340;Фенол;0,001583333;0,002944444;0,002222222;0,002526316;0,001842105;0,0024;0,001285714;0,002;0,002;0,002052632;0,002055556;0,001894737;0,003111111;0,002428571;0,002;0,002230769;0,00175;0,001375;0,001818182;0,001363636;0,00175;0,001625;0,001533333;0,001375;0,002416667;0,0015;0,00175;
Кривий Ріг;4793340;Амiак;0,0075;0,012777778;0,011111111;0,011052632;0,007894737;0,008;0,009285714;0,010625;0,011;0,01;0,01;0,009473684;0,010909091;0,009285714;0,009375;0,01;0,008666667;0,008125;0,009090909;0,009090909;0,009375;0,01;0,009333333;0,008666667;0,01;0,009375;0,01;
Кривий Ріг;4793340;Формальдегiд;0,01925;0,021;0,020555556;0,020736842;0,023368421;0,02155;0,02;0,023;0,02595;0,025;0,022277778;0,022736842;0,028333333;0,027428571;0,02075;0,022846154;0,0171875;0,0164375;0,018909091;0,018090909;0,015875;0,0165625;0,017333333;0,0195625;0,019583333;0,0173125;0,019125;
Кам'янське;4853460;Завислі речовини;0,4691;0,3724625;0,4939875;0,41575;0,4991875;0,4334375;0,393225;0,513275;0,3797375;0,5074125;0,474475;0,5027;0,5531375;0,4372375;0,4858;0,395175;0,268685714;0,3631375;0,254975;0,28595;0,2802125;0,34405;0,2793;0,2895375;0,397525;0,31505;0,3446125;
Кам'янське;4853460;Дiоксид сiрки;0,011275;0,0106875;0,01085;0,011;0,0089125;0,0078875;0,008025;0,0097875;0,0101625;0,0116875;0,0131125;0,012975;0,0139;0,011775;0,012233333;0,009775;0,011242857;0,0121875;0,0095875;0,0082875;0,0087375;0,007325;0,00725;0,005675;0,0075625;0,00685;0,0076375;
Кам'янське;4853460;Оксид вуглецю;4,625;4;3,875;3,875;3,75;3,625;3,375;3,75;4,125;4,375;4;4,375;4,25;4,375;4,625;4,375;4,125;4,375;4;3,75;3,875;4,25;4,25;4;4,125;4,125;4;
Кам'янське;4853460;Дiоксид азоту;0,121533333;0,14621875;0,1803875;0,16440625;0,14468125;0,1563125;0,1637;0,145675;0,12736875;0,1446875;0,16719375;0,2196375;0,179441667;0,15326875;0,115476923;0,130545455;0,151261538;0,1274875;0,159681818;0,138625;0,15920625;0,22399375;0,1348125;0,17159375;0,132141667;0,0997375;0,12238125;
Кам'янське;4853460;Оксид азоту;0,0793;0,0706;0,089075;0,072925;0,07505;0,059525;0,087966667;0,06885;0,0591;0,066375;0,074825;0,094375;0,084533333;0,072375;0,059033333;0,0614;0,062633333;0,059525;0,071366667;0,061775;0,076175;0,104425;0,0606;0,079375;0,069733333;0,051125;0,06345;
Кам'янське;4853460;Сiрководень;0,004372727;0,004833333;0,00398;0,004766667;0,00588;0,00338;0,0055;0,006206667;0,005326667;0,005846667;0,005006667;0,004353333;0,004727273;0,004473333;0,004184615;0,00359;0,004441667;0,005166667;0,00452;0,0054;0,004633333;0,004846667;0,00442;0,004653333;0,005472727;0,004093333;0,00478;
Кам'янське;4853460;Фенол;0,009191667;0,00716875;0,00570625;0,0048;0,0069125;0,00675625;0,005183333;0,0066875;0,0060375;0,00725;0,005425;0,0045625;0,006558333;0,00564375;0,005861538;0,004672727;0,006;0,00615625;0,005572727;0,0063875;0,00556875;0,005275;0,00459375;0,0044625;0,005008333;0,0068;0,00548125;
Кам'янське;4853460;Амiак;0,0592875;0,05365;0,051625;0,057625;0,061275;0,051475;0,0601625;0,0686;0,063475;0,0549125;0,051375;0,0512875;0,055925;0,05995;0,059585714;0,060566667;0,051166667;0,0529875;0,051057143;0,052575;0,05325;0,050925;0,054425;0,0535125;0,0523375;0,0474125;0,0446125;
Кам'янське;4853460;Формальдегiд;0,019;0,01725;0,017575;0,0189625;0,0243;0,02055;0,0197875;0,022425;0,0209875;0,0217875;0,0213625;0,022075;0,0214625;0,0232875;0,024183333;0,019875;0,021057143;0,016825;0,0142625;0,0163875;0,014175;0,0147375;0,0159375;0,0172875;0,0166625;0,01275;0,0135125;
Краматорськ;4873760;Завислі речовини;;;;;;;;;;;;;;;;;;;;;;;;;;;;
Краматорськ;4873760;Дiоксид сiрки;;;;;;;;;;;;;;;;;;;;;;;;;;;;
Краматорськ;4873760;Оксид вуглецю;;;;;;;;;;;;;;;;;;;;;;;;;;;;
Краматорськ;4873760;Дiоксид азоту;;;;;;;;;;;;;;;;;;;;;;;;;;;;
Краматорськ;4873760;Фенол;;;;;;;;;;;;;;;;;;;;;;;;;;;;
Краматорськ;4873760;Фтористий водень;;;;;;;;;;;;;;;;;;;;;;;;;;;;
Краматорськ;4873760;Формальдегiд;;;;;;;;;;;;;;;;;;;;;;;;;;;;
Кропивницький;4853220;Завислі речовини;0,333333333;0,35;0,383333333;0,283333333;0,333333333;0,3;0,3;0,333333333;0,433333333;0,333333333;0,433333333;0,333333333;0,333333333;0,3;0,333333333;0,3;0,316666667;0,266666667;0,316666667;0,3;0,25;0,3;0,333333333;0,266666667;0,316666667;0,25;0,3;
Кропивницький;4853220;Дiоксид сiрки;0,020466667;0,021058333;0,0163;0,017725;0,013683333;0,015216667;0,0179;0,013258333;0,016141667;0,016583333;0,0159;0,019908333;0,017955556;0,019266667;0,013708333;0,016616667;0,020858333;0,0162;0,0128;0,017433333;0,016975;0,016191667;0,020658333;0,016933333;0,016533333;0,017483333;0,01675;
Кропивницький;4853220;Сульфати;0;0;0,005;0,01;0,01;0;0,005;0,005;0,005;0,005;0,005;0,005;0;0,005;0,005;0,015;0,005;0,005;0;0,015;0;0,005;0,005;0,005;0;0,005;0,005;
Кропивницький;4853220;Оксид вуглецю;4,166666667;3,166666667;2,666666667;2,166666667;3,833333333;3,833333333;3,166666667;2,833333333;3,166666667;3,666666667;3,5;2,833333333;3,5;3,5;4,333333333;4;3,666666667;3,833333333;3;3,166666667;2,5;3,333333333;2,5;3,166666667;2;2,333333333;1,833333333;
Кропивницький;4853220;Дiоксид азоту;0,0277;0,030508333;0,030258333;0,0285;0,022591667;0,031316667;0,029688889;0,032775;0,023791667;0,031858333;0,026091667;0,029508333;0,033388889;0,03485;0,032416667;0,024775;0,022875;0,032891667;0,020811111;0,026125;0,028125;0,026258333;0,029391667;0,025625;0,028722222;0,024941667;0,025208333;
Кропивницький;4853220;Оксид азоту;0,015133333;0,018725;0,01055;0,017125;0,0142;0,018125;0,0165;0,0219;0,01275;0,016975;0,01635;0,017575;0,014133333;0,01575;0,021175;0,01245;0,01505;0,0174;0,011833333;0,01535;0,009625;0,0224;0,01455;0,0172;0,014766667;0,0102;0,015175;
Кропивницький;4853220;Сажа;0,025;0,021666667;0,013333333;0,021666667;0,013333333;0,021666667;0,016666667;0,025;0,023333333;0,023333333;0,025;0,025;0,016666667;0,02;0,01;0,018333333;0,013333333;0,023333333;0,021666667;0,028333333;0,025;0,016666667;0,015;0,021666667;0,013333333;0,021666667;0,023333333;
Кропивницький;4853220;Формальдегiд;0,005666667;0,005133333;0,004566667;0,0042;0,002066667;0,002033333;0,0056;0,003566667;0,007433333;0,007766667;0,010166667;0,004466667;0,007466667;0,003266667;0,005366667;0,003266667;0,002666667;0,002033333;0,003533333;0,0044;0,003266667;0,004733333;0,0041;0,003766667;0,0038;0,0023;0,004633333;
Світловодськ;4903340;Завислі речовини;0,05;0,1;0,15;0,1;0,1;0,1;0,1;0,15;0,1;0,25;0,1;0,2;0,1;0,15;0,15;0,1;0,1;0,1;;0,1;0,1;0,15;0,1;0,1;;0;0;
Світловодськ;4903340;Дiоксид сiрки;0,024766667;0,029533333;0,020233333;0,020166667;0,02;0,010933333;0,021966667;0,0602;0,0699;0,022366667;0,0452;0,040466667;0,0452;0,0226;0,018433333;0,0322;0,0364;0,006833333;;0,0248;0,0362;0,0205;0,0161;0,0183;;0,0292;0,0382;
Світловодськ;4903340;Сульфати;0;0;0,005;0,01;0,005;0,01;0;0;0,005;0,01;0,01;0,005;0,005;0;0;0,01;0,005;0,01;;0,005;0;0,01;0,005;0;;0;0,01;
Світловодськ;4903340;Оксид вуглецю;1;1;1;1;1;1;1;1;1;1;1;1,5;1;1;1;1;1;1;;1;1;1;1;1;;1;1;
Світловодськ;4903340;Дiоксид азоту;0,037066667;0,018666667;0,026033333;0,0225;0,0403;0,047033333;0,021766667;0,033066667;0,0407;0,055333333;0,0597;0,0409;0,041133333;0,040966667;0,0446;0,018566667;0,0183;0,0293;;0,036733333;0,025566667;0,032933333;0,029466667;0,051366667;;0,054433333;0,036366667;
Світловодськ;4903340;Оксид азоту;0,025266667;0,0231;0,025366667;0,020166667;0,019866667;0,0172;0,017433333;0,012433333;0,022566667;0,020066667;0,037933333;0,047833333;0,0328;0,040433333;0,022633333;0,020266667;0,0199;0,0224;;0,022333333;0,009933333;0,024833333;0,0202;0,0324;;0,032;0,0345;
Світловодськ;4903340;Формальдегiд;0,003533333;0,004733333;0,005933333;0,002366667;0,0012;0,0034;0,0035;0,0058;0,0094;0,0058;0,0059;0,002333333;0,013033333;0,015366667;0,009466667;0,0047;0,008166667;0,002333333;;0,005833333;0,0035;0,001166667;0,001166667;0,0035;;0;0,001133333;
Львів;4982410;Завислі речовини;0,161666667;0,16375;0,1575;0,171666667;0,18125;0,183333333;0,185;0,1875;0,185;0,19;0,19125;0,195;0,188333333;0,2125;0,166666667;0,181666667;0,183333333;0,19;0,178333333;0,17125;0,16;0,181666667;0,18875;0,22;0,19;0,19;0,18375;
Львів;4982410;Дiоксид сiрки;0,002991667;0,0022;0,0028;0,002983333;0,0024;0,002678571;0,008783333;0,00656875;0,004108333;0,004007143;0,00395;0,003608333;0,003833333;0,00365;0,003821429;0,003933333;0,003533333;0,003964286;0,003941667;0,00371875;0,004758333;0,003758333;0,003893333;0,0036875;0,00399375;0,0033125;0,0036125;
Львів;4982410;Оксид вуглецю;2,033333333;1,8375;1,875;2,066666667;2,1625;2,216666667;2,166666667;2,2;2,225;2,283333333;2,3125;2,55;2,183333333;2,65;2,116666667;2,5;2,566666667;2,633333333;2,266666667;2,0125;1,825;2,433333333;2,55;2,6875;2,575;2,7375;2,725;
Львів;4982410;Дiоксид азоту;0,058375;0,04058125;0,049608333;0,053716667;0,049857143;0,050628571;0,067608333;0,06405625;0,076025;0,055907143;0,056228571;0,060833333;0,060283333;0,05780625;0,057692857;0,062216667;0,053925;0,055107143;0,052866667;0,054075;0,0533;0,0575;0,056913333;0,06711875;0,05369375;0,05104375;0,0538;
Львів;4982410;Оксид азоту;0,03485;0,0258125;0,027825;0,030066667;0,0278;0,02945;0,038683333;0,0383875;0,05395;0,0344625;0,0325375;0,041;0,039716667;0,0350375;0,034216667;0,0318;0,0317;0,03705;0,028833333;0,03225;0,03385;0,033983333;0,034275;0,04935;0,0352125;0,033925;0,031575;
Львів;4982410;Фтористий водень;0,004175;0,00406875;0,004375;0,003583333;0,004085714;0,004571429;0,003975;0,00475;0,005575;0,006985714;0,005592857;0,006;0,005125;0,005275;0,004935714;0,00545;0,005008333;0,005642857;0,005491667;0,00544375;0,005958333;0,005508333;0,005166667;0,005325;0,004575;0,00518125;0,0051125;
Львів;4982410;Формальдегiд;0,011383333;0,01004375;0,011608333;0,011166667;0,011478571;0,011278571;0,01255;0,01268125;0,01355;0,012807143;0,011471429;0,012283333;0,0132;0,01219375;0,011678571;0,012216667;0,01295;0,012957143;0,013025;0,01248125;0,013216667;0,011333333;0,011873333;0,012525;0,01173125;0,01201875;0,01171875;
Миколаїв;4703200;Завислі речовини;0,1125;0,075;0,075;0,0625;0,0625;0,0625;0,1;0,1;0,1;0,075;0,1;0,1;0,1;0,1;0,1;0,1;0,05;0;0,05;0,025;0,05;0,075;0,075;0,05;0;0,05;0,05;
Миколаїв;4703200;Дiоксид сiрки;0,00755;0,0062;0,0046125;0,0064125;0,005;0,0041875;0,0038375;0,0058375;0,0049875;0,0045375;0,004825;0,0043625;0,005275;0,004825;0,00545;0,004825;0,0035;0,0035;0,004025;0,00455;0,004025;0,00425;0,004075;0,0041;0,003025;0,003325;0,002275;
Миколаїв;4703200;Оксид вуглецю;1,625;1,75;1,75;1,125;1;0,875;1,25;1;1,5;0,875;1,25;1,125;1;1,25;1,5;1,5;1,5;0,75;1,25;1,25;1;1;1,75;0,75;1,25;1,25;1,5;
Миколаїв;4703200;Дiоксид азоту;0,026775;0,0245875;0,02073125;0,01315;0,015225;0,02335625;0,0368875;0,03795;0,02985;0,02106875;0,0184375;0,0186;0,0220625;0,0281125;0,0192125;0,012775;0,0131875;0,0119125;0,0132125;0,0126625;0,0227125;0,01505;0,0218375;0,0138125;0,010875;0,037875;0,054675;
Миколаїв;4703200;Оксид азоту;0,0102;0,016025;0,014225;0,009725;0,013425;0,00865;0,014375;0,019925;0,015275;0,012675;0,011875;0,01135;0,013475;0,0144;0,009325;0,006825;0,008325;0,00545;0,005825;0,00715;0,005875;0,006225;0,005325;0,004575;0,008325;0,0057;0,00205;
Миколаїв;4703200;Фтористий водень;0,000675;0,001825;0,0011875;0,00115;0,00085;0,000525;0,0032875;0,004425;0,0021625;0,002425;0,0021625;0,0022;;;;;;;;;;;;;;;;
Миколаїв;4703200;Формальдегiд;0,01035625;0,0066125;0,006425;0,00969375;0,00821875;0,00891875;0,0078375;0,010225;0,00895625;0,00833125;0,01;0,00954375;0,010075;0,01025;0,0066625;0,0069;0,0075875;0,005225;0,010875;0,0073;0,0100125;0,01225;0,0111375;0,0087625;0,0111375;0,0098875;0,011325;
Одеса;4643080;Завислі речовини;0,195333333;0,219333333;0,188416667;0,197833333;0,198666667;0,21075;0,19625;0,207666667;0,20325;0,217833333;0,179083333;0,19075;0,1935;0,208583333;0,175916667;0,183;0,177916667;0,197833333;0,150666667;0,166833333;0,138083333;0,13825;0,158833333;0,164666667;0,157833333;0,160666667;0,186333333;
Одеса;4643080;Дiоксид сiрки;0,043705556;0,039072222;0,050183333;0,047588889;0,042138889;0,038022222;0,039833333;0,040494444;0,047972222;0,048783333;0,044405556;0,034055556;0,035361111;0,036983333;0,037127778;0,039455556;0,038861111;0,036194444;0,04285;0,043138889;0,041605556;0,043644444;0,047322222;0,039983333;0,044233333;0,041488889;0,045733333;
Одеса;4643080;Сульфати;0,022;0,023;0,025;0,022;0,02;0,02;0,0225;0,024;0,023;0,023;0,023;0,025;0,0215;0,021;0,019;0,024;0,023;0,021;0,0175;0,0195;0,0175;0,016;0,019;0,014;0,0185;0,021;0,0185;
Одеса;4643080;Оксид вуглецю;1,975;1,675;1,5875;1,55;1,4;1,4625;1,7875;1,5375;1,525;1,75;1,65;1,6;1,6625;1,65;1,6125;1,6;1,5125;1,5375;1,575;1,5375;1,725;1,5;1,475;1,575;1,65;1,625;1,4875;
Одеса;4643080;Дiоксид азоту;0,046694444;0,047127778;0,060216667;0,059466667;0,048377778;0,046333333;0,043383333;0,0537;0,052805556;0,053738889;0,0556;0,042211111;0,049288889;0,048683333;0,048766667;0,051255556;0,044538889;0,046627778;0,057744444;0,06475;0,059911111;0,055405556;0,060455556;0,057005556;0,060066667;0,059716667;0,056516667;
Одеса;4643080;Оксид азоту;0,041375;0,038925;0,036575;0,033875;0,0329;0,0295;0,03245;0,03615;0,0336;0,0285;0,031125;0,032875;0,0315;0,034075;0,03465;0,033075;0,031375;0,0225;0,037725;0,0416;0,0394;0,039425;0,0327;0,03855;0,0394;0,036825;0,0386;
Одеса;4643080;Сiрководень;0,0016125;0,0015375;0,0018625;0,00195;0,001675;0,001925;0,0018875;0,00205;0,0024375;0,0019625;0,0023375;0,001975;0,002275;0,0022625;0,0017;0,001675;0,00185;0,0016375;0,0022875;0,0029625;0,00235;0,0018875;0,00195;0,0022125;0,003075;0,001875;0,002025;
Одеса;4643080;Фенол;0,004195238;0,004314286;0,003838095;0,003947619;0,003519048;0,003695238;0,004242857;0,004185714;0,004566667;0,003585714;0,003909524;0,004190476;0,00422381;0,004361905;0,004166667;0,004119048;0,004390476;0,003938095;0,003409524;0,003761905;0,004333333;0,003585714;0,004214286;0,004485714;0,004061905;0,00377619;0,004452381;
Одеса;4643080;Сажа;0,08375;0,06625;0,05875;0,0525;0,045;0,03875;0,05375;0,0475;0,05375;0,06375;0,06;0,0475;0,055;0,05375;0,05125;0,05125;0,04875;0,05125;0,05;0,05375;0,03875;0,0325;0,03875;0,045;0,04375;0,045;0,04875;
Одеса;4643080;Фтористий водень;0,005825;0,0062625;0,0041375;0,0046875;0,0051875;0,004125;0,004675;0,005375;0,0052125;0,0052125;0,0033125;0,0036625;0,0040125;0,004125;0,003075;0,0034375;0,0026;0,0030375;0,005125;0,0055375;0,0066875;0,0054;0,0088;0,008325;0,005275;0,0037625;0,0053125;
Одеса;4643080;Формальдегiд;0,009176923;0,009461538;0,008976923;0,0074;0,008238462;0,009661538;0,0125;0,012507692;0,012123077;0,009715385;0,009730769;0,008169231;0,009553846;0,010230769;0,006776923;0,008253846;0,008653846;0,007869231;0,009430769;0,007053846;0,011961538;0,009453846;0,008592308;0,012269231;0,011176923;0,011938462;0,010246154;
Полтава;4963460;Завислі речовини;0,175;0,25;0,4;0,2875;0,275;0,3;0,2375;0,175;0,2375;0,325;0,3875;0,4;0,45;0,25;0,266666667;0,35;0,35;0,333333333;0,25;0,166666667;0,233333333;0,216666667;0,2;0,15;0,233333333;0,183333333;0,283333333;
Полтава;4963460;Дiоксид сiрки;0,001333333;0,00075;0,0005;0,00025;0,0005;0,002;0,001333333;0,00125;0,0005;0,00075;0;0;0;0;0;0;0;0,001;0,001777778;0,002333333;0,003;0,003666667;0,001333333;0,001333333;0,002222222;0,001;0,002333333;
Полтава;4963460;Сульфати;0;0;0;0;0;0,005;0;0;0;0;0;0;0;0;0;0;0;0;0;0,005;0,01;0,005;0,005;0;0;0;0;
Полтава;4963460;Оксид вуглецю;3,444444444;4;2,888888889;3,444444444;3,555555556;4,5;2,777777778;2;4,111111111;3,444444444;4,333333333;4,75;4;3,285714286;5,285714286;3,571428571;2,714285714;3,333333333;2,714285714;1,571428571;2,285714286;2,428571429;1,857142857;3;1,428571429;0,571428571;2,428571429;
Полтава;4963460;Дiоксид азоту;0,075833333;0,08875;0,094375;0,0825;0,0625;0,05375;0,070833333;0,06625;0,075;0,085625;0,08125;0,07375;0,085555556;0,075833333;0,0825;0,075833333;0,063333333;0,046666667;0,05;0,035833333;0,054166667;0,0625;0,045833333;0,041666667;0,027777778;0,0125;0,03;
Полтава;4963460;Оксид азоту;0,043333333;0,055;0,0525;0,05;0,045;0,0325;0,04;0,05;0,055;0,04;0,05;0,0425;0,06;0,045;0,0575;0,05;0,0375;0,025;0,04;0,025;0,015;0,03;0,025;0,02;0,006666667;0,005;0,01;
Полтава;4963460;Фтористий водень;0,005333333;0,005875;0,00675;0,0055;0,0045;0,004;0,006666667;0,005125;0,004125;0,00475;0,0045;0,006625;0,006333333;0,00525;0,006375;0,005875;0,00475;0,001875;0,002;0,00175;0,001875;0,00175;0,001875;0,0015;0,0005;0,001125;0,001125;
Полтава;4963460;Хлористий водень;0,056666667;0,07;0,06;0,065;0,055;0,035;0,056666667;0,055;0,07;0,0675;0,0525;0,07;;;;;;;;;;;;;;;;
Полтава;4963460;Амiак;0,036666667;0,0375;0,0375;0,035;0,03;0,02;0,03;0,0425;0,0425;0,0425;0,0375;0,0275;0,04;0,0375;0,0425;0,0375;0,025;0,02;0,016666667;0,01;0,01;0,01;0,0075;0,015;0;0,005;0,0075;
Полтава;4963460;Формальдегiд;0,013555556;0,018916667;0,0185;0,016;0,010583333;0,0115;0,011777778;0,012583333;0,008416667;0,01;0,012416667;0,014166667;0,017166667;0,014;0,014625;0,012875;0,01;0,010875;0,007666667;0,00475;0,008625;0,008875;0,007;0,005625;0;0,00225;0,0045;
Кременчук;4813330;Завислі речовини;0,13;0,162857143;0,1575;0,145;0,148333333;0,1625;0,167142857;0,18375;0,184285714;0,175714286;0,174285714;0,13875;0,148333333;0,104;0,136666667;0,15;0,176;0,175;0,134;0,133333333;0,138333333;0,121666667;0,088333333;0,081666667;0,101666667;0,093333333;0,073333333;
Кременчук;4813330;Дiоксид сiрки;0,010157143;0,01082;0,00973125;0,008193333;0,007326667;0,00745;0,005813333;0,00761875;0,01074;0,00992;0,006784615;0,00549375;0,007566667;0,0083;0,00765;0,007842857;0,00878;0,006233333;0,008863636;0,00965;0,009045455;0,006166667;0,008283333;0,008383333;0,0065;0,005041667;0,007458333;
Кременчук;4813330;Сульфати;0,01;0,005;0,01;0,01;0,01;0,005;0,01;0,015;0,01;0,015;0,02;0,015;0,01;0,005;;;0,01;0,005;0,005;0;0,01;0,005;0;0,005;0,01;0,01;0,005;
Кременчук;4813330;Оксид вуглецю;0,675;0,8;1,1625;1,0875;1,025;0,7375;0,7625;0,7625;0,7625;0,75;1,775;2,075;1,433333333;1,1;0,9;0,8;1,25;1,033333333;0,833333333;0,666666667;0,989266667;0,686033333;0,816666667;1,116666667;0,816666667;0,533333333;0,433333333;
Кременчук;4813330;Дiоксид азоту;0,040828571;0,057653333;0,041525;0,042066667;0,03218;0,02725625;0,023573333;0,0357375;0,04676;0,041213333;0,033261538;0,0183;0,0439;0,059772727;0,03505;0,026;0,03357;0,02535;0,039563636;0,049991667;0,0464;0,03715;0,040566667;0,033475;0,023363636;0,021516667;0,032658333;
Кременчук;4813330;Оксид азоту;0,033875;0,03745;0,0295;0,028175;0,025875;0,028725;0,021025;0,024225;0,0337;0,03855;0,028;0,01395;0,0335;0,0529;;;0,024;0,012125;0,03;0,0346;0,0259;0,025175;0,024525;0,017225;0,017875;0,020475;0,025025;
Кременчук;4813330;Фенол;0,00113;0,000681818;0,000591667;0,000209091;0,000645455;0,001525;0,000636364;0,000716667;0,001263636;0,004254545;0,0004;0,00005;0,0002875;0,0006;0,000566667;0,001057143;0,002814286;0,000075;0,000685714;0,001375;0,001457143;0,001375;0,001125;0,00085;0,000414286;0,0006625;0,0001;
Кременчук;4813330;Сажа;0,011033333;0,00835;0,005575;0,008325;0,006925;0,002725;0,009625;0,0111;0,011133333;0,0111;0,0069;0,008375;0,00695;0,0075;0,013066667;0,007433333;0,007366667;0,006925;0,011033333;0,011075;0,0096;0,0082;0,006825;0,002775;0,0027;0;0,00545;
Кременчук;4813330;Амiак;0,00585;0,007375;0,008875;0,00385;0,00225;0,006;0,004575;0,009475;0,0127;0,015825;0,00705;0,0134;0,008;0,00915;;;0,0082;0,0058;0,0054;0,004475;0,004875;0,005325;0,00865;0,006925;0,002825;0,005725;0,005225;
Кременчук;4813330;Формальдегiд;0,014744444;0,014444444;0,01723;0,01731;0,021733333;0,01368;0,011655556;0,01203;0,0191;0,020022222;0,016875;0,01359;0,0136875;0,015842857;0,014975;0,01406;0,017371429;0,015325;0,012842857;0,018075;0,014757143;0,0094375;0,0092125;0,0113;0,0123125;0,0099875;0,0095375;
Рівне;5062620;Завислі речовини;0,018166667;0,041725;0;0;0,013525;0;0;0;0,0281;0,082925;0;0,019166667;0,1108;0,1134;0,1679;0,129066667;0,128166667;0,1088;0,1106;0;0;0,091733333;0;0;0,150175;0,013575;0,1212;
Рівне;5062620;Дiоксид сiрки;0,004775;0,0010875;0;0;0,0004125;0,002275;0,000775;0,000625;0;0,0020625;0,002075;0;0;0;0,00135;0,0023;0;0;0;0,001275;0,0003125;0;0,0007125;0,000625;0,00226;0,00325;0,003566667;
Рівне;5062620;Оксид вуглецю;0,9725;0,94;0,9575;1,1925;0,98;0,9075;0,955;0,7825;0,7125;0,8975;1,15;1,6025;0,985;0,805;0,985;1;0,7675;0,595;0,8675;1,095;1,1425;1,08;0,9825;1,025;0,88;0,94;0,91;
Рівне;5062620;Дiоксид азоту;0,034575;0,0178375;0,0202375;0,0210375;0,0339125;0,0359625;0,0338875;0,016775;0,01855;0,021275;0,0230625;0,0100375;0,016825;0,013875;0,030075;0,017342857;0,022525;0,028575;0,0269;0,02205;0,021125;0,0295875;0,023775;0,0135;0,02381;0,043883333;0,029825;
Рівне;5062620;Оксид азоту;0,0096;0,02075;0,029116667;0,024166667;0,0192;0,017933333;0,02536;0,004983333;0,005616667;0,005383333;0,010283333;0,0029;0,023433333;0,014975;0,04135;0,012185714;0,01835;0,027275;0,028533333;0,0163;0,02095;0,0291625;0,0240875;0,029675;0,02125;0,02007;0,01814;
Рівне;5062620;Сiрководень;0;0,00385;0,003275;0;0,00135;0;0;0,00685;0,001675;0,003475;0,004675;0,00395;0,002233333;0,001775;0;0,001714286;0;0;0,0005;0,0008;0,0031875;0,000325;0,0036625;0,005425;0,002983333;0,0021875;0,0014625;
Рівне;5062620;Фенол;0,002383333;0,000483333;0,000533333;0,000466667;0,002333333;0,004283333;0,00425;0,000533333;0,002033333;0;0;0,000433333;0,0026;0,00135;0,000825;0,0022;0,0013875;0,0024;0,003714286;0,0013625;0,00115;0;0;0,00255;0,001466667;0,00116;0,00497;
Рівне;5062620;Фтористий водень;0,00306;0,003066667;0,0029;0,0011;0,002733333;0,003916667;0;0,001266667;0,004633333;0,00495;0,001266667;0;0,009666667;0,013725;0,004775;0;0,0035;0,00755;0,00922;0,00025;0,00355;0,0021;0,01045;0,00505;0,0016;0,00105;0,0002625;
Рівне;5062620;Хлористий водень;0,007116667;0,0445;0,104566667;0,045933333;0;0,02005;0,057983333;0,013;0,036016667;0,028183333;0,07345;0,042366667;0,061425;0,032375;0,069225;0,07292;0,090883333;0,0616;0,027933333;0,013933333;0;0,05005;0,02435;0;0,0314125;0,0309875;0;
Рівне;5062620;Амiак;;;;;;;;;;;;;;;;0;0,00795;;0,013033333;0,018625;0,009425;0;0,0041;;0;0,00305;0;
Рівне;5062620;Формальдегiд;0,01414;0,008916667;0,0015;0,003883333;0,003633333;0,00485;0,00652;0,0108;0,007933333;0,019;0,007516667;0,00785;0,001666667;0,006525;0,014725;0,00774;0,00555;0,0023;0,00748;0,010466667;0,011533333;0,00505;0,001366667;0,0092;0,016066667;0,0096;0,010625;
Суми;5093480;Завислі речовини;0,283333333;0,35;0,266666667;0,3;0,333333333;0,35;0,2;0,35;0,25;0,2;0,45;0,35;0,35;0,2;0,45;0,65;0,35;0,35;0,5;0,216666667;0,3;0,266666667;0,283333333;0,216666667;0,283333333;0,266666667;0,25;
Суми;5093480;Дiоксид сiрки;0,060111111;0,066666667;0,067666667;0,075666667;0,0745;0,059083333;0,052666667;0,0635;0,06;0,0595;0,05475;0,05925;0,060666667;0,063;0,0595;0,05675;0,0535;0,06;0,058777778;0,057833333;0,062416667;0,062333333;0,065666667;0,062333333;0,056222222;0,062166667;0,058666667;
Суми;5093480;Сульфати;0,025;0,03;0,02;0,025;0,025;0,02;;;;;;;;;;;;;0,02;0,01;0,025;0,02;0,03;0,03;0,02;0,015;0,015;
Суми;5093480;Оксид вуглецю;1,5;2;1,666666667;1,333333333;2,166666667;1,5;1,5;2,5;1,5;1,5;2,5;2;1,5;2;1,5;1,5;1,5;2,5;1,833333333;1,333333333;1,333333333;1,5;1,5;2,166666667;1,333333333;1,5;1,333333333;
Суми;5093480;Дiоксид азоту;0,1;0,103333333;0,095;0,099166667;0,103333333;0,08;0,083333333;0,0775;0,14;0,1175;0,1175;0,105;0,146666667;0,11;0,09;0,1025;0,09;0,11;0,096666667;0,091666667;0,095;0,094166667;0,088333333;0,076666667;0,102222222;0,095;0,079166667;
Суми;5093480;Оксид азоту;0,046666667;0,045;0,045;0,0425;0,0375;0,0375;;;;;;;;;;;;;0,056666667;0,0475;0,0475;0,0425;0,0375;0,0375;0,05;0,05;0,04;
Суми;5093480;Амiак;0,021666667;0,02125;0,02125;0,02;0,02;0,01875;;;;;;;;;;;;;0,011666667;0,01625;0,0175;0,01875;0,0175;0,0175;0,016666667;0,01625;0,01625;
Суми;5093480;Формальдегiд;0,009666667;0,003;0,00625;0,00525;0,005;0,005;0,008333333;0,006;0,006;0,004;0,00625;0,00725;0,008333333;0,00525;0,00525;0,00625;0,00725;0,005;0,007;0,005;0,00525;0,00625;0,005;0,004;0,004;0,003;0,005;
Тернопіль;4932530;Завислі речовини;0,095;0;0;0;0,04;0,12;0,1775;0,2075;0,17;0,23;0,2775;0,24;0,105;0,216666667;0,19;0,2075;0,1775;0,225;0,075;0,13;0,15;0,055;0,0675;0,13;0,085;0,123333333;0,11;
Тернопіль;4932530;Дiоксид сiрки;0,005575;0,00045;0;0;0,002925;0,005425;0,00455;0,00365;0,00455;0,005025;0,0057625;0,006216667;0,006175;0,005028571;0,0041125;0,004325;0,0041;0,0052375;0,00365;0,004275;0,00365;0,002475;0,00405;0,0047625;0,003328571;0,0066;0,003616667;
Тернопіль;4932530;Оксид вуглецю;2,2;2,1;1,85;2,1;2,325;2,375;2,625;3,075;3,2;2,575;3,025;2,725;4,825;4,633333333;3,55;3,15;3,025;2,35;2,8;3,625;3,45;3,1;3,125;3,55;3,025;2,833333333;3,1;
Тернопіль;4932530;Дiоксид азоту;0,0555125;0,0464125;0,036575;0,0366875;0,048425;0,0511;0,0501;0,0543375;0,0524625;0,0581875;0,063025;0,064166667;0,058775;0,062685714;0,0522;0,0477;0,054425;0,058275;0,061375;0,0471625;0,0446375;0,043475;0,0454;0,0495125;0,050071429;0,057083333;0,0453;
Тернопіль;4932530;Оксид азоту;0,030875;0,024125;0,019025;0,019875;0,026475;0,02765;0,027425;0,03045;0,02895;0,032625;0,03575;0,035725;0,032525;0,037933333;0,02855;0,026375;0,030775;0,03375;0,034275;0,025575;0,023925;0,0232;0,023975;0,027625;0,026666667;0,030733333;0,022833333;
Тернопіль;4932530;Формальдегiд;0,0025;0,0003375;0;0;0,001675;0,0032125;0,00225;0,002925;0,00335;0,0027;0,0042125;0,004883333;0,0030375;0,004585714;0,0032625;0,003375;0,0034875;0,0038;0,0019125;0,0029875;0,0030375;0,0016625;0,0022;0,0028875;0,003128571;0,003666667;0,002633333;
Харків;4993630;Завислі речовини;0,080909091;0,095909091;0,076818182;0,083636364;0,101363636;0,098636364;0,0748;0,0624;0,063809524;0,064285714;0,076190476;0,055714286;0,084285714;0,082380952;0,100952381;0,087619048;0,084285714;0,124761905;0,069444444;0,075555556;0,068181818;0,070909091;0,073181818;0,076363636;0,087272727;0,081818182;0,087272727;
Харків;4993630;Дiоксид сiрки;0,0104;0,012422222;0,012525926;0,011544444;0,013237037;0,011881481;0,011763333;0,013323333;0,01155;0,013654167;0,011433333;0,014054167;0,0116625;0,014654167;0,0136;0,013;0,014775;0,012979167;0,012666667;0,012447619;0,012059259;0,01272963;0,011925926;0,012318519;0,012622222;0,012603704;0,015111111;
Харків;4993630;Сульфати;0;0,005;0;0,005;0,01;0,01;0;0,01;;;;;;;;;;;;;0;0,005;0;0,005;0,005;0;0,01;
Харків;4993630;Оксид вуглецю;1,544444444;1,472222222;1,683333333;1,527777778;1,422222222;1,2;1,37;1,3;1,3875;1,35;1,23125;1,26875;1,3875;1,2125;1,4375;1,5875;1,4125;1,5125;1,371428571;1,442857143;1,377777778;1,288888889;1,233333333;1,455555556;1,344444444;1,305555556;1,205555556;
Харків;4993630;Дiоксид азоту;0,032988889;0,027690323;0,031280645;0,032606452;0,031706452;0,023219355;0,017756667;0,020211429;0,026031034;0,025917241;0,022072414;0,026206897;0,0371;0,036551724;0,044696552;0,034896552;0,038855172;0,032896552;0,027909524;0,026484;0,029280645;0,031225806;0,02986129;0,029158065;0,031377778;0,031916129;0,033012903;
Харків;4993630;Оксид азоту;0,024466667;0,034425;0,0263;0,02445;0,028275;0,015675;0,017333333;0,0259;0,0222;0,030975;0,022675;0,021225;0,028166667;0,027225;0,029925;0,02535;0,027275;0,023225;0,022533333;0,022175;0,0358;0,022675;0,029625;0,0252;0,0195;0,02955;0,024225;
Харків;4993630;Сiрководень;0,001266667;0,0011;0,001275;0,0008;0,001025;0,001025;0,000766667;0,001125;0,0006;0,000825;0,00075;0,001;0,001066667;0,001125;0,0009;0,001;0,000875;0,001;0,001;0,000625;0,00065;0,00045;0,00065;0,0011;0,001033333;0,001275;0,00105;
Харків;4993630;Фенол;0,002188889;0,002675;0,003375;0,003075;0,003083333;0,002533333;0,003;0,003691667;0,004016667;0,003525;0,003391667;0,003541667;0,003422222;0,0033;0,003358333;0,003933333;0,003508333;0,003758333;0,003411111;0,002875;0,002966667;0,0025;0,002616667;0,0027;0,003188889;0,003241667;0,002766667;
Харків;4993630;Сажа;0,036666667;0,02;0,043333333;0,03;0,026666667;0,036666667;0,03;0,026666667;0,036666667;0,043333333;0,02;0,03;0,036666667;0,026666667;0,01;0,043333333;0,036666667;0,043333333;0,03;0,026666667;0,02;0,043333333;0,02;0,01;0,02;0,026666667;0,03;
Харків;4993630;Амiак;0,007933333;0,0046375;0,0079375;0,0079125;0,0098375;0,0115;0,008633333;0,0060625;;;;;;;;;;;;;0,006133333;0,0073625;0,0050875;0,0100875;0,005516667;0,007725;0,007775;
Харків;4993630;Формальдегiд;0,002683333;0,0025;0,003020833;0,002545833;0,002491667;0,002629167;0,003457143;0,003932143;0,003016667;0,003141667;0,0023;0,002925;0,004727778;0,003170833;0,0036625;0,003675;0,003833333;0,003258333;0,00302;0,002785;0,002647826;0,002095833;0,0023125;0,0021875;0,002822222;0,0029625;0,002708333;
Хмельницький;4942690;Завислі речовини;0,06125;0,035;0,034;0,051;0,06875;0,05175;0,0695;0,05175;0,0435;0,0875;0,06175;0,05325;0,053;0,0705;0,06125;0,04375;0,0515;0,05175;0,0955;0,09525;0,06925;0,052;0,06075;0,052;;;;
Хмельницький;4942690;Дiоксид сiрки;0,0183;0,0121875;0,0122125;0,0142625;0,014975;0,01505;0,0177375;0,0152;0,0184125;0,0205875;0,02305;0,020375;0,0235;0,019175;0,0182;0,015375;0,01735;0,0183;0,015175;0,0159625;0,0142875;0,0083625;0,0110875;0,0130375;;;;
Хмельницький;4942690;Сульфати;0,011425;0,0128;0,01265;0,01125;0,010375;0,01165;0,01025;0,011725;0,009475;0,010125;0,0115;0,01085;0,01085;0,010275;0,0095;0,01015;0,00925;0,01155;0,0112;0,01035;0,0121;0,0094;0,0102;0,010375;;;;
Хмельницький;4942690;Оксид вуглецю;2,74;2,4975;1,96;1,985;2,2575;2,3925;2,615;2,8375;2,9075;2,9425;2,95;2,9675;2,9625;3,1175;3,1575;2,7575;2,785;2,6425;2,8425;2,77;2,7025;2,4625;2,3575;2,305;;;;
Хмельницький;4942690;Дiоксид азоту;0,0361;0,033925;0,030775;0,0397375;0,0485375;0,0442625;0,0462125;0,0506125;0,0436875;0,0492375;0,0738;0,0622375;0,0491;0,045275;0,0335;0,027;0,034725;0,0313625;0,0276625;0,026625;0,0262;0,0218125;0,0258;0,032;;;;
Хмельницький;4942690;Оксид азоту;0,0305875;0,0220625;0,0266875;0,030125;0,036925;0,03315;0,0338125;0,036825;0,033225;0,0346125;0,048;0,043125;0,036575;0,0305375;0,02795;0,0217375;0,02625;0,0206375;0,0234375;0,0262;0,0233625;0,0267625;0,031725;0,02585;;;;
Хмельницький;4942690;Фенол;0,002183333;0,001166667;0,001433333;0,001466667;0,002316667;0,002216667;0,0027;0,001216667;0,001266667;0,002416667;0,003166667;0,002183333;0,0024;0,001216667;0,00135;0,0011;0,001166667;0,0011;0,00105;0,000883333;0,000916667;0,000916667;0,000733333;0,0013;;;;
Хмельницький;4942690;Хлористий водень;0,027425;0,02795;0,055525;0,028425;0,055975;0,036675;0,031225;0,029825;0,04755;0,051325;0,059;0,058625;0,0451;0,03575;0,031;0,025275;0,035625;0,03315;0,02335;0,020975;0,02885;0,0209;0,02415;0,02565;;;;
Хмельницький;4942690;Амiак;0,0051;0,0039;0,003025;0,005775;0,0053;0,0053;0,00785;0,005025;0,0056;0,006175;0,007625;0,00745;0,006525;0,00705;0,0062;0,0045;0,0064;0,005625;0,0056;0,006425;0,00475;0,0028;0,0036;0,005325;;;;
Хмельницький;4942690;Формальдегiд;0,001866667;0,0012;0,001066667;0,001333333;0,001333333;0,0012;0,001966667;0,0016;0,001866667;0,002266667;0,002;0,0023;0,002683333;0,002133333;0,001333333;0,0012;0,001466667;0,001333333;0,001733333;0,002383333;0,002266667;0,001716667;0,001466667;0,001333333;;;;
Херсон;4673270;Завислі речовини;0,1;0,05;0,15;0,1;0,05;;0;0,05;0,05;0;0,15;;0;0;0,05;0;0,1;;0;0;0;0;0,05;;0;0,025;0,025;
Херсон;4673270;Дiоксид сiрки;0;0;0,003;0,0106;0,0038;;0,01675;0,0114;0,0012;0;0;;0,0035;0,002166667;0,001;0;0;;0,004;0,0014;0,0012;0,004;0,0034;;0,0015;0,0021;0,0026;
Херсон;4673270;Сульфати;0,005;0,015;0,015;0,015;0,005;;0;0;0;0,01;0,005;;0;0;0,01;0;0,015;;0,005;0;0;0;0;;0;0;0;
Херсон;4673270;Оксид вуглецю;0,256;0,508;0,82;0,508;0,462;;0,108;0,468;0,384;0,306;0,284;;0,306;0,31;0,23;0,308;0,488;;0,442857143;0,307142857;0,395714286;0,364285714;0,468571429;;0,297142857;0,172857143;0,234285714;
Херсон;4673270;Дiоксид азоту;0,215;0,298;0,18;0,308;0,184;;0,2;0,222;0,138;0,274;0,22;;0,225;0,195;0,223333333;0,146666667;0,198333333;;0,21;0,229;0,154;0,168;0,19;;0,18;0,18;0,157;
Херсон;4673270;Оксид азоту;;;;;;;;;;;;;;;;;;;0,113333333;0,145;0,115;0,13;0,0975;;0,076666667;0,1075;0,135;
Херсон;4673270;Фенол;0,00675;0,0158;0,0102;0,0068;0,0078;;0,00625;0,0044;0,004;0,0074;0,0042;;0,00275;0,009;0,000666667;0,003833333;0,002;;0,00125;0,0028;0,0007;0,0038;0,0012;;0,001375;0,0011;0,0006;
Херсон;4673270;Формальдегiд;0;0,0084;0,0102;0,0112;0,0108;;0,01;0,0104;0,0092;0,0102;0,008;;0,00625;0,008166667;0,005666667;0,007;0,006333333;;0,00125;0,0016;0,0014;0,0029;0,0013;;0,00325;0,0013;0;
Черкаси;4933200;Завислі речовини;0,2;0,2;0,216666667;0,08;0,15;0,183333333;0,116666667;0,166666667;0,183333333;0,183333333;0,116666667;0,15;0,116666667;0,15;0,133333333;0,116666667;0,266666667;0,2;0,15;0,166666667;0,2;0,15;0,1;0,15;0,083333333;0,25;0,15;
Черкаси;4933200;Дiоксид сiрки;0,019375;0,0246;0,022222222;0,013;0,0109;0,0119;0,015125;0,016666667;0,015;0,014555556;0,015;0,015888889;0,01625;0,01675;0,0205;0,019777778;0,013875;0,0126;0,012571429;0,014222222;0,014;0,0149;0,0145;0,0148;0,015625;0,015;0,0169;
Черкаси;4933200;Сульфати;0,01;0,01;0,01;0,01;0,01;0,01;0,015;0,02;0,02;0,015;0,01;0,015;0,015;0,01;0,02;0,01;0,015;0,01;0,01;0,01;0,015;0,01;0,015;0,01;0,01;0,01;0,015;
Черкаси;4933200;Оксид вуглецю;2,666666667;3,166666667;1,5;1,666666667;1,833333333;1,666666667;1,333333333;1,5;1,833333333;1,833333333;1,833333333;1,833333333;1,666666667;1,5;1,666666667;1,5;1,333333333;1,166666667;1,333333333;1,333333333;1,5;1,5;1,666666667;1,5;1,166666667;1;1;
Черкаси;4933200;Дiоксид азоту;0,05;0,044166667;0,034545455;0,04625;0,06;0,053333333;0,046666667;0,048;0,038181818;0,057;0,046;0,059;0,048888889;0,06125;0,037;0,03;0,03875;0,038333333;0,03125;0,040909091;0,036;0,035833333;0,033333333;0,0375;0,035555556;0,039166667;0,0475;
Черкаси;4933200;Оксид азоту;0,066666667;0,045;0,045;0,0225;0,02;0,035;0,026666667;0,0575;0,0425;0,0625;0,0775;0,0975;0,046666667;0,0225;0,0475;0,0525;0,0475;0,075;0,033333333;0,03;0,045;0,035;0,0675;0,04;0,04;0,0475;0,085;
Черкаси;4933200;Сiрководень;0,002222222;0,002166667;0,002181818;0,001625;0,0017;0,002;0,002444444;0,0021;0,002090909;0,0016;0,0019;0,0022;0,002444444;0,00275;0,0023;0,002;0,0025;0,001833333;0,002125;0,001909091;0,0024;0,0025;0,002083333;0,001833333;0,002;0,002083333;0,002;
Черкаси;4933200;Амiак;0,076666667;0,029166667;0,050909091;0,05625;0,044;0,048333333;0,065555556;0,044;0,079090909;0,081;0,09;0,088;0,046666667;0,075;0,079;0,065;0,04375;0,075;0,07625;0,084545455;0,059;0,05;0,0575;0,0525;0,066666667;0,068333333;0,054166667;
Черкаси;4933200;Формальдегiд;0,018;0,015;0,014;0,007;0,008;0,00875;0,018;0,015666667;0,0125;0,017;0,019333333;0,014666667;0,008;0,0215;0,0115;0,007;0,007;0,009;0,0055;0,011;0,022333333;0,009;0,0075;0,01075;0,004666667;0,00375;0,00975;
Чернівці;4832590;Завислі речовини;0;0;0;0;0;0,05;0,15;0,2;0,1;0,025;0,125;0,2;0,05;0,05;0,1;0,125;0;0,025;0,025;0,075;0,1;0,1;0,05;0;0;0;0;
Чернівці;4832590;Дiоксид сiрки;0,0016125;0,001825;0,0007;0,0013625;0,00045;0,002025;0,002025;0,0016375;0,001825;0,002125;0,0016;0;0;0,0019;0,005125;0,004583333;0,00115;0,0004625;0;0,0015875;0,0060125;0,0033875;0,000675;0,000225;0,0016125;0,00365;0,003825;
Чернівці;4832590;Оксид вуглецю;0;0,25;0,25;0,25;0,25;0;0;0;0,25;0;0,25;0;0;0;0;0,25;0;0;0,5;0,25;0,25;0;0;0;0;0;0;
Чернівці;4832590;Дiоксид азоту;0,020425;0,021125;0,0204375;0,0183375;0,013775;0,0144375;0,0307625;0,0184125;0,0154375;0,01315;0,023325;0,0240625;0,03265;0,0307;0,02185;0,020516667;0,009425;0,011625;0,0160875;0,014025;0,0139125;0,004475;0,0092125;0,0121625;0,0123375;0,0139625;0,009625;
Чернівці;4832590;Оксид азоту;;;;;;;;;;;;;;;;0,0074;0,00675;0,004025;0,0051;0,005075;0,00325;0;0,0018;0,001475;0,002175;0,001775;0,00175;
Чернівці;4832590;Фенол;;;;;;;;;;;;;;;;0,0019;0,002575;0,0022;0,00025;0,001075;0,00245;0;0,0015;0,001225;0,001625;0,00035;0,002525;
Чернівці;4832590;Фтористий водень;0,0001375;0;0;0,0000625;0,000275;0,0005375;0,00145;0;0,0026;0,0005875;0,0014875;0,001675;0,002175;0,003325;0,000625;0,001925;0,001075;0,002225;0,002225;0,001625;0;0,0011;0,0012;0;0,0008;0,000875;0,001275;
Чернівці;4832590;Хлористий водень;0,1164;0,0362;0,00795;0,060925;0,0239;0;0,0421;0,044425;0,08085;0;0,111375;0,168175;;;;;;;;;;;;;;;;
Чернівці;4832590;Формальдегiд;0,0062;0,0036;0,0028;0,0028;0,004425;0,003825;0,00925;0,0013;0,0073;0,00295;0,001325;0,000575;0,005975;0,012225;0,009125;0,0064;0,0037125;0,001925;0,00415;0,001975;0,002775;0,0017;0,000375;0,0008625;0,0032;0,0007375;0,0005625;
Ізмаїл;4542880;Завислі речовини;0,065;0,130000305;0,07;0,03;0,085;0,05;0,03;0,1;0,03;0,065;0,065000153;0,03;;;;;;;;;;;;;;;;
Ізмаїл;4542880;Дiоксид сiрки;0,024300008;0,032933333;0,024633354;0,018566667;0,021175041;0,025150018;0,018166687;0,028166671;0,023766675;0,022450015;0,02825;0,018800079;;;;;;;;;;;;;;;;
Ізмаїл;4542880;Сульфати;0,005;0,01;0;0;0,005;0;0;0,01;0;0,005;0,005;0;;;;;;;;;;;;;;;;
Ізмаїл;4542880;Оксид вуглецю;0,44;1,070003052;0,71;0,845;0,58500061;0,74;0,480000916;0,54;0,94;0,665;0,800001221;0,36000061;;;;;;;;;;;;;;;;
Ізмаїл;4542880;Дiоксид азоту;0,054266825;0,066800102;0,059166707;0,06376672;0,061325076;0,044375061;0,066033333;0,052833439;0,043966667;0,04895;0,056525;0,064466772;;;;;;;;;;;;;;;;
Ізмаїл;4542880;Сiрководень;0,000866667;0,0013;0,002266667;0,001800002;0,001700003;0,001575001;0,000866667;0,001766669;0,001600001;0,001075002;0,001425;0,001900002;;;;;;;;;;;;;;;;
Ізмаїл;4542880;Формальдегiд;0;0,0015;0;0,0007;0,0022;0,0011;0,002100003;0,0008;0,0015;0,00075;0,0019;0;;;;;;;;;;;;;;;;
Біла Церква;4983020;Завислі речовини;0,07375;0,07475;0,08325;0,0835;0,0825;0,073;0,0735;0,0735;0,074;0,0935;0,07525;0,07525;0,0745;0,07525;0,07375;0,083;0,08275;0,07375;0,074;0,07375;0,07375;0,0825;0,08275;0,07325;0,073;0,08225;0,073;
Біла Церква;4983020;Дiоксид сiрки;0,0423625;0,0415375;0,042175;0,0357375;0,0433;0,031875;0,0436;0,0353625;0,034325;0,040675;0,033675;0,0407625;0,043575;0,033225;0,0376125;0,0345375;0,0429375;0,0453125;0,0361625;0,0471375;0,0381375;0,042275;0,0346375;0,046375;0,040475;0,0382125;0,0418;
Біла Церква;4983020;Оксид вуглецю;0,625;0,425;0,65;0,625;0,65;0,575;0,725;0,725;0,6;0,725;0,625;0,575;0,525;0,575;0,55;1,45;1,7;1,225;1,325;1,25;1;0,875;1,1;1,025;1,125;0,675;0,725;
Біла Церква;4983020;Дiоксид азоту;0,1158625;0,1254625;0,1272875;0,10725;0,1135125;0,1064625;0,121525;0,0944875;0,1235875;0,1242625;0,1144625;0,114875;0,101675;0,1093625;0,1117875;0,108025;0,10365;0,1203;0,104875;0,0985375;0,1110125;0,1006125;0,09265;0,11325;0,107575;0,090725;0,1109625;
Слов'янськ;4883760;Завислі речовини;;;;;;;;;;;;;;;;;;;;;;;;;;;;
Слов'янськ;4883760;Дiоксид сiрки;;;;;;;;;;;;;;;;;;;;;;;;;;;;
Слов'янськ;4883760;Оксид вуглецю;;;;;;;;;;;;;;;;;;;;;;;;;;;;
Слов'янськ;4883760;Дiоксид азоту;;;;;;;;;;;;;;;;;;;;;;;;;;;;
Слов'янськ;4883760;Фенол;;;;;;;;;;;;;;;;;;;;;;;;;;;;
Слов'янськ;4883760;Фтористий водень;;;;;;;;;;;;;;;;;;;;;;;;;;;;
Слов'янськ;4883760;Формальдегiд;;;;;;;;;;;;;;;;;;;;;;;;;;;;
Олександрія;4843230;Завислі речовини;;;;;;;;;;0,4;0,4;0,35;0,3;0,45;0,25;0,35;0,25;0,35;0,15;0,25;0,4;0,45;0,35;0,35;0,25;0,25;0,3;
Олександрія;4843230;Дiоксид сiрки;;;;;;;;;;0,024433333;0,025675;0,017375;0,016;0,018225;0,01375;0,020475;0,02595;0,01405;0,0241;0,01525;0,01355;0,021775;0,018;0,02085;0,017;0,020875;0,018175;
Олександрія;4843230;Сульфати;;;;;;;;;;0,01;0,005;0,015;0;0;0;0,005;0,005;0,005;0;0;0;0,015;0,015;0;0;0,005;0,005;
Олександрія;4843230;Дiоксид азоту;;;;;;;;;;0,029133333;0,036425;0,02515;0,027166667;0,025575;0,02445;0,03605;0,017075;0,024075;0,024433333;0,0277;0,0223;0,0297;0,028675;0,020325;0,040833333;0,01805;0,0382;
Олександрія;4843230;Сажа;;;;;;;;;;0,045;0,035;0,04;0,03;0,04;0,045;0,055;0,045;0,09;0,045;0,035;0,035;0,04;0,025;0,03;0,055;0,035;0,045;
Горішні Плавні;4903360;Завислі речовини;0,135;0,085;0,085;0,14;0,11;0,105;0,165;0,11;0,11;0,165;0,165;0,11;0,085;0,145;0,085;0,195;0,11;0,08;0,055;0,055;0,11;0,135;0,08;0,055;0,11;0,11;0,08;
Горішні Плавні;4903360;Дiоксид сiрки;0,0043;0,004075;0,002025;0,007075;0,002325;0,0036;0,005925;0,003975;0,003325;0,00335;0,002325;0,00535;0,004025;0,002025;0,00335;0,00235;0,0043;0,002675;0,00535;0,004975;0,005275;0,004625;0,005325;0,0063;0,0063;0,003325;0,005275;
Горішні Плавні;4903360;Оксид вуглецю;0,2;0,15;0;0,2;0,2;0,1;0,15;0,15;0,1;0,2;0,2;0,1;0,1;0,3;0,05;0,35;0,1;0,1;0,2;0,15;0,15;0,15;0,15;0,2;0,15;0,1;0,2;
Горішні Плавні;4903360;Дiоксид азоту;0,00855;0,0128;0,002675;0,01815;0,001325;0,00585;0,013125;0,0106;0,002;0,004675;0;0;0,004675;0;0,002025;0,00135;0,0066;0,002;0,0266;0,023225;0,0278;0,019225;0,024575;0,0299;0,0205;0,014625;0,0165;
Горішні Плавні;4903360;Фенол;0;0,0004;0;0,0001;0,0002;0;0,0005;0;0,0003;0;0;0;0,0004;0,0014;0,00065;0,0004;0,0009;0,00085;0,00075;0,0025;0,00195;0,00115;0,0028;0,0026;0,00375;0,0037;0,00165;
Горішні Плавні;4903360;Сажа;0,00555;0,01125;0,0028;0,00845;0,00835;0,0027;0,01085;0,00275;0,0028;0,0028;0,0056;0;0,00555;0,014;0,00275;0,0028;0,00555;0;0,00555;0,0028;0,00555;0,0028;0,0055;0,00555;0,00825;0,00555;0,00545;
Горішні Плавні;4903360;Хлористий водень;0;0,0041;0;0,004733333;0;0,001466667;0,003366667;0;0;0,006333333;0;0;0,003333333;0;0;0;0,006033333;0;0,003233333;0;0,004733333;0;0;0,004133333;0,003466667;0;0,004766667;
Горішні Плавні;4903360;Амiак;0,00755;0,0017;0,0041;0,003;0;0;0,00735;0,0094;0,00165;0,0057;0,0122;0,00265;0,00315;0,0113;0,0084;0,0142;0,00895;0,0048;0,0105;0,0149;0,00195;0,0111;0,0031;0;0,0126;0,0058;0,0077;
Бровари;5053080;Завислі речовини;0,0555;0,0375;0,0555;0,0555;0,055;0,055;0,0555;0,037;0,0545;0,056;0,0745;0,0565;0,056;0,0555;0,0555;0,0365;0,0365;0,0555;0,0555;0,0555;0,0555;0,0365;0,074;0,0365;0,0545;0,0545;0,0365;
Бровари;5053080;Дiоксид сiрки;0,040075;0,038925;0,044175;0,044275;0,042375;0,03635;0,042475;0,044925;0,0389;0,041;0,04675;0,048575;0,0386;0,04455;0,046325;0,03585;0,04865;0,042125;0,044775;0,042525;0,05005;0,044925;0,0529;0,0494;0,049625;0,050325;0,043525;
Бровари;5053080;Оксид вуглецю;0,45;0,35;0,3;0,3;0,3;0,35;0,35;0,35;0,45;0,4;0,35;0,45;0,45;0,45;0,35;0,35;0,35;0,45;0,35;0,3;0,3;0,35;0,3;0,3;0,3;0,3;0,35;
Бровари;5053080;Дiоксид азоту;0,08715;0,081225;0,088675;0,0898;0,087075;0,077375;0,087975;0,087325;0,080625;0,098175;0,099275;0,09465;0,078075;0,0873;0,08865;0,0693;0,089175;0,080775;0,0863;0,08135;0,09005;0,083775;0,096725;0,0897;0,092;0,09305;0,0809;
Обухів;5013060;Завислі речовини;0,149;0,148;0,055;0,075;0,073;0,1095;;0,009;0,1095;;0,074;0,093;;0,111;0,074;;0,036;;0,111;0,145;0,111;0,1105;0,109;0,1095;0,1095;0,1465;0,0915;
Обухів;5013060;Дiоксид сiрки;0,0433;0,047766667;0,05605;0,0513;0,041833333;0,045975;0,06535;0,033433333;0,038725;0,04075;0,041166667;0,058825;0,0331;0,036066667;0,0508;0,0465;0,0399;0,03095;0,045533333;0,0371;0,04735;0,039025;0,035566667;0,0482;0,0409;0,034325;0,0352;
Обухів;5013060;Оксид вуглецю;0,9;0,5;0,65;0,6;0,55;0,5;0,65;0,65;0,6;0,55;0,9;0,6;0,6;0,7;0,6;0,6;0,55;0,6;0,45;0,7;0,75;0,85;0,65;0,75;0,75;0,7;0,8;
Обухів;5013060;Дiоксид азоту;0,0774;0,074533333;0,07045;0,0839;0,078466667;0,07425;0,0939;0,0739;0,068525;0,07335;0,048733333;0,0751;0,05555;0,079033333;0,087466667;0,0744;0,068233333;0,04685;0,0711;0,058433333;0,0724;0,0624;0,056866667;0,081075;0,0726;0,0549;0,058975;
Українка;5023080;Завислі речовини;0,037;0,056;0,056;0,0745;0,074;0,0545;0,072;0,075;0,072;0,036;0,037;0,0755;0,075;;0,074;;0,072;0,0555;0,0555;0,036;0,055;0,0555;0,075;0,055;0,0725;0,0365;;
Українка;5023081;Дiоксид сiрки;0,045666667;0,060675;0,063575;0,06535;0,061133333;0,0808;0,0389;0,063133333;0,042066667;0,04515;0,056033333;0,05845;0,0591;0,02815;0,0631;0,04495;0,0276;0,044466667;0,0476;0,069;0,055225;0,037475;0,047533333;0,043075;0,043925;0,0443;0,04865;
Українка;5023082;Оксид вуглецю;;;;;;;;0,93;0,6;0,84;1,03;1,365;0,905;;0,72;;0,81;0,88;0,675;0,81;0,975;0,835;1,65;1,86;1,81;1,45;;
Українка;5023083;Дiоксид азоту;0,100633333;0,121475;0,10845;0,11245;0,1413;0,149433333;0,0713;0,1403;0,102633333;0,08415;0,107433333;0,12755;0,152933333;0,0763;0,1435;0,0918;0,0637;0,086966667;0,091375;0,09045;0,10885;0,0779;0,0983;0,1034;0,08615;0,099633333;0,0857;
Житомир;5022870;Завислі речовини;0,07575;0,0925;0,101;0,092;0,08275;0,082;0,111;0,0745;0,1035;0,0935;0,0755;0,0955;0,0745;0,11375;0,075;0,0925;0,074;0,0735;0,093;0,0935;0,0835;0,083;0,08325;0,08275;0,08225;0,10075;0,092;
Житомир;5022871;Дiоксид сiрки;0,0397;0,041575;0,038575;0,038075;0,0416125;0,0373125;0,0390625;0,0418875;0,043025;0,0382875;0,0435;0,0399125;0,0407875;0,0398625;0,0378;0,0422875;0,0385125;0,0405125;0,0407375;0,0383125;0,0384875;0,041625;0,0415;0,039525;0,0379125;0,0395625;0,039125;
Житомир;5022872;Оксид вуглецю;0,54;0,485;0,4675;0,445;0,5075;0,51;0,5075;0,5275;0,5475;0,51;0,7175;0,8;0,8;0,54;0,5075;0,5475;0,53;0,495;0,555;0,9;0,75;0,52;0,56;0,5125;0,5175;0,505;0,53;
Житомир;5022873;Дiоксид азоту;0,1147625;0,11105;0,10955;0,1096875;0,1081;0,113475;0,1155625;0,1172125;0,11045;0,1147625;0,1069375;0,11855;0,113525;0,11225;0,1216375;0,10515;0,1130875;0,1087375;0,1111625;0,1202;0,107125;0,1132;0,1059125;0,103975;0,1107;0,11255;0,1125125;
Чернігів;5143130;Завислі речовини;0,098;0,14;0,0965;0,11125;0,137;0,09525;0,123;0,08275;0,08275;0,097;0,1245;0,09825;0,1525;0,15325;0,12375;0,123;0,15075;0,1105;0,1235;0,11;0,08225;0,09575;0,12375;0,109;0,109;0,12275;0,09575;
Чернігів;5143131;Дiоксид сiрки;0,0374125;0,037033333;0,0433;0,039025;0,0420875;0,0426;0,0463375;0,0471;0,0401625;0,0498;0,0456625;0,0381875;0,0369625;0,0379375;0,0401375;0,0399875;0,0414875;0,0432;0,0356625;0,0427375;0,0424875;0,0420875;0,0419875;0,036775;0,0325875;0,03875;0,0441625;
Чернігів;5143132;Оксид вуглецю;0,46;0,4275;0,4025;0,36;0,3075;0,3475;0,415;0,405;0,38;0,395;0,4275;0,445;0,455;0,4775;0,445;0,3525;0,32;0,3775;0,3375;0,5075;0,47;0,475;0,44;0,3975;0,345;0,32;0,355;
Чернігів;5143133;Дiоксид азоту;0,1192875;0,118016667;0,120333333;0,1161875;0,1429125;0,111975;0,129075;0,113775;0,1268;0,11505;0,1230125;0,1391875;0,1081;0,13335;0,1062625;0,1119;0,1337;0,121525;0,1298375;0,110725;0,122825;0,1094125;0,1342375;0,1170125;0,12435;0,126225;0,116775;
