city;coordinateNumber;nameImpurity;1November;2November;3November;4November;5November;6November;7November;8November;9November;10November;11November;12November;13November;14November;15November;16November;17November;18November;19November;20November;21November;22November;23November;24November;25November;26November;27November;28November;29November;30November
Київ;5053050;Завислі речовини;0,074875;0,073769231;null;0,072740741;0,069857143;0,073035714;0,075321429;0,072714286;0,07025;null;0,069714286;0,069923077;0,071384615;0,071423077;0,071807692;0,07325;null;0,07204;0,072956522;0,07372;0,070363636;0,073;0,07252;null;0,068269231;0,070076923;0,066363636;0,069111111;0,067;0,068285714
Київ;5053050;Дiоксид сiрки;0,081994444;0,085355;null;0,078315;0,079404762;0,07987381;0,08325;0,082721429;0,083211905;null;0,078883333;0,085539474;0,085407895;0,079028947;0,081239474;0,075061905;null;0,075823077;0,082189474;0,079189744;0,082952778;0,078961538;0,074869231;null;0,080105263;0,0803;0,076331034;0,075518519;0,073990323;0,074758065
Київ;5053050;Сульфати;0,0175;0,016;null;0,0135;0,0125;0,0155;0,016;0,018;0,014;null;0,0165;0,0145;0,014;0,0115;0,0145;0,015;null;0,013;0,0155;0,019;0,008;0,0135;0,014;null;0,0165;0,0145;null;null;null;null
Київ;5053050;Оксид вуглецю;0,866428571;0,672;null;0,91483871;1,009375;0,824375;1,1146875;1,0884375;1,0409375;null;1,2625;1,284;1,122333333;1,160333333;0,957;1,4659375;null;1,0325;0,97;0,849666667;1,030666667;1,403666667;1,494666667;null;1,457666667;1,317;1,177142857;1,365714286;1,09;1,232857143
Київ;5053050;Дiоксид азоту;0,072391667;0,0783725;null;0,0711575;0,076852381;0,082104762;0,083957143;0,079414286;0,079528571;null;0,072945238;0,086834211;0,086473684;0,088186842;0,090989474;0,085540476;null;0,084133333;0,085071053;0,086007692;0,075819444;0,070192308;0,077197436;null;0,069707895;0,067980556;0,072475862;0,076614286;0,067145161;0,069358065
Київ;5053050;Сiрководень;0,002075;0,00185;null;0,001675;0,001666667;0,001883333;0,001883333;0,00195;0,001883333;null;0,001633333;0,001766667;0,001983333;0,001666667;0,00195;0,002433333;null;0,001783333;0,001675;0,001725;0,00145;0,001525;0,0016;null;0,0015;0,001675;0,001825;0,002275;0,00195;0,001875
Київ;5053050;Фенол;0,00365;0,003358333;null;0,003784615;0,003414286;0,003685714;0,003535714;0,003285714;0,003414286;null;0,003121429;0,0029;0,002907143;0,002985714;0,0031;0,002892857;null;0,002858333;0,003038462;0,003269231;0,003115385;0,002585714;0,002764286;null;0,002484615;0,0023;0,00266;0,002455556;0,002733333;0,002288889
Київ;5053050;Фтористий водень;0,000916667;0,000741667;null;0,000676923;0,000742857;0,000721429;0,000628571;0,000614286;0,000642857;null;0,000492857;0,000592857;0,000642857;0,000635714;0,000771429;0,001021429;null;0,000907143;0,000730769;0,000728571;0,000521429;0,000661538;0,000578571;null;0,000764286;0,00065;0,000621429;0,000616667;0,000709091;0,0007
Київ;5053050;Хлористий водень;0,073314286;0,062288889;null;0,061489474;0,06292;0,064725;0,07;0,06743;0,061425;null;0,06219;0,06092;0,06035;0,06225;0,06161;0,064085;null;0,063685;0,070653333;0,0698875;0,0634375;0,06676;0,0617;null;0,068375;0,06196875;0,064614286;0,053154545;0,057566667;0,0632
Київ;5053050;Амiак;0,007728571;0,00764375;null;0,007776471;0,007661111;0,007394444;0,008161111;0,008211111;0,007644444;null;0,007811111;0,007722222;0,007616667;0,0077;0,008116667;0,008744444;null;0,008088235;0,007866667;0,00706875;0,0075125;0,00745625;0,00776875;null;0,007866667;0,008292857;0,008242857;0,007190909;0,0082;0,007683333
Київ;5053050;Формальдегiд;0,00369;0,004261364;null;0,004077778;0,003613043;0,003904348;0,004965217;0,00391087;0,003730435;null;0,004504348;0,004688095;0,004630952;0,005038095;0,004914286;0,003982609;null;0,004186047;0,004425581;0,004122222;0,004075;0,003986364;0,004148889;null;0,004143182;0,003519048;0,003358333;0,003221212;0,003494118;0,003391429
Вінниця;4922860;Завислі речовини;0;0;null;0,025;0;0;0;0;0;null;0,125;0,2;0,075;0,025;0,125;0,1;null;0;0;0;0;0;0;null;0;0;0;0;0;0
Вінниця;4922860;Дiоксид сiрки;0;0;null;0;0;0;0;0;0;null;0,0005;0,0005;0;0;0;0;null;0;0;0,0002625;0,0002625;0,0002625;0,0002625;null;0;0;0;0;0;0
Вінниця;4922860;Оксид вуглецю;1,025;0,875;null;1,025;1,125;1,275;2,525;1,4;0,975;null;0,9;1,175;1,2;1,1;1,05;1,075;null;1,8;1,05;0,95;1,1;1,225;0,875;null;1,375;1,25;1,25;1,125;1,1;1,2
Вінниця;4922860;Дiоксид азоту;0,0258375;0,037425;null;0,0178;0,122975;0,131975;0,1051875;0,10045;0,0583125;null;0,0447875;0,0363375;0,071375;0,0625625;0,057275;0,080925;null;0,0847375;0,087625;0,0888625;0,049075;0,0733125;0,048875;null;0,0791625;0,085575;0,0718;0,0569375;0,05235;0,056275
Вінниця;4922860;Фтористий водень;0,00185;0,0080375;null;0,0079;0,0113125;0,013375;0,00635;0,0045625;0,004925;null;0;0,0021125;0,0035;0,0066625;0,0056625;0,012375;null;0,01255;0,0018;0,0044375;0,003625;0,0036;0,000725;null;0,0077625;0;0,0046;0,00245;0,0021;0,00315
Вінниця;4922860;Амiак;0;0,0036;null;0,003575;0,00355;0,026575;0;0,0141;0;null;0,0105;0,003525;0;0;0,00355;0,010675;null;0,003575;0,014375;0,009275;0,0072;0,012675;0,017975;null;0,00355;0;0,017775;0,003525;0;0,0035
Вінниця;4922860;Формальдегiд;0,017025;0,0139;null;0,004875;0,008675;0,009675;0,018275;0,012475;0,013475;null;0,011425;0,00765;0,00575;0,0134;0,012575;0,01165;null;0,01475;0,01565;0,0071;0,01575;0,006925;0;null;0,0145;0,00585;0,004825;0,006725;0,0115;0,010475
Луцьк;5082530;Завислі речовини;0,066666667;0,083333333;null;0,066666667;0,083333333;0,1;0,116666667;0,033333333;0,033333333;null;0,05;0,033333333;0,05;0,05;0,083333333;0,05;null;0,133333333;0,083333333;0,1;0,066666667;0,116666667;0,05;null;0,05;0,033333333;0,116666667;0,066666667;0,083333333;0,033333333
Луцьк;5082530;Дiоксид сiрки;0,001366667;0,001675;null;0,001658333;0,002816667;0,002358333;0,002491667;0,002133333;0,001425;null;0,002541667;0,001925;0,002541667;0,002225;0,0024;0,002225;null;0,002733333;0,002675;0,001816667;0,002983333;0,0027;0,001533333;null;0,002725;0,002625;0,0016;0,002625;0,002458333;0,002591667
Луцьк;5082530;Сульфати;0,01;0,005;null;0,01;0,015;0,01;0,01;0,01;0;null;0,005;0,01;0,01;0,01;0,015;0,01;null;0,015;0,01;0,01;0,01;0,015;0,01;null;0,01;0,01;0,015;0,01;0,015;0
Луцьк;5082530;Оксид вуглецю;0;0;null;0;0,5;0,333333333;0,333333333;0,166666667;0;null;0;0,166666667;0,333333333;0;0;0;null;0,166666667;0;0;0;0;0;null;0;0;0,333333333;0,333333333;0,5;0,5
Луцьк;5082530;Дiоксид азоту;0,108908333;0,061741667;null;0,087333333;0,076991667;0,084875;0,084675;0,077625;0,0532;null;0,052766667;0,0547;0,068191667;0,0573;0,062291667;0,044866667;null;0,052266667;0,061975;0,056191667;0,066225;0,064816667;0,054666667;null;0,054116667;0,065108333;0,065691667;0,055625;0,094733333;0,057983333
Луцьк;5082530;Оксид азоту;0,050075;0,023;null;0,036975;0,028775;0,046;0,03145;0,042425;0,024325;null;0,019425;0,0142;0,033625;0,031075;0,024675;0,014525;null;0,0287;0,023075;0,01905;0,0222;0,023425;0,023075;null;0,03265;0,022825;0,01785;0,0231;0,0403;0,0161
Луцьк;5082530;Фенол;0,005025;0,004675;null;0,005708333;0,006158333;0,0058;0,005916667;0,005191667;0,004558333;null;0,007058333;0,005608333;0,006958333;0,005241667;0,0062;0,005358333;null;0,006016667;0,00575;0,006625;0,006333333;0,005616667;0,005166667;null;0,0059;0,005933333;0,005716667;0,0054875;0,0048;0,004725
Луцьк;5082530;Формальдегiд;0,00505;0,00265;null;0,0036875;0,0066;0,0066875;0,0042;0,004925;0,0045125;null;0,00515;0,0044;0,0050125;0,0051125;0,0061875;0,0065625;null;0,00605;0,0068125;0,008075;0,007175;0,0059375;0,0047;null;0,0045125;0,005;0,005075;0,006275;0,0036875;0,0022625
Ужгород;4862230;Завислі речовини;0,185;0,1675;null;0,1325;0,2125;0,2425;0,285;0,29;0,305;null;0,2475;0,2375;0,2675;0,1875;0,1625;0,1375;null;0,115;0,1325;0,1475;0,135;0,1575;0,115;null;0,1625;0,2375;0,235;0,205;0,2125;0,2225
Ужгород;4862230;Дiоксид сiрки;0,013875;0,015125;null;0,014625;0,012;0,014125;0,014;0,015625;0,013125;null;0,012125;0,0155;0,01375;0,01325;0,01225;0,013375;null;0,012375;0,013285714;0,011625;0,01375;0,01175;0,01225;null;0,017625;0,017125;0,01325;0,015;0,01575;0,013125
Ужгород;4862230;Сульфати;0,0125;0,017;null;0,009;0,0105;0,0095;0,007;0,005;0,005;null;0,0085;0,0075;0,0065;0,0065;0,0085;0,0085;null;0,0065;0,005;0,0035;0,006;0,007;0,0085;null;0,0085;0,0065;0,0045;0,0045;0,0035;0,003
Ужгород;4862230;Оксид вуглецю;1,15;0,86;null;1,185;1,24;1,2725;1,3875;1,0625;1,2;null;1,2275;0,955;1,01;0,94;1,4;0,9;null;0,8275;0,8375;0,8275;0,9725;0,745;0,8125;null;1,135;1,5075;1,195;0,9;1,16;1,5375
Ужгород;4862230;Дiоксид азоту;0,045875;0,056625;null;0,044875;0,036625;0,0395;0,082875;0,094;0,084625;null;0,052375;0,05275;0,06725;0,072875;0,053625;0,03875;null;0,043875;0,055142857;0,051375;0,064875;0,056;0,05775;null;0,073;0,06825;0,0485;0,077;0,08475;0,07525
Ужгород;4862230;Оксид азоту;0,02825;0,05775;null;0,0365;0,02825;0,023;0,03725;0,0425;0,0355;null;0,0345;0,0475;0,03575;0,07325;0,032;0,03375;null;0,03875;0,029333333;0,02225;0,0515;0,03225;0,0345;null;0,03875;0,043;0,02575;0,05475;0,048;0,0345
Ужгород;4862230;Формальдегiд;0,007125;0,006625;null;0,0045;0,0045;0,0055;0,006625;0,008125;0,006;null;0,007;0,00875;0,00725;0,005625;0,007;0,007625;null;0,006875;0,006857143;0,006375;0,0065;0,00575;0,007375;null;0,00725;0,008;0,008625;0,00925;0,009125;0,007125
Запоріжжя;4793510;Завислі речовини;0,11;0,06;null;0,08;0,06;0,07;0,09;0,08;0,09;null;0,05;0,1;0,1;0,12;0,11;0,1;null;0,08;0,1125;0,1;0,0875;0,0875;0,05;null;0,08;0,08;0,06;0,08;0,08;0,07
Запоріжжя;4793510;Дiоксид сiрки;0,005;0,006028571;null;0,006353846;0,006385714;0,00525;0,006071429;0,005428571;0,004921429;null;0,006230769;0,008735714;0,007842857;0,0076;0,00775;0,0071;null;0,007038462;0,006941667;0,006907692;0,006172727;0,006083333;0,005164286;null;0,006138462;0,0056;0,005757143;0,005178571;0,006585714;0,007921429
Запоріжжя;4793510;Сульфати;0,015;0,01;null;0,01;0,015;0,015;0,01;0,015;0,015;null;0,01;0,02;0,015;0,01;0,01;0,01;null;0,01;0,015;0,015;0,01;0,015;0,01;null;0,015;0,015;0,015;0,01;0,01;0,01
Запоріжжя;4793510;Оксид вуглецю;0,51;0,34;null;0,35;0,31;0,4;0,52;0,53;0,37;null;0,36;0,43;0,36;0,54;0,4;0,61;null;0,61;1,11;0,47;0,54;0,43;0,28;null;0,34;0,32;0,59;0,69;0,43;0,35
Запоріжжя;4793510;Дiоксид азоту;0,052121429;0,057914286;null;0,050584615;0,062935714;0,063592857;0,048714286;0,060142857;0,06565;null;0,0675;0,092471429;0,075221429;0,060571429;0,057228571;0,072728571;null;0,070192308;0,059575;0,075846154;0,071054545;0,060458333;0,050585714;null;0,074484615;0,092635714;0,061471429;0,05135;0,054764286;0,046164286
Запоріжжя;4793510;Оксид азоту;0,038366667;0,031833333;null;0,033433333;0,045366667;0,0398;0,037833333;0,056933333;0,0409;null;0,0387;0,0518;0,0475;0,045233333;0,0411;0,052166667;null;0,039866667;0,0398;0,0444;0,0481;0,0415;0,047366667;null;0,049466667;0,047533333;0,040566667;0,029833333;0,034433333;0,0403
Запоріжжя;4793510;Сiрководень;0,002854545;0,002427273;null;0,003222222;0,003218182;0,003072727;0,002690909;0,002990909;0,003;null;0,003266667;0,004363636;0,004636364;0,003163636;0,003545455;0,002781818;null;0,003266667;0,00332;0,0034;0,00331;0,002863636;0,002963636;null;0,004066667;0,0036;0,002618182;0,002936364;0,002454545;0,003272727
Запоріжжя;4793510;Фенол;0,00525;0,00443;null;0,004355556;0,00601;0,00627;0,00519;0,00441;0,005;null;0,006722222;0,0081;0,00655;0,00533;0,00641;0,0066;null;0,004966667;0,00604;0,00597;0,00729;0,00638;0,00559;null;0,006822222;0,0061;0,00488;0,00448;0,00475;0,00478
Запоріжжя;4793510;Фтористий водень;0,00035;0;null;0;0;0;0;0,00015;0,0004;null;0,0002;0,0004;0,0003;0;0;0;null;0;0;0;0;0,0003;0;null;0,000533333;0,00015;0;0;0;0,00025
Запоріжжя;4793510;Хлористий водень;0,04505;0,0389375;null;0,035683333;0,044425;0,0427125;0,0426875;0,039875;0,0344875;null;0,039333333;0,044375;0,038225;0,0356375;0,0420375;0,0409375;null;0,050666667;0,037;0,039;0,04798;0,04582;0,041228571;null;0,040983333;0,0358125;0,0305;0,029225;0,0430625;0,0291
Запоріжжя;4793510;Формальдегiд;0,006925;0,005325;null;0,006533333;0,007275;0,004675;0,0055;0,005575;0,00535;null;0,0065;0,007575;0,0076;0,005825;0,005375;0,00715;null;0,004533333;0,00615;0,0068;0,0072;0,006725;0,006425;null;0,004833333;0,006975;0,005;0,004675;0,003625;0,0034
Івано-Франківськ;4892470;Завислі речовини;null;null;null;null;null;null;null;null;null;null;null;null;null;0,15;0,105;0,115;null;0,14;0,15;0,145;0,145;0,155;0,145;null;0,145;0,17;0,15;0,105;0,17;0,145
Івано-Франківськ;4892470;Дiоксид сiрки;null;null;null;null;null;null;null;null;null;null;null;null;null;0,00225;0,002625;0,003375;null;0,0023;0,002675;0,01195;0,0046;0,003075;0,003775;null;0,003375;0,002625;0,00225;0,003025;0,002625;0,00225
Івано-Франківськ;4892470;Оксид вуглецю;null;null;null;null;null;null;null;null;null;null;null;null;null;1,9;1,3;1,35;null;1,8;2,05;1,8;2;2,05;1,85;null;1,85;2,7;2,15;1,55;2,45;1,95
Івано-Франківськ;4892470;Дiоксид азоту;null;null;null;null;null;null;null;null;null;null;null;null;null;0,035925;0,037175;0,0433;null;0,042075;0,042825;0,05525;0,0442;0,038725;0,0373;null;0,044175;0,032725;0,040625;0,05365;0,03965;0,03605
Івано-Франківськ;4892470;Оксид азоту;null;null;null;null;null;null;null;null;null;null;null;null;null;0,0262;0,026275;0,02925;null;0,030075;0,029425;0,035875;0,0291;0,027675;0,02525;null;0,0283;0,024275;0,0284;0,034475;0,02705;0,026275
Дніпро;4863510;Завислі речовини;0,3125;0,2025;null;0,3875;0,3375;0,25;0,225;0,3;0,225;null;0,1875;0,225;0,225;0,2;0,2;0,2;null;0,2375;0,2125;0,2375;0,15;0,2;0,1375;null;0,225;0,2875;0,325;0,25;0,2375;0,225
Дніпро;4863510;Дiоксид сiрки;0,012625;0,02125;null;0,024722222;0,026791667;0,015041667;0,015083333;0,012666667;0,008833333;null;0,009388889;0,01125;0,008875;0,0095;0,008833333;0,013041667;null;0,008611111;0,012416667;0,010791667;0,013791667;0,011333333;0,01175;null;0,009055556;0,008291667;0,013875;0,01552381;0,010909091;0,008782609
Дніпро;4863510;Оксид вуглецю;1,75;2;null;1,333333333;2,166666667;1,75;2,333333333;2,166666667;2,416666667;null;2,5;2,416666667;2,75;2,75;2,666666667;2,416666667;null;2;2,083333333;2;1,5;1,833333333;2,083333333;null;1,75;2;2,083333333;2,166666667;2,333333333;2
Дніпро;4863510;Дiоксид азоту;0,063333333;0,062916667;null;0,063333333;0,0575;0,059583333;0,070416667;0,073333333;0,09625;null;0,088888889;0,085833333;0,085833333;0,085;0,07625;0,060833333;null;0,079444444;0,067083333;0,053333333;0,047916667;0,05;0,047083333;null;0,060555556;0,050833333;0,06;0,05;0,061363636;0,062608696
Дніпро;4863510;Оксид азоту;0,0325;0,0375;null;0,03;0,03;0,03;0,0325;0,0375;0,04;null;0,043333333;0,04;0,04;0,04;0,0375;0,0375;null;0,043333333;0,035;0,025;0,015;0,02;0,02;null;0,02;0,0225;0,0275;0;0,035;0,02
Дніпро;4863510;Сiрководень;0,002208333;0,005666667;null;0,004722222;0,006791667;0,003416667;0,00325;0,003833333;0,0025;null;0,001888889;0,002166667;0,002208333;0,002583333;0,001958333;0,002333333;null;0,001;0,002541667;0,000875;0,0005;0,001083333;0,003333333;null;0,001555556;0,001041667;0,0035;0,003047619;0,001;0,00126087
Дніпро;4863510;Фенол;0,001916667;0,002;null;0,001777778;0,001666667;0,0015;0,001583333;0,001416667;0,001666667;null;0,002333333;0,003;0,001083333;0,002083333;0,00275;0,001666667;null;0,002;0,002416667;0,002416667;0,00275;0,001916667;0,002;null;0,001;0,0015;0,00175;0,001583333;0,0025;0,000833333
Дніпро;4863510;Амiак;0,0375;0,04;null;0,038333333;0,0325;0,03375;0,03375;0,03875;0,03125;null;0,036666667;0,03125;0,02375;0,02375;0,03;0,03375;null;0,036666667;0,0425;0,0375;0,03625;0,035;0,03375;null;0,035;0,02625;0,025;0,035;0,035;0,03
Дніпро;4863510;Формальдегiд;0,014166667;0,015416667;null;0,014111111;0,011;0,011166667;0,011916667;0,010666667;0,010333333;null;0,010888889;0,0105;0,010416667;0,011833333;0,013583333;0,01025;null;0,012333333;0,011583333;0,012333333;0,012333333;0,011666667;0,01325;null;0,011777778;0,0095;0,009833333;0,008916667;0,009833333;0,0105
Кривий Ріг;4793340;Завислі речовини;0,31;0,28;null;0,3;0,24;0,21;0,33;0,23;0,24;null;0,31;0,33;0,14;0;0,05;0,08;null;0,42;0,37;0,31;0,03;0,06;0,02;null;0,05;0,17;0,22;0,2;0,29;null
Кривий Ріг;4793340;Дiоксид сiрки;0,026846154;0,029230769;null;0,0346;0,029846154;0,025769231;0,024538462;0,027230769;0,022076923;null;0,0224;0,029153846;0,017230769;0,009230769;0,012153846;0,016538462;null;0,0345;0,029538462;0,029307692;0,017076923;0,018230769;0,011;null;0,0184;0,023769231;0,025923077;0,027230769;0,030076923;null
Кривий Ріг;4793340;Оксид вуглецю;1;1,3;null;1;1;1;1;1,3;1;null;1;1,3;1;1,2;1;1,1;null;1,6;1,3;1,5;1,3;1,1;1;null;1;1,3;1,4;1;1,6;null
Кривий Ріг;4793340;Дiоксид азоту;0,027692308;0,034615385;null;0,027;0,04;0,028461538;0,018461538;0,025384615;0,023076923;null;0,029;0,035384615;0,028461538;0,029230769;0,023076923;0,021538462;null;0,041;0,031538462;0,034615385;0,025384615;0,028461538;0,025384615;null;0,024;0,021538462;0,037692308;0,029230769;0,034615385;null
Кривий Ріг;4793340;Оксид азоту;0,016666667;0,023333333;null;0,015;0,033333333;0,013333333;0,01;0,023333333;0,013333333;null;0,02;0,016666667;0,016666667;0,013333333;0,016666667;0,016666667;null;0,03;0,016666667;0,026666667;0,016666667;0,013333333;0,016666667;null;0,015;0,013333333;0,023333333;0,016666667;0,02;null
Кривий Ріг;4793340;Сiрководень;0,001;0,0014;null;0,0015;0,0011;0,0009;0,001;0,001;0,0012;null;0,0015;0,0013;0,0013;0,0013;0,0008;0,0009;null;0,0017;0,0014;0,001;0,0009;0,0013;0,0008;null;0,0006;0,001;0,0013;0,0011;0,0014;null
Кривий Ріг;4793340;Фенол;0,0022;0,00265;null;0,001866667;0,0018;0,00155;0,00145;0,0019;0,00165;null;0,002133333;0,00215;0,0025;0,0024;0,00145;0,0012;null;0,003666667;0,00215;0,00225;0,0015;0,0016;0,00145;null;0,000866667;0,0017;0,0021;0,00205;0,0023;null
Кривий Ріг;4793340;Амiак;0,011;0,012;null;0,01;0,01;0,009;0,0095;0,01;0,01;null;0,010666667;0,011;0,01;0,0105;0,0095;0,008;null;0,013333333;0,0105;0,01;0,0065;0,0095;0,008;null;0,008;0,01;0,0105;0,0105;0,0115;null
Кривий Ріг;4793340;Формальдегiд;0,01203;0,01375;null;0,012866667;0,01155;0,01118;0,01195;0,0108;0,0096;null;0,009866667;0,0103;0,01105;0,0091;0,00825;0,0104;null;0,015733333;0,01165;0,01055;0,0088;0,01005;0,0088;null;0,010133333;0,01265;0,0115;0,0114;0,013;null
Кам'янське;4853460;Завислі речовини;0,2736875;0,3113;null;0,3833875;0,376475;0,192775;0,212825;0,2138375;0,20675;null;0,2343125;0,1867625;0,1556125;0,0221125;0,127325;0,17995;null;0,17255;0,142275;0,2870125;0,1533;0,083375;0,091875;null;0,2663;0,2104;0,13215;0,144475;0,14365;0,11195
Кам'янське;4853460;Дiоксид сiрки;0,0072625;0,006925;null;0,005425;0,0059875;0,005825;0,0073375;0,007025;0,0060625;null;0,005725;0,0053375;0,0056625;0,0035625;0,0055375;0,006825;null;0,00685;0,006975;0,006425;0,0053;0,004225;0,005525;null;0,005825;0,005975;0,006775;0,00795;0,007075;0,0067
Кам'янське;4853460;Оксид вуглецю;3,375;3;null;3,25;3;3,5;3,875;3,375;3,125;null;3,5;3,25;3,125;3,25;3,125;3,25;null;3,375;3,125;3,375;2,75;2,75;3;null;3;2,75;2,75;3,25;3;3,25
Кам'янське;4853460;Дiоксид азоту;0,11125625;0,0989875;null;0,105083333;0,13;0,10756875;0,1293875;0,1192625;0,11884375;null;0,106316667;0,1198;0,11898125;0,09045625;0,1297;0,1405875;null;0,1488;0,134725;0,1206;0,1049625;0,1099875;0,10565;null;0,106383333;0,11505;0,130325;0,1198875;0,1381;0,125375
Кам'янське;4853460;Оксид азоту;0,04815;0,042;null;0,051133333;0,07105;0,04525;0,070125;0,06095;0,071275;null;0,0495;0,060725;0,062475;0,0438;0,064625;0,058025;null;0,0718;0,0657;0,0553;null;null;null;null;null;null;null;null;null;null
Кам'янське;4853460;Сiрководень;0,004513333;0,004086667;null;0,004436364;0,00482;0,0041;0,004446667;0,004693333;0,00494;null;0,004090909;0,00336;0,002626667;0,00258;0,002346667;0,003053333;null;0,003063636;0,003553333;0,002993333;0,0032;0,002285714;0,003971429;null;0,00424;0,0036;0,004728571;0,003757143;0,0043;0,005014286
Кам'янське;4853460;Фенол;0,00529375;0,005325;null;0,004841667;0,0051625;0,0048;0,00545;0,0048875;0,0048875;null;0,004825;0,00494375;0,0043875;0,00320625;0,003875;0,00378125;null;0,003925;0,004425;0,0032375;0,0053375;0,0050125;0,0048;null;0,00615;0,004775;0,0047875;0,0052375;0,0052125;0,0053875
Кам'янське;4853460;Амiак;0,0452875;0,0444;null;0,043725;0,043325;0,0457375;0,0476375;0,0499;0,04655;null;0,04965;0,045725;0,0438;0,036425;0,043925;0,044575;null;0,04235;0,0400625;0,0360125;0,034725;0,022475;0,040675;null;0,035825;0,037075;0,038425;0,0472;0,038625;0,0492
Кам'янське;4853460;Формальдегiд;0,0081;0,0087125;null;0,008225;0,008025;0,0085875;0,0110625;0,00855;0,0081375;null;0,008025;0,0089875;0,0088125;0,0099;0,005475;0,0057;null;0,0070625;0,009725;0,0084125;0,006625;0,007625;0,01135;null;0,009625;0,007975;0,008975;0,0108;0,0093;0,0112
Кропивницький;4853220;Завислі речовини;0,266666667;0,25;null;0,166666667;0,266666667;0,216666667;0,283333333;0,25;0,166666667;null;0,2;0,266666667;0,283333333;0,2;0,233333333;0,266666667;null;0,25;0,3;0,25;0,25;0,2;0,183333333;null;0,2;0,233333333;0,216666667;0,233333333;0,183333333;0,166666667
Кропивницький;4853220;Дiоксид сiрки;0,017391667;0,018658333;null;0,018888889;0,017058333;0,02245;0,018733333;0,021141667;0,020241667;null;0,014644444;0,018416667;0,020433333;0,018625;0,016325;0,016041667;null;0,029577778;0,0188;0,020591667;0,018166667;0,02055;0,02155;null;0,026988889;0,017516667;0,015425;0,022775;0,024075;0,022666667
Кропивницький;4853220;Сульфати;0,005;0,01;null;0,005;0,005;0,005;0,01;0;0,01;null;0,005;0;0,005;0,01;0,01;0;null;0,005;0,005;0,01;0;0,005;0,005;null;0;0;0,01;0;0,01;0
Кропивницький;4853220;Оксид вуглецю;3,166666667;2;null;2,5;2,666666667;2,833333333;2,5;3,166666667;2,166666667;null;2;2,333333333;2,666666667;2,166666667;2,166666667;2,5;null;2,333333333;2,333333333;2;2,333333333;2;2;null;2,5;1,833333333;1,166666667;2,333333333;2,5;2,5
Кропивницький;4853220;Дiоксид азоту;0,026408333;0,026141667;null;0,031766667;0,032316667;0,03455;0,020425;0,029241667;0,026941667;null;0,0294;0,024733333;0,030291667;0,027483333;0,024758333;0,0219;null;0,030611111;0,031791667;0,0283;0,029725;0,0246;0,03315;null;0,028544444;0,031483333;0,026575;0,029666667;0,029433333;0,029141667
Кропивницький;4853220;Оксид азоту;0,011225;0,020375;null;0,019733333;0,019025;0,022875;0,01155;0,016975;0,017175;null;0,0153;0,012575;0,0193;0,0123;0,01645;0,018325;null;0,013;0,01945;0,018125;0,019125;0,013725;0,016575;null;0,009466667;0,01425;0,0135;0,02465;0,01145;0,022125
Кропивницький;4853220;Сажа;0,023333333;0,016666667;null;0,021666667;0,021666667;0,053333333;0,05;0,053333333;0,035;null;0,033333333;0,031666667;0,035;0,031666667;0,045;0,041666667;null;0,055;0,028333333;0,048333333;0,023333333;0,046666667;0,05;null;0,055;0,033333333;0,04;0,051666667;0,051666667;0,056666667
Кропивницький;4853220;Формальдегiд;0,004133333;0,0027;null;0,006433333;0,0053;0,005833333;0,007233333;0,004466667;0,0032;null;0,004466667;0,002133333;0,006033333;0,004233333;0,003466667;0,002933333;null;0,004566667;0,005066667;0,003833333;0,004033333;0,003;0,003766667;null;0,002666667;0,007466667;0,006133333;0,0051;0,004733333;0,005233333
Світловодськ;4903340;Завислі речовини;0,05;0,1;null;0,1;0,1;0,1;0,1;0;0;null;0;0;0,05;0;0;0;null;0,05;0,05;0,1;0;0,05;null;null;0,05;0,05;0,05;0;0,1;0,15
Світловодськ;4903340;Дiоксид сiрки;0,026;0,019533333;null;0,006433333;0,008333333;0,0274;0,031566667;0,018733333;0,0146;null;0,0166;0,010366667;0,0271;0,006266667;0,0042;0,004266667;null;0,010666667;0,010566667;0,008566667;0,006466667;0,006366667;null;null;0,014566667;0,012533333;0,0126;0,024933333;0,0062;0,014366667
Світловодськ;4903340;Сульфати;0;0,005;null;0,005;0;0;0,005;0,01;0,005;null;0,01;0;0,005;0;0;0;null;0;0,01;0;0;0;null;null;0;0,01;0,005;0,01;0,01;0,01
Світловодськ;4903340;Оксид вуглецю;1;1;null;1;1;1;1;1;1;null;1;1;1;1;1;1;null;1;1;1;1;1;null;null;1;1;0,5;1;1;1
Світловодськ;4903340;Дiоксид азоту;0,017566667;0,010633333;null;0,0139;0,016866667;0,027433333;0,024;0,023733333;0,023733333;null;0,037133333;0,0236;0,023733333;0,0169;0,010266667;0,003366667;null;0,0035;0,0138;0,017533333;0,003633333;0,003466667;null;null;0,013566667;0,051;0,020466667;0,0202;0,026866667;0,036733333
Світловодськ;4903340;Оксид азоту;0,016033333;0,011533333;null;0,002266667;0,0199;0,0313;0,0357;0,0221;0,022133333;null;0,0132;0,0308;0,028666667;0,0155;0,013366667;0,008866667;null;0,0113;0,0157;0,018333333;0,011666667;0,011266667;null;null;0,019833333;0,033233333;0,0089;0,024166667;0,013066667;0,023966667
Світловодськ;4903340;Формальдегiд;0,0044;0,005533333;null;0,0011;0;0,0011;0,002166667;0,002133333;0,001066667;null;0,0021;0,004266667;0,001066667;0;0,001066667;0,004333333;null;0,002166667;0,0022;0,0022;0,0022;0,005433333;null;null;0;0,001066667;0,002166667;0,001066667;0,0011;0
Львів;4982410;Завислі речовини;0,1725;0,1675;null;0,115;0,11;0,1175;0,12625;0,11625;0,13625;null;0,08375;0,1425;0,145;0,15375;0,15375;0,15125;null;0,14375;0,155;0,14125;0,1525;0,14625;0,155;null;0,16125;0,14875;0,13;0,155;0,14625;0,1475
Львів;4982410;Дiоксид сiрки;0,0046875;0,00455;null;0,0043125;0,00375;0,0046875;0,0028;0,00364375;0,003;null;0,004;0,0082125;0,00375625;0,0044125;0,0061125;0,0053125;null;0,00583125;0,00466875;0,004125;0,00388125;0,00454375;0,00435;null;0,00403125;0,0038;0,0036875;0,00426;0,0036625;0,00375
Львів;4982410;Оксид вуглецю;1,9;1,7;null;1,775;1,6;1,625;1,65;1,5875;1,625;null;1,2;1,5875;1,5125;1,4625;1,5125;1,4375;null;1,4375;1,525;1,3375;1,4125;1,375;1,4125;null;1,475;1,5625;1,475;1,65;1,4375;1,4625
Львів;4982410;Дiоксид азоту;0,03845;0,0493375;null;0,046275;0,046325;0,048625;0,04244375;0,04765625;0,04529375;null;0,04358125;0,0424125;0,04440625;0,0523875;0,04540625;0,05108125;null;0,0468375;0,050575;0,05279375;0,0495875;0,045425;0,0502625;null;0,04590625;0,0429875;0,0435125;0,05108;0,0496875;0,042393333
Львів;4982410;Оксид азоту;null;null;null;null;null;null;0,02305;0,0277625;0,027575;null;0,02525;0,0263875;0,029575;0,0304625;0,0282875;0,027;null;0,0314125;0,033;0,02975;0,0328;0,0306;0,0323875;null;0,0285;0,0276125;0,0282125;0,0291;0,03045;0,025275
Львів;4982410;Фтористий водень;0,0043125;0,004825;null;0,0049;0,0048;0,004775;0,00443125;0,0046125;0,00446875;null;0,00441875;0,00454375;0,00353125;0,00395;0,00398125;0,0043125;null;0,0047;0,0042;0,00480625;0,00445;0,00486875;0,006125;null;0,00505625;0,00439375;0,00488125;0,00558;0,00548125;0,0048625
Львів;4982410;Формальдегiд;0,0111375;0,01145;null;0,012925;0,0139875;0,013975;0,01165625;0,0110375;0,00969375;null;0,0117875;0,00975625;0,01063125;0,01066875;0,01168125;0,0138625;null;0,01139375;0,01196875;0,0148125;0,01336875;0,01295;0,013375;null;0,01234375;0,01175;0,012475;0,01283;0,0125125;0,0121875
Миколаїв;4703200;Завислі речовини;0,1;0,0875;null;0,075;0,1;0,1;0,1125;0,15;0,1;null;0,1;0,125;0,0875;0,1;0,1;0,1;null;0,125;0,1375;0,075;0,05;0,0375;0,0875;null;0,075;0,1;0,0875;null;0,1;0,05
Миколаїв;4703200;Дiоксид сiрки;0,0059125;0,006975;null;0,006525;0,004875;0,0072375;0,008375;0,0088125;0,004675;null;0,00545;0,0069375;0,0096;0,0098875;0,005275;0,0039375;null;0,0047875;0,00415;0,005025;0,005775;0,0061;0,0067875;null;0,006075;0,008125;0,0063;null;null;0,0042625
Миколаїв;4703200;Оксид вуглецю;1,125;0,625;null;1,125;1,5;0,625;1,625;1,375;0,875;null;1,125;1,375;1,5;1,25;1,5;1;null;1,5;1,5;1,25;1,25;1,375;1,125;null;1,25;1,375;1;null;1;0,875
Миколаїв;4703200;Дiоксид азоту;0,03750625;0,022275;null;0,033675;0,06074375;0,034025;0,02965625;0,03708125;0,02938125;null;0,01820625;0,0200625;0,0169875;0,03423125;0,013975;0,0126875;null;0,02056875;0,030125;0,0279125;0,0299375;0,02300625;0,02766875;null;0,03494375;0,024875;0,056375;0,013975;0,05235;0,047325
Миколаїв;4703200;Оксид азоту;0,0208;0,013775;null;0,035;0,029475;0,014325;0,003025;0,012825;0,005625;null;0,0112;0,011675;0,008625;0,0147;0,0099;0,00845;null;0,012025;0,031775;0,0185;0,015625;0,012725;0,012175;null;0,011575;0,0151;0,0238;0,0045;0,0328;0,01185
Миколаїв;4703200;Фтористий водень;0,003075;0,0026375;null;0,00235;0,0025;0,004075;0,0018;0,00145;0,0017375;null;0,00165;0,0020625;0,0029625;0,0017375;0,0015125;0,0042875;null;0,0016125;0,001625;0,002175;0,001975;0,0021;0,002075;null;0,0026125;0,002325;0,003725;0,00125;0,007;0,002375
Миколаїв;4703200;Формальдегiд;0,008575;0,00818125;null;0,00721875;0,0052;0,0051625;0,00575625;0,008975;0,007975;null;0,00899375;0,01161875;0,01189375;0,01523125;0,014475;0,0084375;null;0,0116;0,0127875;0,0117;0,00913125;0,0102375;0,00966875;null;0,006475;0,0081625;0,00785;0,0072;0,004725;0,005975
Одеса;4643080;Завислі речовини;0,216416667;0,305833333;null;0,260333333;0,177916667;0,170166667;0,214;0,17325;0,162166667;null;0,198583333;0,215416667;0,181833333;0,136333333;0,179416667;0,18275;null;0,1788;0,153875;0,1696;0,065166667;0,17125;0,167583333;null;0,189416667;0,232083333;0,181666667;0,183583333;0,196083333;0,2035
Одеса;4643080;Дiоксид сiрки;0,040416667;0,033577778;null;0,038677778;0,039355556;0,044788889;0,042622222;0,037372222;0,033655556;null;0,050188889;0,045833333;0,037872222;0,023794444;0,034477778;0,032277778;null;0,017771429;0,012576923;0,028041176;0,023427778;0,033877778;0,038588889;null;0,031433333;0,043288889;0,044877778;0,045583333;0,045155556;0,042894444
Одеса;4643080;Сульфати;0,018;0,0135;null;0,018;0,012;0,0125;0,0125;0,009;0,014;null;0,013;0,0105;0,0115;0,012;0,007;0,01;null;0,007;0,009;0,014;0,006;0,005;0,007;null;0,0045;0,0105;0,015;0,0165;0,018;0,0155
Одеса;4643080;Оксид вуглецю;1,5;1,4875;null;1,6375;1,625;1,5625;1,7125;1,65;1,45;null;1,4875;1,6;1,5375;1,6625;1,85;1,6375;null;1,75;1,975;1,4625;1,3875;1,4625;1,4625;null;1,525;1,4375;1,5;1,4625;1,4125;1,5375
Одеса;4643080;Дiоксид азоту;0,059838889;0,079338889;null;0,083766667;0,095161111;0,062322222;0,036238889;0,036611111;0,049316667;null;0,055961111;0,081072222;0,074038889;0,058416667;0,060655556;0,052772222;null;0,031957143;0,016569231;0,037394118;0,031361111;0,04435;0,051055556;null;0,053583333;0,045177778;0,051161111;0,048127778;0,075433333;0,058605556
Одеса;4643080;Оксид азоту;0,03025;0,03285;null;0,0468;0,047625;0,04335;0,045875;0,040475;0,026225;null;0,042475;0,047525;0,04775;0,048375;0,03865;0,037825;null;0,03895;null;0,04435;0,03125;0,02115;0,013175;null;0,02705;0,037775;0,0439;0,0363;0,032;0,047525
Одеса;4643080;Сiрководень;0,001225;0,001;null;0,00125;0,001275;0,0012125;0,0022375;0,0014625;0,0013;null;0,0012;0,0011625;0,0011625;0,0012375;0,0015125;0,001325;null;0,0007;0,00105;0,001583333;0,0013;0,0014875;0,0011625;null;0,000975;0,0010375;0,0010875;0,00145;0,0011;0,0011125
Одеса;4643080;Фенол;0,003442857;0,00347619;null;0,003042857;0,003047619;0,002909524;0,003528571;0,003304762;0,00302381;null;0,003114286;0,003614286;0,003285714;0,003004762;0,003047619;0,003042857;null;0,002983333;0,003071429;0,003370588;0,003190476;0,003295238;0,003119048;null;0,002852381;0,003033333;0,003104762;0,003304762;0,002938095;0,002985714
Одеса;4643080;Сажа;0,07375;0,0875;null;0,06875;0,05375;0,05;0,07375;0,0525;0,04875;null;0,06;0,07;0,0475;0,06375;0,05;0,04875;null;0,051428571;0,035;0,055714286;0,035;0,04875;0,035;null;0,0425;0,0425;0,045;0,05875;0,06;0,07
Одеса;4643080;Фтористий водень;0,0029875;0,002525;null;0,0024625;0,0025;0,0035625;0,003325;0,004075;0,0036;null;0,0061125;0,0057875;0,0042625;0,0036875;0,0053375;0,0033625;null;0,003733333;0,003;0,00525;0,0036875;0,0031625;0,0037;null;0,002725;0,0017875;0,004175;0,0046;0,0025125;0,00315
Одеса;4643080;Формальдегiд;0,008446154;0,006853846;null;0,006369231;0,006761538;0,007853846;0,007430769;0,008523077;0,007669231;null;0,007384615;0,007746154;0,006838462;0,007353846;0,006423077;0,007569231;null;0,006722222;0,005285714;0,009309091;0,008646154;0,006807692;0,007707692;null;0,005838462;0,006423077;0,006907692;0,006046154;0,006415385;0,007215385
Полтава;4963460;Завислі речовини;0,425;0,2875;null;0,2125;0,15;0,2125;0,1625;0,3625;0,325;null;0,225;0,175;0,225;0,1;0,2;0,175;null;0,0875;0,1;0,2375;0,1;0,1625;0,025;null;0,125;0,2;0,25;0,2125;0,225;0,225
Полтава;4963460;Дiоксид сiрки;0,0025;0,0025;null;0,003333333;0,002625;0,003;0,0033125;0,002875;0,002125;null;0,00375;0,002625;0,00375;0,00225;0,0025625;0,002625;null;0,001833333;0,0023125;0,0026875;0,00225;0,002125;0,0031875;null;0,004583333;0,0058125;0,006375;0,004875;0,0056875;0,003125
Полтава;4963460;Сульфати;0,005;0,015;null;0,01;0,01;0,005;0,015;0,005;0;null;0,01;0,015;0,01;0,005;0,005;0,005;null;0,005;0,015;0,01;0,01;0,01;0,01;null;0,015;0,02;0,01;0,005;0,01;0
Полтава;4963460;Оксид вуглецю;1,111111111;1,5;null;0,666666667;1,222222222;1,444444444;1,333333333;1,666666667;1,625;null;1,333333333;1,777777778;1,444444444;0,777777778;1,666666667;1,625;null;0,888888889;1,222222222;1,444444444;0,555555556;1,666666667;0,375;null;1,666666667;2,777777778;1,666666667;2,222222222;1,222222222;1,625
Полтава;4963460;Дiоксид азоту;0,03625;0,0275;null;0,039166667;0,036875;0,03625;0,046875;0,02875;0,024375;null;0,035;0,02875;0,035625;0,039375;0,03375;0,0275;null;0,04;0,024375;0,03;0,026875;0,01375;0,0225;null;0,036666667;0,03875;0,03375;0,030625;0,023125;0,030625
Полтава;4963460;Оксид азоту;0,02;0,005;null;0,02;0,015;0,02;0,02;0,0175;0,0175;null;0,013333333;0,0175;0,025;0,0125;0,02;0,0175;null;0,01;0,01;0,02;0,01;0,01;0,0125;null;0,016666667;0,03;0,02;0,0175;0,015;0,01
Полтава;4963460;Фтористий водень;0,002375;0,002375;null;0,002333333;0,001125;0,002125;0,002375;0,002;0,001125;null;0,002333333;0,002625;0,00275;0,001875;0,00175;0,00175;null;0,002333333;0,001375;0,00175;0,002;0,001125;0,00075;null;0,002666667;0,002125;0,001625;0,00175;0,00175;0,00075
Полтава;4963460;Хлористий водень;0,015;0,03;null;0,026666667;0,015;0,025;0,025;0,01;0,015;null;0,013333333;0,015;0,035;0,02;0,025;0,02;null;0,02;0,025;0,01;0,015;0,01;0,005;null;0,04;0,02;0,025;0,02;0,025;0,015
Полтава;4963460;Амiак;0,0125;0,015;null;0,013333333;0,005;0,015;0,0175;0,0125;0,01;null;0,01;0,01;0,0125;0,015;0,0075;0,01;null;0,02;0,0075;0,0075;0,0125;0,005;0,0075;null;0,016666667;0,0125;0,0125;0,01;0,0075;0,0075
Полтава;4963460;Формальдегiд;0,004333333;0,00225;null;0,005666667;0,0035;0,00425;0,00675;0,003416667;0,00575;null;0,003;0,00425;0,00575;0,00425;0,00425;0,0035;null;0,004;0,00375;0,004333333;0,003;0,0015;0,00225;null;0,006666667;0,003;0,003;0,003;0,002;0,002583333
Кременчук;4813330;Завислі речовини;0,09375;0,13125;null;0,15;0,1225;0,09875;0,16;0,17375;0,08625;null;0,07875;0,08;0,0575;0,0775;0,1125;0,08;null;0,1125;0,19625;0,06375;0,08;0,06625;0,07;null;0,1325;0,08125;0,13625;0,13125;0,102857143;0,16
Кременчук;4813330;Дiоксид сiрки;0,00724375;0,0066625;null;0,00695625;0,007453333;0,0067875;0,00685;0,005825;0,006525;null;0,0074;0,00716875;0,00855;0,00826875;0,0071875;0,0077625;null;0,0079375;0,00960625;0,00721875;0,00646875;0,00573125;0,0057625;null;0,0071875;0,00669375;0,0065;0,00575;0,00578;0,00685625
Кременчук;4813330;Сульфати;0;0,01;null;0,005;0;0;0,005;0,01;0;null;0,005;0;0,005;0;0,005;0,005;null;0,01;0,005;0;0,005;0,01;0;null;0,01;0;0,01;0,005;0;0,01
Кременчук;4813330;Оксид вуглецю;0,6125;0,45;null;0,4;0,4;0,6125;0,8625;0,8;0,6;null;0,8375;0,5125;0,55;0,85;0,9125;0,7875;null;1,0875;1,6;0,55;0,6625;0,5;0,3675;null;0,4;0,55;0,6625;0,55;0,5875;1,325
Кременчук;4813330;Дiоксид азоту;0,03591875;0,0379625;null;0,0360875;0,03288;0,02735625;0,03305625;0,032975;0,0372;null;0,0338375;0,0312875;0,039475;0,033525;0,03481875;0,043125;null;0,05429375;0,06769375;0,0348125;0,02633125;0,0297;0,02945625;null;0,03580625;0,0244625;0,0265875;0,02051875;0,025946667;0,03269375
Кременчук;4813330;Оксид азоту;0,025775;0,03255;null;0,04025;0,023625;0,022625;0,017675;0,013225;0,017575;null;0,02475;0,0217;0,0308;0,028475;0,022525;0,024975;null;0,0437;0,039025;0,02755;0,020775;0,0245;0,02115;null;0,024775;0,021275;0,018875;0,0146;0,020475;0,01605
Кременчук;4813330;Фенол;0,000541667;0,000333333;null;0,000525;0,000772727;0,000991667;0,000375;0,001083333;0,001533333;null;0,001175;0,000925;0,000708333;0,001033333;0,000841667;0,000525;null;0,000608333;0,00055;0,000483333;0,001116667;0,000516667;0,000258333;null;0,000808333;0,000908333;0,000216667;1,66667E-05;0,000754545;0,001408333
Кременчук;4813330;Сажа;0,01045;0,003925;null;0,00645;0,0051;0,006375;0,019025;0,01385;0,0076;null;0,008775;0,0076;0,00375;0,00505;0,006375;0,00635;null;0,01025;0,022875;0,003925;0,0053;0,0025;0,001275;null;0,01385;0,008875;0,0113;0,01385;0,0138;0,023625
Кременчук;4813330;Амiак;0,0058;0,0066;null;0,0058;0,0041;0,005125;0,0063;0,006125;0,004025;null;0,004225;0,007725;0,007;0,00395;0,007;0,0077;null;0,005025;0,007325;0,006675;0,006025;0,0061;0,005125;null;0,005825;0,00535;0,00465;0,0026;0,002625;0,00715
Кременчук;4813330;Формальдегiд;0,00437;0,00505;null;0,00671;0,003422222;0,00247;0,00422;0,00516;0,00431;null;0,00299;0,00546;0,00686;0,00595;0,00496;0,00435;null;0,00601;0,00707;0,00634;0,00435;0,00385;0,00384;null;0,00405;0,00309;0,00217;0,00339;0,003033333;0,00315
Рівне;5062620;Завислі речовини;0,03228;0,02136;null;0,039225;0;0;0;0;0;null;0;0;0;0;0,2083;0,171333333;null;0;0,06312;0;0;0,132875;0;null;0,135366667;0;0;0;0;0
Рівне;5062620;Дiоксид сiрки;0;0;null;0,000225;0,000808333;0,001163636;0,000825;0,000225;0,001641667;null;0,00095;0;0;0;0;0,000933333;null;0,001133333;0,00055;0,000366667;0,001825;0,000791667;0,001891667;null;0;0,000508333;0,0011;0;0,000383333;0,001291667
Рівне;5062620;Оксид вуглецю;0,818333333;0,901666667;null;0,888333333;0,995;1,048333333;1,206666667;1,18;1,041666667;null;0,968333333;1,085;1,078333333;1,001666667;1,093333333;0,941666667;null;0,833333333;1,008333333;1,005;0,958333333;1,07;0,965;null;1,005;1,075;1,135;1,03;1,35;1,171666667
Рівне;5062620;Дiоксид азоту;0,062383333;0,041275;null;0,038;0,0477;0,069136364;0,0435;0,015783333;0,012541667;null;0,011683333;0,013816667;0,016633333;0,012933333;0,014216667;0,012666667;null;0,016791667;0,016916667;0,016725;0,030933333;0,039058333;0,022516667;null;0,02515;0,027;0,023516667;0,02423;0,015525;0,010283333
Рівне;5062620;Оксид азоту;0,04075;0,02529;null;0,025977778;0,04588;0,0527;0,06499;0,0292;0,01359;null;0,005811111;0,00628;0,02478;0,00722;0,01421;0,00767;null;0,018166667;0,01284;0,01674;0,02289;0,04107;0,01988;null;0,037511111;0,02391;0,03068;0,03145;0,02286;0,01275
Рівне;5062620;Сiрководень;0,0007;0,0025;null;0,0023;0,004525;0,0029;0,0008125;0,0005875;0,00205;null;0,001642857;0,0004125;0,00115;0,0008875;0,0004375;0;null;0;0,001225;0;0,0004625;0;0,0009;null;0;0,0014375;0,0011375;0,000485714;0;0,000875
Рівне;5062620;Фенол;0,00028;0,00069;null;0;0,00037;0,00033;0;0,00122;0,00345;null;0,00254;0,00351;0,00171;0,00323;0,00293;0,00147;null;0,00071;0;0,00038;0;0;0;null;0,00071;0,00057;0,0003;0,0004125;0,00037;0,00059
Рівне;5062620;Фтористий водень;0,004775;0,0038625;null;0,002242857;0,001025;0,0053875;0,006;0,0005625;0,000275;null;0,001385714;0;0,00135;0,0005625;0,002475;0,00565;null;0,0018;0,002775;0;0,0015375;0,00395;0,008125;null;0,0032;0,00285;0,002375;0;0,00335;0,008825
Рівне;5062620;Хлористий водень;0,083575;0,010825;null;0,0439625;0,134975;0,1264375;0,0798;0,0544625;0,0234875;null;0,048375;0,081775;0,114525;0,1711375;0,0622375;0,119;null;0,048925;0,0114875;0,07515;0,1115875;0,097475;0,0541375;null;0,0225375;0,0277625;0,1302375;0,02815;0,0647625;0,121525
Рівне;5062620;Амiак;0;0;null;0;0;0;0;0;0;null;0;0,003175;0;0;0,007825;0,011025;null;0,0064;0;0;0;0;0;null;0;0;0;0;0;0,005075
Рівне;5062620;Формальдегiд;0,006475;0,0009;null;0,004357143;0,010375;0,004257143;0,0065125;0,00315;0,0039;null;0,006485714;0,0036625;0,00795;0,00685;0,00165;0,0026875;null;0,006685714;0,0015375;0,005575;0,001375;0,004625;0,00195;null;0,001071429;0,0081875;0,0062;0,008971429;0,0081875;0,0106875
Суми;5093480;Завислі речовини;0,25;0,283333333;null;0,233333333;0,316666667;0,266666667;0,316666667;0,333333333;0,233333333;null;0,316666667;0,283333333;0,35;0,3;0,366666667;0,3;null;0,416666667;0,45;0,316666667;0,15;0,333333333;0,25;null;0,416666667;0,316666667;0,333333333;0,34;0,35;0,233333333
Суми;5093480;Дiоксид сiрки;0,074166667;0,060583333;null;0,054888889;0,0675;0,06225;0,066083333;0,065666667;0,053333333;null;0,054222222;0,061916667;0,067833333;0,059833333;0,055833333;0,057416667;null;0,054333333;0,062083333;0,0625;0,059333333;0,059916667;0,059;null;0,055222222;0,052916667;0,04725;0,055;0,05625;0,053166667
Суми;5093480;Сульфати;0,025;0,005;null;0,015;0,01;0,01;0,02;0,015;0,005;null;0,005;0,02;0,015;0,015;0,005;0,015;null;0,015;0,015;0,015;0,005;0,015;0,01;null;0,01;0,01;0,005;0,015;0,02;0,015
Суми;5093480;Оксид вуглецю;1,5;1,5;null;1,5;1,833333333;1,666666667;1,5;1,333333333;1,666666667;null;1,5;1;1,833333333;1,666666667;1,833333333;1,666666667;null;1,833333333;2,833333333;3,333333333;1,5;1,166666667;2;null;1,166666667;1,5;1,666666667;2,333333333;1,333333333;1,5
Суми;5093480;Дiоксид азоту;0,0825;0,069166667;null;0,081111111;0,078333333;0,058333333;0,0575;0,068333333;0,050833333;null;0,078888889;0,0675;0,0675;0,076666667;0,060833333;0,070833333;null;0,083333333;0,079166667;0,080833333;0,088333333;0,079166667;0,076666667;null;0,082222222;0,078333333;0,065833333;0,079090909;0,085;0,069166667
Суми;5093480;Оксид азоту;0,03;0,0325;null;0,043333333;0,04;0,0275;0,0225;0,0325;0,0275;null;0,03;0,0375;0,0275;0,0275;0,0225;0,0325;null;0,036666667;0,035;0,0325;0,045;0,04;0,03;null;0,04;0,0375;0,03;0,04;0,0275;0,0425
Суми;5093480;Амiак;0,0125;0,01125;null;0,013333333;0,0125;0,00875;0,01625;0,01625;0,0125;null;0,013333333;0,01375;0,01;0,0125;0,01125;0,01;null;0,013333333;0,0125;0,01125;0,00875;0,00875;0,01;null;0,011666667;0,01625;0,015;0,01;0,01625;0,01375
Суми;5093480;Формальдегiд;0,003;0,003;null;0,001333333;0,005;0,003;0,004;0,003;0,003;null;0,004;0,003;0,004;0,00475;0,003;0,00375;null;0,004;0,003;0,004;0,005;0,005;0,004;null;0,003666667;0,00575;0,003;0,004;0,00375;0,005
Тернопіль;4932530;Завислі речовини;0,1;0,0775;null;0,1225;0,1525;0,1575;0,215;0,1475;0,1625;null;0,1375;0,165;0,105;0,095;0,1275;null;null;0,125;0,105;0,045;0,02;0,0275;0;null;0,03;0,056666667;0,02;0,0425;0;null
Тернопіль;4932530;Дiоксид сiрки;0,0054875;0,0056;null;0,00685;0,0072125;0,006975;0,00785;0,005425;0,0052;null;0,0052125;0,0055625;0,003975;0,00335;0,0046125;null;null;0,0053875;0,0043;0,002175;0,0045;0,0041;0,003375;null;0,0052;0,00472;0,00465;0,00272;0,001416667;null
Тернопіль;4932530;Оксид вуглецю;3,425;3,4;null;3,2;3,35;3,175;3,35;3,55;3,4;null;3,7;3,675;3,95;2,7;3,3;null;null;4,375;3,3;3,1;3,3;3,7;3,675;null;3,65;3,5;3,7;3,85;4,2;null
Тернопіль;4932530;Дiоксид азоту;0,0453375;0,05025;null;0,0447625;0,0393;0,0442125;0,0435125;0,049425;0,054725;null;0,05135;0,05015;0,040725;0,04175;0,044675;null;null;0,0565625;0,047;0,044575;0,0473875;0,051125;0,04675;null;0,050625;0,0523;0,067275;0,04936;0,046366667;null
Тернопіль;4932530;Оксид азоту;0,02505;0,027775;null;0,02475;0,021275;0,024;0,023775;0,026925;0,029975;null;0,028225;0,02835;0,021825;0,022425;0,023875;null;null;0,0319;0,025725;0,024525;0,025775;0,028825;0,026775;null;0,028225;0,03305;0,039;0,024466667;0,0257;null
Тернопіль;4932530;Формальдегiд;0,0024875;0,0035875;null;0,0027875;0,003525;0,004575;0,006375;0,0037;0,00345;null;0,00295;0,003225;0,00215;0,0015375;0,0016375;null;null;0,002525;0,003475;0,0010875;0,0022875;0,0027625;0,0028;null;0,00275;0,00444;0,004375;0,00118;0,000666667;null
Харків;4993630;Завислі речовини;0,066;0,068;null;0,0332;0,0568;0,0524;0,0604;0,068;0,0636;null;0,064545455;0,057272727;0,051818182;0,039090909;0,047727273;0,053636364;null;0,059047619;0,052857143;0,073333333;0,043333333;0,047619048;0,044285714;null;0,056521739;0,05826087;0,050434783;0,04;0,03173913;0,03173913
Харків;4993630;Дiоксид сiрки;0,021006667;0,022076667;null;0,01772;0,018023333;0,019116667;0,018706667;0,018463333;0,01848;null;0,014125926;0,018177778;0,013288889;0,016866667;0,0157;0,016466667;null;0,016229167;0,01465;0,016195833;0,0173125;0,014745833;0,017816667;null;0,015911111;0,018622222;0,01507037;0,019014815;0,015662963;0,016525926
Харків;4993630;Сульфати;0;0,005;null;0;0;0,01;0;0;0,005;null;0,005;0;0;0;0,005;0,01;null;0,01;0;0;0;0;0,005;null;0,005;0;0,005;0;0;0,005
Харків;4993630;Оксид вуглецю;1,26;1,21;null;1,275;1,265;1,21;1,225;1,335;1,235;null;1,444444444;1,244444444;1,433333333;1,566666667;1,411111111;1,227777778;null;1,13125;1,3125;1,31875;1,10625;1,23125;1,025;null;1,166666667;1,138888889;1,183333333;1,144444444;1,144444444;1,183333333
Харків;4993630;Дiоксид азоту;0,024694286;0,027;null;0,025896667;0,025597143;0,028405714;0,027162857;0,030491429;0,029771429;null;0,021040741;0,022254839;0,024070968;0,02143871;0,023090323;0,024329032;null;0,025916667;0,022068966;0,020993103;0,020351724;0,025524138;0,024327586;null;0,023140741;0,024915625;0,0233625;0,022671875;0,0216;0,02506875
Харків;4993630;Оксид азоту;0,018675;0,018375;null;0,030566667;0,023575;0,023525;0,018525;0,021425;0,018675;null;null;null;null;null;null;null;null;0,0165;0,0229;0,0114;0,017025;0,013925;0,017575;null;0,0254;0,019075;0,02185;0,017825;0,0177;0,01865
Харків;4993630;Сiрководень;0,00115;0,0003;null;0,000833333;0,001025;0,0012;0,00095;0,0011;0,000775;null;0,001233333;0,0009;0,0009;0,00035;0,00035;0,0005;null;null;null;null;null;null;null;null;null;null;null;null;null;null
Харків;4993630;Фенол;0,0021;0,002308333;null;0,001044444;0,001516667;0,001625;0,002116667;0,001558333;0,001708333;null;0,000933333;0,001675;0,0014625;0,001825;0,001775;0,0019625;null;0,001433333;0,001483333;0,001791667;0,001858333;0,001708333;0,001775;null;0,003355556;0,002983333;0,003241667;0,003066667;0,002508333;0,002625
Харків;4993630;Сажа;0,02;0,03;null;0;0,02;0,01;0,01;0,01;0,02;null;0,02;0,02;0,03;0;0,01;0,03;null;0,02;0,03;0,02;0,02;0,036666667;0;null;0,02;0,02;0,02;0;0,01;0,03
Харків;4993630;Амiак;0,0061;0,00695;null;0,005083333;0,0074875;0,0046375;0,0088625;0,0042125;0,0054375;null;0,00785;0,003725;0,0058;0,0046625;0,0088;0,0041625;null;0,006866667;0,0042375;0,00685;0,006125;0,0059125;0,006;null;0,0039;0,0084;0,0059125;0,0037375;0,002925;0,005825
Харків;4993630;Формальдегiд;0,002396429;0,002217857;null;0,001390476;0,002621429;0,001867857;0,002553571;0,002614286;0,002525;null;0,002680952;0,002360714;0,002578571;0,001303571;0,001946429;0,001960714;null;0,003277778;0,002675;0,002304167;0,003104167;0,002208333;0,000995833;null;0,002804762;0,002253571;0,001489286;0,001875;0,002075;0,001842857
Хмельницький;4942690;Завислі речовини;0,04175;0,05675;null;0,03975;0,07175;0,111;0,08675;0,0555;0,048;null;0,05575;0,0635;0,06375;null;null;null;null;null;null;null;null;null;null;null;null;null;null;null;null;null
Хмельницький;4942690;Дiоксид сiрки;0,01775;0,0178125;null;0,016175;0,0172375;0,01975;0,0199;0,0201625;0,018675;null;0,0189625;0,0182125;0,0161375;null;null;null;null;null;null;null;null;null;null;null;null;null;null;null;null;null
Хмельницький;4942690;Сульфати;0,008625;0,007675;null;0,008425;0,0081;0,0083;0,00785;0,0069;0,006175;null;0,0067;0,005875;0,006275;null;null;null;null;null;null;null;null;null;null;null;null;null;null;null;null;null
Хмельницький;4942690;Оксид вуглецю;1,4925;1,555;null;1,7575;1,875;2,4125;2,875;2,0075;1,49;null;1,83;1,72;1,75;null;null;null;null;null;null;null;null;null;null;null;null;null;null;null;null;null
Хмельницький;4942690;Дiоксид азоту;0,031025;0,0361875;null;0,0258125;0,040925;0,0445;0,043225;0,0445625;0,032375;null;0,0291375;0,033825;0,04;null;null;null;null;null;null;null;null;null;null;null;null;null;null;null;null;null
Хмельницький;4942690;Оксид азоту;0,025425;0,0196125;null;0,021875;0,02545;0,038925;0,05715;0,034575;0,02345;null;0,0209625;0,028775;0,0335875;null;null;null;null;null;null;null;null;null;null;null;null;null;null;null;null;null
Хмельницький;4942690;Фенол;0,001183333;0,0012;null;0,001266667;0,001683333;0,001766667;0,001983333;0,001566667;0,001283333;null;0,001716667;0,000816667;0,00115;null;null;null;null;null;null;null;null;null;null;null;null;null;null;null;null;null
Хмельницький;4942690;Хлористий водень;0,064925;0,047925;null;0,0421;0,0815;0,095325;0,059725;0,046475;0,047525;null;0,048975;0,04905;0,0367;null;null;null;null;null;null;null;null;null;null;null;null;null;null;null;null;null
Хмельницький;4942690;Амiак;0,00535;0,006875;null;0,009075;0,00905;0,009725;0,008725;0,0059;0,00615;null;0,0069;0,0069;0,006625;null;null;null;null;null;null;null;null;null;null;null;null;null;null;null;null;null
Хмельницький;4942690;Формальдегiд;0,001033333;0,001383333;null;0,001966667;0,00185;0,001566667;0,0012;0,001183333;0,001583333;null;0,0018;0,001066667;0,00105;null;null;null;null;null;null;null;null;null;null;null;null;null;null;null;null;null
Херсон;4673270;Завислі речовини;0;null;null;0,1;0,033333333;0;0,1;0,025;null;null;null;0;0;0;0;null;null;0;0,075;0;0,05;0,075;null;null;0;0,025;0,05;0,05;0,1;null
Херсон;4673270;Дiоксид сiрки;0;null;null;0,001166667;0;0;0,001375;0,001875;null;null;null;0,003;0,00275;0,005625;0,002375;null;null;0,0145;0,004625;0,002625;0,005875;0,008;null;null;0,0095;0,019875;0,008625;0,0045;0,00075;null
Херсон;4673270;Сульфати;0,005;null;null;0,005;0;0;0;0,005;null;null;null;0;0;0;0;null;null;0,005;0,01;0,005;0,005;0,005;null;null;0,005;0;0;0;0;null
Херсон;4673270;Оксид вуглецю;0,201666667;null;null;0,183333333;0,168333333;0,166666667;0,258333333;0,38;null;null;null;0,205;0,208333333;0,195;0,281666667;null;null;0,285;0,615;0,235;0,333333333;0,363333333;null;null;0,326666667;0,221666667;0,251666667;0,261666667;0,348333333;null
Херсон;4673270;Дiоксид азоту;0,20625;null;null;0,155;0,2225;0,2075;0,155;0,23375;null;null;null;0,183333333;0,19;0,18;0,20125;null;null;0,233333333;0,2075;0,27;0,21375;0,2525;null;null;0,17;0,21125;0,215;0,2675;0,1425;null
Херсон;4673270;Оксид азоту;0,0875;null;null;0,053333333;0,06;0,095;0,1075;0,14;null;null;null;0,133333333;0,165;0,1625;0,125;null;null;0,066666667;0,1125;0,155;0,11;0,1475;null;null;0,136666667;0,1275;0,155;0,1325;0,075;null
Херсон;4673270;Фенол;0,00225;null;null;0,0005;0;0,000625;0,000375;0,0025;null;null;null;0,000666667;0,00025;0,0005;0,002375;null;null;0,001166667;0,0015;0,003875;0,003;0,002;null;null;0,003166667;0,003;0,004875;0,001875;0,001875;null
Херсон;4673270;Формальдегiд;0;null;null;0;0,00275;0,00125;0,0015;0;null;null;null;0;0;0;0;null;null;0;0;0;0;0;null;null;0;0;0;0;0,003;null
Черкаси;4933200;Завислі речовини;0,15;0,275;null;0,35;0,2;0,15;0,1;0,05;0,05;null;0;0,05;0,05;0;0,05;0,033333333;null;0,1;0,1;0,15;0;0,05;0,05;null;0,1;0,1;0,05;0,05;0,05;0
Черкаси;4933200;Дiоксид сiрки;0,0195;0,020666667;null;0,022;0,020666667;0,018166667;0,017;0,022666667;0,019;null;0,0208;0,020833333;0,017166667;0,019666667;0,02;0,0201;null;0,02025;0,0181;0,0227;0,0197;0,0204;0,0221;null;0,020666667;0,01875;0,019375;0,0305;0,029571429;0,0215
Черкаси;4933200;Сульфати;0,01;0,01;null;0,01;0,015;0,01;0,01;0,015;0,01;null;0,01;0,01;0,01;0,01;0,01;0,01;null;0,01;0,01;0,01;0,01;0,01;0,01;null;null;null;null;null;null;null
Черкаси;4933200;Оксид вуглецю;1;1;null;1;1;1;1,75;1,25;1;null;1;1,75;2,5;1,75;1,166666667;1,5;null;1,833333333;1,5;1,333333333;1;1;1,166666667;null;1;1;1,75;3,5;2,25;2
Черкаси;4933200;Дiоксид азоту;0,02375;0,03;null;0,03;0,03;0,0325;0,03125;0,02875;0,0275;null;0,023333333;0,02625;0,03;0,0275;0,030909091;0,030833333;null;0,033333333;0,034166667;0,035;0,029166667;0,0325;0,034166667;null;0,023333333;0,03125;0,03375;0,045;0,035714286;0,03125
Черкаси;4933200;Оксид азоту;null;null;null;null;null;null;null;null;null;null;null;null;null;null;0,026666667;0,025;null;0,026666667;0,05;0,0275;0,035;0,0275;0,025;null;0,023333333;0,0275;0,025;0,0325;0,0225;0,025
Черкаси;4933200;Сiрководень;0,00225;0,002;null;0,001833333;0,001625;0,002;0,00275;0,002375;0,001875;null;0,0015;0,001875;0,001875;0,00175;0,002181818;0,001583333;null;0,002;0,001916667;0,00175;0,001833333;0,002;0,001833333;null;0,001666667;0,00175;0,002;0,00275;0,002571429;0,00225
Черкаси;4933200;Амiак;0,0375;0,04375;null;0,033333333;0,04;0,05;0,04875;0,055;0,0525;null;0,043333333;0,045;0,0475;0,03625;0,040909091;0,035;null;0,031111111;0,04;0,040833333;0,028333333;0,039166667;0,040833333;null;0,04;0,05375;0,04375;0,06875;0,061428571;0,0425
Черкаси;4933200;Формальдегiд;0,009;0,0095;null;0,006666667;0,00725;0,0065;0,00775;0,00675;0,004;null;0,009666667;0,0155;0,01125;0,00925;0,0065;0,0115;null;0,005;0,01025;0,00675;0,0045;0,0085;0,00625;null;0,007333333;0,00925;0,006;0,01725;0,009333333;0,01325
Чернівці;4832590;Завислі речовини;0,016666667;0;null;0;0,05;0,05;0,05;0,05;0;null;0,05;0,033333333;0,05;0,05;0,066666667;0,083333333;null;0,066666667;0,016666667;0,016666667;0,033333333;0,016666667;0,033333333;null;0,066666667;0,05;0,066666667;0,033333333;0,033333333;0,033333333
Чернівці;4832590;Дiоксид сiрки;0,001616667;0,000716667;null;0,000991667;0,0018;0,003158333;0,002591667;0,00195;0;null;0,001933333;0,003325;0,00165;0,0014;0,0017;0;null;0,000283333;0,0023;0,002166667;0,002583333;0,001566667;0,000566667;null;0,000675;0,001816667;0,002633333;0,002508333;0,002383333;0,002625
Чернівці;4832590;Оксид вуглецю;0,9;0,5;0,5;0,3;0,9;1,1;1,2;0,6;0,1;0;0,3;0,1;0,4;0,2;0,3;0,5;0;0,6;0,333333333;0,2;0,2;0,1;0,2;0;0,2;0,2;0,3;0,3;0,4;0,1
Чернівці;4832590;Дiоксид азоту;0,02125625;0,0124;0,017875;0,0205;0,0203875;0,03316875;0,029775;0,03261875;0,01205;0,0143;0,017675;0,01219375;0,019025;0,01796875;0,01655625;0,02095;0,028825;0,028525;0,01656;0,01260625;0,00505;0,01840625;0,0166;0,0196;0,0219625;0,00644375;0,010425;0,00949375;0,01235625;0,00505
Чернівці;4832590;Оксид азоту;0,005175;0,0036125;0,0155;0,004175;0,020625;0,028775;0,037375;0,0101625;0,0014875;0,009075;0,0034875;0,0026875;0,0052125;0,002675;0,0022875;0,0116125;0,030725;0,014075;0,004671429;0,002125;0,0015625;0,00565;0,00465;0,0037;0,0041875;0,0044875;0,0164375;0,0105875;0,0053625;0,00385
Чернівці;4832590;Фенол;0;0,0015;null;0,000225;0,001875;0,00125;0,000375;0,00015;0;null;0,000575;0,000675;0,00155;0,00075;0;0,001275;null;0,00075;0,0008;0,00015;0,000625;0,001125;0,0001;null;0,001125;0,000925;0,000325;0,00085;0,000175;0
Чернівці;4832590;Фтористий водень;0,000225;0,00065;null;0,0005125;0,0000625;0,0003125;0,00025;0,0008375;0,0024;null;0;0,001;0,0013875;0,00075;0;0,001175;null;0;0,00045;0;0,000425;0;0,000575;null;0,0008125;0;0,0006375;0,0005125;0;0,000375
Чернівці;4832590;Хлористий водень;0,046525;0,089525;null;0,08305;0,07695;0,054325;0,04175;0,00595;0,006025;null;0,021325;0,065225;0,0335;0,10545;0,050775;0,06;null;0,024425;0,139375;0,120575;0,02355;0,108075;0,0523;null;0,031975;0,105725;0,031975;0,17095;0,04615;0,15075
Чернівці;4832590;Формальдегiд;0,000175;0,00045;null;0,0006125;0,0006;0,0019625;0,0018;0,001525;0,000775;null;0,0013875;0,0025;0,0017125;0,0009625;0,001325;0;null;0,0014125;0,0019375;0,0031625;0,0022375;0,000175;0;null;0,000075;0,000175;0,0004125;0,0008625;0,00035;0
Ізмаїл;4542880;Завислі речовини;0,05;0,05;null;0,1;0,05;0,05;0,05;0,065000153;0,07;null;0,085;0,07;0,03;0,05;0,05;0,1;null;0,1;0,05;0,115;0,145;0,115000153;0,13;null;0,065000153;0,03;0,05;0,07;0,05;0,05
Ізмаїл;4542880;Дiоксид сiрки;0,029275;0,020275008;null;0,024666713;0,019325006;0,032675046;0,01830002;0,02365;0,02625004;null;0,030566667;0,022875;0,020675;0,027675031;0,0265;0,01655;null;0,030733333;0,019125055;0,0418;0,018550003;0,0263;0,028100003;null;0,042866667;0,026;0,023025015;0,02422506;0,01850006;0,038575
Ізмаїл;4542880;Сульфати;0;0,01;null;0,01;0;0,005;0,01;0,005;0,01;null;0,01;0,005;0;0,005;0,005;0,01;null;0,01;0;0,01;0,015;0,015;0,015;null;0,005;0;0,005;0,005;0,005;0,005
Ізмаїл;4542880;Оксид вуглецю;0,46;0,280000305;null;0,785001526;0,65;0,72500061;0,54;0,57;0,54000061;null;0,75;0,66;0,53;0,265;0,885;0,625;null;0,52;0,78;0,535001221;0,825;0,63;0,590000305;null;0,665;0,560001526;0,505;0,745;0,730001221;0,910001221
Ізмаїл;4542880;Дiоксид азоту;0,056675;0,070050061;null;0,069433374;0,055350079;0,067950061;0,036650079;0,057975061;0,045275;null;0,049500094;0,065200079;0,066375;0,060275079;0,054300079;0,059375;null;0,071266789;0,062650119;0,057650101;0,05330005;0,06907514;0,060400031;null;0,083233439;0,05945011;0,068575031;0,04130002;0,059875;0,074825
Ізмаїл;4542880;Сiрководень;0,001025;0,001825;null;0,001733335;0,000675001;0,001975002;0,000625001;0,001775;0,001375;null;0,0019;0,001575;0,001025001;0,001575;0,001075;0,000825;null;0,002166672;0,001225;0,00175;0,001750003;0,000975001;0,00135;null;0,002466669;0,00095;0,001;0,001825;0,000875002;0,001875001
Ізмаїл;4542880;Формальдегiд;0,0021;0,000700002;null;0,00105;0,00065;0,002700003;0,00105;0,00035;0,002;null;0,002;0,002;0,001350003;0,001;0,0007;0,00135;null;0,00235;0;0,00205;0,0007;0,0021;0,0014;null;0,0033;0,0013;0,002;0;0,003100003;0,00375
Біла Церква;4983020;Завислі речовини;0,07125;0,05275;null;0,052;0,0585;0,07675;0,05925;0,07625;0,076;null;0,06775;0,05925;0,051;0,068;0,051;0,0515;null;0,08625;0,06875;0,06225;0,0605;0,0515;0,0685;null;0,08175;0,0495;0,05825;0,05075;0,0755;0,07525
Біла Церква;4983020;Дiоксид сiрки;0,0319625;0,0322125;null;0,03275;0,0333625;0,0389875;0,0369125;0,03405;0,0392875;null;0,028;0,03265;0,0284375;0,038625;0,0273125;0,033675;null;0,034925;0,03645;0,040575;0,0346;0,0417375;0,0281875;null;0,0412;0,031825;0,0418875;0,0378625;0,0376;0,0291125
Біла Церква;4983020;Оксид вуглецю;0,875;0,85;null;0,4;0,425;0,6;0,525;0,5;0,475;null;0,675;1;0,95;0,95;0,65;0,925;null;1,025;0,95;1;1;0,875;1,1;null;1,175;1,55;1,275;1,5;1,4;1,8
Біла Церква;4983020;Дiоксид азоту;0,0838375;0,0920125;null;0,0914;0,1052125;0,0893625;0,088625;0,075175;0,086375;null;0,0913875;0,1102875;0,0732125;0,095125;0,080675;0,0833625;null;0,0865375;0,0842625;0,0994875;0,0723125;0,0787125;0,0808;null;0,0816;0,1043375;0,08375;0,0937625;0,08495;0,10105
Олександрія;4843230;Завислі речовини;0,35;0,3;null;0,25;0,2;0,25;0,35;0,2;0,3;null;0,3;0,2;0,35;0,2;0,35;0,25;null;0,25;0,15;0,2;0,45;0,4;0,3;null;0,2;0,25;0,25;0,4;0,15;0,1
Олександрія;4843230;Дiоксид сiрки;0,020675;0,023475;null;0,0145;0,0159;0,02505;0,020725;0,016725;0,02265;null;0,013733333;0,0146;0,0261;0,01635;0,0264;0,023475;null;0,016666667;0,015575;0,02605;0,01675;0,01835;0,02605;null;0,019066667;0,018;0,0164;0,022;0,0184;0,022975
Олександрія;4843230;Сульфати;0,005;0,005;null;0,01;0,005;0,005;0,01;0,01;0,005;null;0,01;0,005;0,015;0,01;0,01;0,02;null;0,005;0,005;0,005;0,005;0,01;0;null;0,005;0,01;0,005;0,015;0,005;0,005
Олександрія;4843230;Дiоксид азоту;0,031275;0,034725;null;0,023166667;0,029675;0,02395;0,036025;0,02225;0,03995;null;0,023533333;0,02095;0,02615;0,033175;0,0344;0,0183;null;0,0286;0,02005;0,024675;0,03685;0,02225;0,039375;null;0,023566667;0,01895;0,03565;0,02875;0,025225;0,0285
Олександрія;4843230;Сажа;0,045;0,09;null;0,045;0,035;0,045;0,055;0,04;0,065;null;0,035;0,035;0,03;0,04;0,04;0,04;null;0,115;0,05;0,035;0,04;0,035;0,055;null;0,035;0,05;0,09;0,035;0,06;0,05
Горішні Плавні;4903360;Завислі речовини;0,13;0,05;null;0,105;0,2;0,075;0,125;0,225;0,1;null;0,125;0,125;0,175;0,075;0,18;0,075;null;0,125;0,1;0,13;0,08;0,075;0,08;null;0,075;0,125;0,075;0,125;0,175;0,1
Горішні Плавні;4903360;Дiоксид сiрки;0,0069;0,00345;null;0,0034;0,00515;0,005825;0,006075;0,00545;0,00785;null;0,00755;0,007825;0,00725;0,0064;0,00825;0,009675;null;0,0074;0,006125;0,004675;0,0067;0,007325;0,005925;null;0,006325;0,0073;0,0052;0,00335;0,0069;0,004475
Горішні Плавні;4903360;Оксид вуглецю;0,15;0,2;null;0,2;0,1;0,2;0,2;0,25;0,15;null;0,1;0,1;0,15;0,2;0,2;0,2;null;0,15;0,25;0,2;0,15;0,15;0,25;null;0,1;0,15;0,2;0,25;0,3;0,3
Горішні Плавні;4903360;Дiоксид азоту;0,030025;0,012675;null;0,011125;0,0175;0,02195;0,0267;0,0242;0,030325;null;0,04345;0,042775;0,0495;0,038875;0,045675;0,053925;null;0,035175;0,028775;0,02625;0,03585;0,03605;0,03245;null;0,032575;0,04255;0,023175;0,024775;0,039425;0,026125
Горішні Плавні;4903360;Фенол;0,0005;0;null;0,0005;0,00085;0,0023;0,0021;0,0001;0,0015;null;0;0,0004;0,0017;0,0005;0,0009;0,00145;null;0,0005;0;0,0001;0,0017;0,0003;0;null;0,0009;0,0001;0,001;0,0006;0,00065;0,00055
Горішні Плавні;4903360;Сажа;0,0026;0,00785;null;0;0,00505;0,01015;0,0076;0,0025;0;null;0;0,005;0,00755;0;0,0051;0;null;0;0,00765;0,0078;0,0027;0;0,00265;null;0,005;0,00255;0;0,00505;0,00745;0,0074
Горішні Плавні;4903360;Хлористий водень;0,003366667;0,0036;null;0;0;0;0,0036;0;0,006366667;null;0,003233333;0,004066667;0;0,0041;0;0,004;null;0,003133333;0,005533333;0;0;0,003333333;0,0034;null;0,003233333;0,0028;0;0;0,0043;0
Горішні Плавні;4903360;Амiак;0,0033;0;null;0,00245;0,00515;0,00245;0,00605;0,00455;0,00135;null;0,0021;0,0078;0,008;0,00335;0,0087;0,00315;null;0,0043;0,00305;0;0,00795;0,00705;0,00385;null;0;0,00515;0,0032;0,00245;0,006;0
Бровари;5053080;Завислі речовини;0,053;0,053;null;0,0515;0,0505;0,051;0,068;0,051;0,051;null;0,034;0,068;0,051;0,051;0,034;0,0685;null;0,0525;0,0515;0,071;0,0515;0,068;0,0515;null;0,049;0,0665;0,0495;0,0675;0,067;0,05
Бровари;5053080;Дiоксид сiрки;0,039575;0,03645;null;0,043225;0,0373;0,039875;0,04765;0,041725;0,038875;null;0,03435;0,033375;0,0355;0,039425;0,035625;0,047125;null;0,043375;0,034225;0,04155;0,040175;0,042975;0,035325;null;0,031;0,0389;0,0428;0,02925;0,0377;0,034125
Бровари;5053080;Оксид вуглецю;0,6;0,6;null;0,6;0,55;0,5;0,6;0,6;0,6;null;0,55;0,6;0,5;0,55;0,55;0,55;null;0,6;0,6;0,55;0,55;0,6;0,55;null;0,55;0,6;0,6;0,5;0,6;0,7
Бровари;5053080;Дiоксид азоту;0,081275;0,068375;null;0,0803;0,073825;0,079775;0,086025;0,07775;0,073825;null;0,068225;0,06795;0,067225;0,076075;0,068625;0,09145;null;0,08065;0,067125;0,07935;0,064875;0,079975;0,067725;null;0,068575;0,0789;0,085125;0,058325;0,07425;0,063575
Обухів;5013060;Завислі речовини;0,0695;0,069;null;0,0515;0,0335;0,0685;0,0855;0,119;0,051;null;0,0845;0,034;0,068;0,051;0,0515;0,086;null;0,1215;0,0685;0,107;0,0345;0,085;0,034;null;0,0665;0,0495;0,066;0,034;0,067;0,084
Обухів;5013060;Дiоксид сiрки;0,0342;0,04045;null;0,034925;0,035725;0,036125;0,038075;0,03845;0,030225;null;0,030875;0,0412;0,0365;0,034525;0,035325;0,040425;null;0,044525;0,04195;0,047025;0,049975;0,042575;0,048575;null;0,043075;0,048075;0,0445;0,0439;0,039666667;0,047775
Обухів;5013060;Оксид вуглецю;0,2;0,25;null;0,15;0,3;0,35;0,2;0,45;0,3;null;0,25;0,3;0,35;0,25;0,3;0,2;null;0,15;0,3;0,15;0,25;0,3;0,3;null;0,35;0,3;0,45;0,35;0,3;0,3
Обухів;5013060;Дiоксид азоту;0,062825;0,06535;null;0,05085;0,04585;0,0628;0,07095;0,065325;0,07915;null;0,056525;0,0584;0,058;0,061525;0,05905;0,06075;null;0,06125;0,0579;0,0643;0,05225;0,054375;0,05995;null;0,055375;0,0566;0,04975;0,0573;0,0514;0,049375
Українка;5023080;Завислі речовини;0,07;0,069;null;0,069;0,0505;0,051;0,05;0,0675;0,0505;null;0,05;0,0495;0,067;0,051;0,068;0,034;null;0,052;0,052;0,0515;0,069;0,052;0,051;null;0,049;0,0655;0,033;0,033;0,067;0,066
Українка;5023081;Дiоксид сiрки;0,030775;0,03195;null;0,033575;0,038725;0,0402;0,0458;0,047;0,04225;null;0,033025;0,03825;0,0339;0,045175;0,047775;0,0365;null;0,047675;0,061775;0,047075;0,046125;0,038525;0,040525;null;0,042825;0,046175;0,0397;0,040866667;0,033066667;0,0603
Українка;5023082;Оксид вуглецю;1,295;1,045;null;0,91;1,16;0,995;1,61;1,355;1,09;null;0,77;0,875;0,8;1,22;0,795;0,68;null;0,895;0,825;0,71;0,545;0,705;1,105;null;1,175;0,965;0,735;0,76;0,43;1,205
Українка;5023083;Дiоксид азоту;0,066325;0,06365;null;0,074075;0,08045;0,071575;0,08415;0,0849;0,0761;null;0,0679;0,075625;0,0741;0,081425;0,0874;0,083275;null;0,082;0,116425;0,090625;0,084275;0,0847;0,08675;null;0,08425;0,08365;0,08065;0,063;0,067333333;0,0744
Житомир;5022870;Завислі речовини;0,071;0,097;null;0,07825;0,085;0,086;0,07725;0,0765;0,0765;null;0,0765;0,0845;0,0765;0,077;0,086;0,07725;null;0,0785;0,0865;0,0805;0,1055;0,079;0,086;null;0,0835;0,067;0,09275;0,077;0,0765;0,067
Житомир;5022871;Дiоксид сiрки;0,0368375;0,036825;null;0,036675;0,036725;0,0389;0,0364875;0,036125;0,037025;null;0,03515;0,0374625;0,03595;0,034925;0,0375625;0,0362375;null;0,036625;0,0365375;0,0411;0,038625;0,0366375;0,039675;null;0,0362375;0,039575;0,0343625;0,0342;0,038225;0,035575
Житомир;5022872;Оксид вуглецю;0,49;0,4675;null;0,4725;0,6025;0,6425;0,91;0,58;0,705;null;0,545;0,2325;0,5125;0,6;0,6575;0,5275;null;0,5425;0,6675;0,4725;0,525;0,6125;0,565;null;0,64;0,68;0,66;0,5225;0,6075;0,695
Житомир;5022873;Дiоксид азоту;0,0975625;0,1021125;null;0,09605;0,0955625;0,0954875;0,100775;0,1031875;0,09795;null;0,10185;0,091025;0,0972875;0,088675;0,098125;0,0912875;null;0,108525;0,1013125;0,104875;0,1053375;0,09325;0,1026125;null;0,0962;0,1033625;0,100075;0,0956;0,1017875;0,0981375
Чернігів;5143130;Завислі речовини;0,119;0,11775;null;0,11625;0,10025;0,08975;0,08925;0,08925;0,114;null;0,088;0,1135;0,126;0,1015;0,102;0,11475;null;0,1285;0,077;0,12;0,0915;0,1015;0,07725;null;0,10175;0,10075;0,07375;0,113;0,11325;0,075
Чернігів;5143131;Дiоксид сiрки;0,03275;0,0355;null;0,0321375;0,03945;0,0372875;0,0425625;0,041175;0,0412625;null;0,0352125;0,0404875;0,0457125;0,039675;0,0423;0,036075;null;0,0319125;0,0433625;0,0435125;0,036775;0,0420875;0,0473875;null;0,0420375;0,0396125;null;null;null;null
Чернігів;5143132;Оксид вуглецю;0,33;0,365;null;0,3375;0,3475;0,3975;0,3675;0,395;0,4025;null;0,3925;0,3725;0,305;0,2675;0,315;0,3025;null;0,3775;0,3625;0,375;0,33;0,39;0,4;null;0,32;0,355;0,3775;0,42;0,4225;0,455
Чернігів;5143133;Дiоксид азоту;0,0596375;0,072775;null;0,08365;0,0621625;0,0676375;0,0809375;0,0832625;0,06815;null;0,0692625;0,0587625;0,056825;0,076575;0,08445;0,08285;null;0,088125;0,0863;0,083825;0,0728125;0,0603375;0,0652625;null;0,0767;0,0863375;null;null;null;null
