city;coordinateNumber;nameImpurity;1;2;3;4;5;6;7;8;9;10;11;12;13;14;15;16;17;18;19;20;21;22;23;24;25;26;27;28;29;30;31
Київ;5053050;Завислі речовини;0,077392857;0,068285714;0,060714286;null;0,066178571;0,068892857;0,070642857;0,073607143;0,067035714;0,063321429;null;0,069892857;0,069535714;0,063178571;0,064357143;0,068678571;0,071107143;null;0,068571429;0,074464286;0,071714286;0,067535714;0,066;0,063678571;null;0,067592593;0,072148148;0,065;0,071678571;0,070821429;0,066607143
Київ;5053050;Дiоксид сiрки;0,060530952;0,05712619;0,063864286;null;0,06187381;0,060180952;0,064895238;0,058845238;0,056552381;0,055135714;null;0,056045238;0,056319048;0,055183333;0,058045238;0,058528571;0,058102381;null;0,056119048;0,058669048;0,056961905;0,058830952;0,058652381;0,060745238;null;0,057126829;0,059039024;0,057865;0,059916667;0,05645;0,054988095
Київ;5053050;Сульфати;0,0165;0,0155;0,015;null;0,0145;0,013;0,0135;0,0145;0,013;0,0125;null;0,0145;0,0155;0,014;0,0125;0,01;0,0115;null;0,014;0,0165;0,0165;0,015;0,0155;0,0145;null;0,013;0,0135;0,0135;0,0145;0,0145;0,0175
Київ;5053050;Оксид вуглецю;1,127666667;1,251666667;1,148333333;null;1,174;1,249;1,342;1,677333333;1,251;1,082666667;null;1,052666667;1,150333333;1,100666667;1,499333333;1,591;1,455666667;null;1,702333333;1,499333333;1,448666667;1,658;1,732;1,824333333;null;1,927;1,910333333;1,739;1,528666667;1,24;1,122333333
Київ;5053050;Дiоксид азоту;0,092135714;0,097988095;0,096140476;null;0,090711905;0,090464286;0,093759524;0,090719048;0,085457143;0,088030952;null;0,092169048;0,087514286;0,096771429;0,083021429;0,082414286;0,085964286;null;0,094085714;0,10212619;0,116097619;0,121847619;0,108197619;0,110880952;null;0,106317073;0,105280488;0,0928625;0,094809524;0,098433333;0,115452381
Київ;5053050;Сiрководень;0,000766667;0,00075;0,001033333;null;0,001016667;0,00095;0,001033333;0,000983333;0,001033333;0,001116667;null;0,000983333;0,001116667;0,000916667;0,0011;0,000966667;0,001283333;null;0,001116667;0,000866667;0,00105;0,0012;0,000883333;0,000733333;null;0,000683333;0,000883333;0,000783333;0,001;0,001;0,000816667
Київ;5053050;Фенол;0,002392857;0,002442857;0,0025;null;0,002521429;0,002407143;0,002235714;0,002342857;0,002278571;0,002385714;null;0,0022;0,002407143;0,002242857;0,0024;0,002228571;0,002414286;null;0,002285714;0,0024;0,002442857;0,00245;0,002335714;0,002021429;null;0,00195;0,002335714;0,002192857;0,002228571;0,002342857;0,002235714
Київ;5053050;Фтористий водень;0,000828571;0,000914286;0,000871429;null;0,000985714;0,000864286;0,000835714;0,00105;0,000892857;0,000907143;null;0,000914286;0,001028571;0,0009;0,000942857;0,000921429;0,000764286;null;0,000971429;0,000985714;0,000814286;0,000914286;0,001;0,000857143;null;0,000814286;0,000971429;0,000914286;0,000885714;0,000957143;0,000857143
Київ;5053050;Хлористий водень;0,077115;0,07428;0,076195;null;0,071565;0,072005;0,07276;0,071665;0,071975;0,06464;null;0,073085;0,073615;0,072355;0,069305;0,06098;0,065475;null;0,06672;0,06876;0,07349;0,06984;0,07089;0,065515;null;0,06721;0,065965;0,06924;0,0683;0,07125;0,074595
Київ;5053050;Амiак;0,008594444;0,008177778;0,008561111;null;0,007994444;0,008677778;0,008211111;0,008272222;0,008288889;0,008461111;null;0,007988889;0,008494444;0,008616667;0,008127778;0,00845;0,008511111;null;0,008566667;0,008533333;0,008888889;0,008811111;0,008483333;0,008361111;null;0,0083;0,008144444;0,008527778;0,008411111;0,0085;0,008872222
Київ;5053050;Формальдегiд;0,004208696;0,003886957;0,004308696;null;0,004230435;0,003686957;0,003832609;0,004028261;0,004054348;0,003930435;null;0,004184783;0,004056522;0,004119565;0,004419565;0,004243478;0,00411087;null;0,004654348;0,004765217;0,004743478;0,005034783;0,004417391;0,003541304;null;0,003886957;0,003895652;0,004169565;0,004426087;0,004934783;0,005443478
Вінниця;4922860;Завислі речовини;0;0;0;null;0;0,225;0,15;0,45;0,3;0;null;0,025;0;0;0,15;0;0;null;0;0;0;0;0;0,025;null;0;0;0,025;0;0,025;0,025
Вінниця;4922860;Дiоксид сiрки;0,000525;0,0010375;0;null;0,000525;0,00105;0,001325;0,0008;0,00105;0,0007875;null;0,0010625;0,001075;0,000275;0,0005375;0,0002625;0,0002625;null;0,0002625;0,0002625;0,000825;0;0,0002625;0,0002625;null;0,0002625;0,0013375;0,0005375;0,000275;0,0016;0,0010875
Вінниця;4922860;Оксид вуглецю;0,75;0,85;0,55;null;0,8;0,9;0,85;0,7;0,7;0,775;null;0,8;1,025;0,8;0,725;0,55;0,65;null;0,65;0,575;0,65;0,625;0,6;0,6;null;0,9;0,75;0,675;1,025;0,775;0,5
Вінниця;4922860;Дiоксид азоту;0,0900125;0,10035;0,095025;null;0,0674375;0,0773125;0,0427625;0,072725;0,0492125;0,038875;null;0,0543875;0,06385;0,0565125;0,0693875;0,0811375;0,0470625;null;0,0668375;0,0636125;0,0809;0,0812375;0,0737375;0,0526;null;0,033775;0,01545;0,0784375;0,054525;0,05685;0,0572875
Вінниця;4922860;Фтористий водень;0,0055125;0,00335;0,002275;null;0,0051875;0,00255;0,0114125;0,000375;0,0003625;0,0075625;null;0,003625;0,0062;0,0128875;0,0055375;0,0018375;0,0077;null;0,001825;0,0043875;0,0119625;0,0003625;0,0034375;0,0093125;null;0,00075;0,005225;0,0041125;0,00075;0,0018625;0,0022
Вінниця;4922860;Амiак;0,0111;0,00375;0;null;0,00375;0,023925;0,022175;0,003625;0,0217;0,00725;null;0,009275;0,003725;0,003625;0,0037;0,00375;0;null;0,01105;0,0037;0;0;0,015275;0,022525;null;0;0,01875;0,003825;0,01325;0,009325;0,0037
Вінниця;4922860;Формальдегiд;0,0041;0;0,0101;null;0;0,002;0;0,012;0,0059;0,00395;null;0;0;0,0041;0;0;0;null;0,00995;0;0,00205;0;0;0,0204;null;0;0,0183;0;0,0082;0;0,0123
Луцьк;5082530;Завислі речовини;0,066666667;0,05;0,066666667;null;0,066666667;0,05;0,1;0,066666667;0,05;0,016666667;null;0;0,05;0,05;0,033333333;0,066666667;0,033333333;null;0,066666667;0,05;0,066666667;0,066666667;0,033333333;0,016666667;null;0,016666667;0,016666667;0,05;0,05;0,033333333;0,05
Луцьк;5082530;Дiоксид сiрки;0,001891667;0,001725;0,00165;null;0,002558333;0,002;0,001941667;0,001666667;0,001475;0,001625;null;0,001708333;0,002041667;0,001866667;0,002391667;0,002591667;0,0014;null;0,002158333;0,00185;0,002983333;0,002816667;0,0019;0,00205;null;0,003091667;0,002708333;0,002125;0,002141667;0,001725;0,0019
Луцьк;5082530;Сульфати;0,005;0,01;0,005;null;0,01;0,01;0,01;0,005;0,01;0;null;0,005;0,01;0,01;0,01;0,015;0,01;null;0,01;0,005;0,01;0,01;0,005;0;null;0,005;0;0,01;0,005;0,005;0
Луцьк;5082530;Оксид вуглецю;0;0,333333333;0;null;0;0;0;0;0;0;null;0;0;0,166666667;0;0;0;null;0,166666667;0;0;0,166666667;0,166666667;0;null;0;0;0;0;0;0
Луцьк;5082530;Дiоксид азоту;0,092266667;0,071758333;0,045783333;null;0,060475;0,060125;0,060175;0,053533333;0,058766667;0,050358333;null;0,066258333;0,049783333;0,055425;0,054675;0,052691667;0,049708333;null;0,079908333;0,117725;0,13315;0,089975;0,058866667;0,049666667;null;0,11395;0,091133333;0,065383333;0,056341667;0,069166667;0,063875
Луцьк;5082530;Оксид азоту;0,0299;0,026225;0,018675;null;0,0278;0,025;0,019775;0,030025;0,0261;0,019075;null;0,020925;0,015275;0,0193;0,01905;0,028925;0,02445;null;0,04735;0,06425;0,068825;0,07035;0,0209;0,024775;null;0,050975;0,034775;0,01425;0,00585;0,017225;0,0175
Луцьк;5082530;Фенол;0,006325;0,005758333;0,004866667;null;0,005941667;0,005283333;0,00715;0,005808333;0,0061;0,004866667;null;0,005983333;0,004416667;0,005466667;0,00485;0,005491667;0,005016667;null;0,0064;0,006191667;0,006725;0,005158333;0,005733333;0,003725;null;0,004283333;0,005;0,005641667;0,006658333;0,005466667;0,005425
Луцьк;5082530;Формальдегiд;0,0055875;0,00525;0,004275;null;0,004525;0,0050375;0,0076875;0,0111125;0,0093875;0,0043875;null;0,0062;0,0067875;0,0061125;0,00495;0,007;0,005725;null;0,006275;0,0071875;0,0061625;0,0044875;0,0053125;0,00505;null;0,00545;0,0077375;0,0061375;0,00745;0,007275;0,0049
Ужгород;4862230;Завислі речовини;0,1175;0,1425;0,1725;null;0,145;0,08;0,0825;0,1225;0,055;0,13;null;0,0675;0,0275;0,115;0,0575;0,06;0,02;null;0,025;0,0525;0,05;0,08;0,045;0,0775;null;0,065;0,095;0,085;0,045;0,055;0,095
Ужгород;4862230;Дiоксид сiрки;0,007625;0,007125;0,00775;null;0,008375;0,006375;0,005625;0,006875;0,005;0,00475;null;0,004625;0,0055;0,005;0,004625;0,00275;0,004375;null;0,006375;0,004625;0,003875;0,005375;0,002625;0,0025;null;0,004375;0,0025;0,0025;0,004375;0,0035;0,0035
Ужгород;4862230;Сульфати;0,002;0,006;0,007;null;0,0025;0,003;0,0025;0,002;0,004;0,0055;null;0,003;0,003;0,008;0,0035;0,003;0,0025;null;0,0005;0,0025;0,003;0,002;0,002;0,001;null;0,002;0,0025;0,003;0,001;0,003;0,0045
Ужгород;4862230;Оксид вуглецю;0,6725;0,7;0,7075;null;0,7275;0,7075;0,7775;0,66;0,72;0,9175;null;0,92;0,77;0,865;0,7425;0,79;0,725;null;1,02;0,7625;0,83;0,86;0,77;0,67;null;0,8225;0,7525;0,7825;0,715;0,78;0,7475
Ужгород;4862230;Дiоксид азоту;0,058;0,0475;0,05075;null;0,046;0,03875;0,046125;0,0485;0,048875;0,043375;null;0,044875;0,047;0,043;0,04875;0,04775;0,05125;null;0,044375;0,040625;0,043375;0,045375;0,038375;0,0285;null;0,033;0,029875;0,043125;0,031125;0,053;0,05675
Ужгород;4862230;Оксид азоту;0,02075;0,0195;0,0185;null;0,02175;0,02625;0,03025;0,0305;0,01975;0,02875;null;0,0385;0,01925;0,02;0,02475;0,02475;0,03275;null;0,02375;0,02325;0,04675;0,02625;0,03775;0,0195;null;0,03175;0,018;0,01825;0,01775;0,02475;0,05125
Ужгород;4862230;Формальдегiд;0,016125;0,01775;0,01475;null;0,0105;0,009;0,01;0,0095;0,006;0,006875;null;0,009;0,009625;0,008875;0,0205;0,01725;0,0025;null;0,00575;0,017125;0,02475;0,0125;0,012125;0,015375;null;0,026125;0,01275;0,01525;0,01225;0,015125;0,019625
Запоріжжя;4793510;Завислі речовини;0,1;0,16;0,16;null;0,09;0,14;0,09;0,12;0,11;0,08;null;0,08;0,08;0,1;0,1;0,13;0,12;null;0,1;0,09;0,12;0,08;0,1;0,07;null;0,12;0,16;0,08;0,09;0,17;0,08
Запоріжжя;4793510;Дiоксид сiрки;0,00645;0,007185714;0,006478571;null;0,008423077;0,007135714;0,006728571;0,007121429;0,005307143;0,006157143;null;0,007084615;0,007635714;0,005778571;0,006728571;0,00685;0,006142857;null;0,006992308;0,006207143;0,006378571;0,007542857;0,006621429;0,0063;null;0,007576923;0,006678571;0,0062;0,005992857;0,006521429;0,006971429
Запоріжжя;4793510;Сульфати;0,02;0,015;0,015;null;0,02;0,01;0,02;0,025;0,02;0,015;null;0,015;0,02;0,015;0,015;0,015;0,015;null;0,015;0,015;0,0069;0,01185;0,015;0,015;null;0,02;0,025;0,02;0,015;0,025;0,015
Запоріжжя;4793510;Оксид вуглецю;0,49;0,4;0,53;null;0,52;0,48;0,46;0,45;0,46;0,37;null;0,44;0,38;0,39;0,37;0,5;0,38;null;0,41;0,44;0,43;0,43;0,54;0,56;null;0,47;0,42;0,51;0,42;0,49;0,62
Запоріжжя;4793510;Дiоксид азоту;0,068671429;0,067628571;0,06385;null;0,065215385;0,072128571;0,057307143;0,079678571;0,082342857;0,053307143;null;0,062007692;0,08385;0,066042857;0,068;0,0779;0,054185714;null;0,067407692;0,073128571;0,061185714;0,087864286;0,060385714;0,058728571;null;0,066692308;0,081335714;0,067707143;0,074121429;0,063971429;0,060528571
Запоріжжя;4793510;Оксид азоту;0,0461;0,038566667;0,0477;null;0,0345;0,052666667;0,0417;0,0572;0,0433;0,029166667;null;0,043033333;0,061066667;0,0409;0,041133333;0,048;0,0441;null;0,043333333;0,046;0,0343;0,053033333;0,053366667;0,039833333;null;0,044533333;0,0607;0,034466667;0,041533333;0,042;0,042333333
Запоріжжя;4793510;Сiрководень;0,003681818;0,003172727;0,003227273;null;0,003933333;0,003690909;0,002663636;0,003881818;0,003054545;0,003881818;null;0,0034;0,003727273;0,003845455;0,003663636;0,003118182;0,003945455;null;0,003588889;0,003827273;0,003645455;0,004445455;0,004318182;0,003445455;null;0,003488889;0,003345455;0,002872727;0,003018182;0,005290909;0,006036364
Запоріжжя;4793510;Фенол;0,00597;0,00734;0,00582;null;0,007244444;0,00596;0,00506;0,0068;0,00575;0,006;null;0,005877778;0,00755;0,00494;0,00515;0,00583;0,00565;null;0,005622222;0,00502;0,00533;0,00728;0,00602;0,00537;null;0,006466667;0,00652;0,00623;0,00608;0,00739;0,00698
Запоріжжя;4793510;Фтористий водень;0,000425;0,0003;0,00055;null;0,000566667;0;0,0003;0;0;0;null;0;0;0;0;0;0,000575;null;0;0,00015;0;0;0;0;null;0;0,000425;0,000425;0,0003;0,000425;0,000425
Запоріжжя;4793510;Хлористий водень;0,052825;0,050925;0,0494375;null;0,052233333;0,04725;0,0556625;0,047175;0,0496;0,0500875;null;0,0444;0,051825;0,0427;0,0414;0,0429375;0,047525;null;0,0482;0,0433375;0,0443;0,044725;0,04495;0,04535;null;0,046083333;0,0426375;0,04735;0,0461625;0,042575;0,0663625
Запоріжжя;4793510;Формальдегiд;0,006225;0,003975;0,00395;null;0,0076;0,006925;0,006075;0,00585;0,006025;0,0066;null;0,0071;0,00515;0,006875;0,00705;0,006525;0,008225;null;0,006933333;0,005575;0,006375;0,006075;0,007025;0,006175;null;0,006833333;0,007275;0,006625;0,00695;0,00685;0,006375
Івано-Франківськ;4892470;Завислі речовини;0,15;0,14;0,11;null;0,145;0,11;0,145;0,145;0,135;0,145;null;0,1;0,145;0,11;0,15;0,14;0,14;null;0,11;0,1;0,15;0,14;0,11;0,145;null;0,135;0,105;0,08;0,11;0,14;0,15
Івано-Франківськ;4892470;Дiоксид сiрки;0,003175;0,0039;0,0032;null;0,003125;0,002725;0,005025;0,00345;0,0038;0,004975;null;0,0146;0,00885;0,005075;0,005825;0,00615;0,005125;null;0,0066;0,006675;0,02015;0,006375;0,0055;0,00465;null;0,005525;0,006275;0,0059;0,0055;0,00635;0,0068
Івано-Франківськ;4892470;Оксид вуглецю;1,85;1,65;1,35;null;2;1,3;1,8;1,8;1,7;2;null;1,3;1,8;1,35;2;1,75;1,75;null;1,35;1,55;2;1,8;1,25;1,95;null;1,8;1,5;0,95;1,35;1,65;1,85
Івано-Франківськ;4892470;Дiоксид азоту;0,041875;0,0369;0,057;null;0,051275;0,038875;0,03935;0,0408;0,043125;0,0323;null;0,03895;0,04055;0,0369;0,036825;0,03735;0,0424;null;0,029575;0,033025;0,0317;0,0336;0,03165;0,0326;null;0,037;0,034425;0,040475;0,0338;0,03825;0,053975
Івано-Франківськ;4892470;Оксид азоту;0,02925;0,02695;0,038925;null;0,034225;0,02705;0,02845;0,028175;0,031075;0,022625;null;0,026625;0,027275;0,02625;0,024675;0,0261;0,02995;null;0,02325;0,020475;0,0235;0,023925;0,022325;0,02395;null;0,025925;0,024025;0,0273;0,024775;0,026375;0,029675
Дніпро;4863510;Завислі речовини;0,375;0,4125;0,3;null;0,25;0,2875;0,225;0,275;0,1375;0,1625;null;0,15;0,175;0,1875;0,225;0,2;0,1375;null;0,225;0,2;0,2125;0,25;0,2375;0,3125;null;0,275;0,3375;0,175;0,325;0,35;0,225
Дніпро;4863510;Дiоксид сiрки;0,0135;0,012166667;0,007083333;null;0,009555556;0,006875;0,005833333;0,012541667;0,007625;0,011041667;null;0,006555556;0,008875;0,005666667;0,006375;0,007333333;0,00575;null;0,006333333;0,004458333;0,007625;0,004625;0,007333333;0,005458333;null;0,007111111;0,006291667;0,008416667;0,008166667;0,008375;0,0075
Дніпро;4863510;Оксид вуглецю;2,083333333;1,916666667;1,916666667;null;2,083333333;1,583333333;1,916666667;2,083333333;1,666666667;2,166666667;null;1,833333333;2;1,833333333;1,916666667;1,916666667;1,583333333;null;1,75;2,166666667;2;1,583333333;2;1,75;null;2;1,916666667;2;2,833333333;3,083333333;2,583333333
Дніпро;4863510;Дiоксид азоту;0,067083333;0,055833333;0,055;null;0,070555556;0,063333333;0,069583333;0,05875;0,072083333;0,065;null;0,056111111;0,053333333;0,05125;0,049583333;0,058333333;0,055833333;null;0,068888889;0,0525;0,057916667;0,055833333;0,065416667;0,060416667;null;0,066111111;0,064166667;0,082916667;0,07375;0,0775;0,0675
Дніпро;4863510;Оксид азоту;0,03;0,0225;0,03;null;0,036666667;0,03;0,0325;0,0275;0,04;0,0375;null;0,033333333;0,035;0,03;0,0175;0,025;0,03;null;0,036666667;0,0275;0,0325;0,02;0,0325;0,035;null;0,023333333;0,0325;0,0325;0,0325;0,0175;0,03
Дніпро;4863510;Сiрководень;0,003833333;0,00275;0,001291667;null;0,003111111;0,002208333;0,00075;0,0075;0,00125;0,003291667;null;0,000833333;0,001833333;0,001416667;0,001041667;0,00125;0,000958333;null;0,001;0,001458333;0,00175;0,00075;0,001166667;0,001541667;null;0,002888889;0,00175;0,002666667;0,002041667;0,002083333;0,003458333
Дніпро;4863510;Фенол;0,001666667;0,001333333;0,001583333;null;0,002444444;0,002333333;0,001833333;0,0025;0,001916667;0,001583333;null;0,003333333;0,00225;0,001166667;0,0015;0,00125;0,00225;null;0,001111111;0,001333333;0,0025;0,002;0,002166667;0,001833333;null;0,003555556;0,002333333;0,00175;0,002583333;0,003083333;0,00275
Дніпро;4863510;Амiак;0,03625;0,03375;0,025;null;0,025;0,02625;0,02125;0,0425;0,02375;0,0275;null;0,031666667;0,03;0,025;0,0325;0,03375;0,03875;null;0,035;0,025;0,035;0,0275;0,04;0,0375;null;0,045;0,035;0,0325;0,04875;0,0425;0,04375
Дніпро;4863510;Формальдегiд;0,011416667;0,01125;0,00775;null;0,009777778;0,01025;0,009416667;0,010166667;0,01125;0,010833333;null;0,012;0,011333333;0,00825;0,01;0,00975;0,01125;null;0,010111111;0,008166667;0,008916667;0,009083333;0,01;0,010333333;null;0,014333333;0,01475;0,013083333;0,014;0,018583333;0,017166667
Кривий Ріг;4793340;Завислі речовини;0,3375;0,3875;0,325;null;0,2;0,1625;0,1875;0,1;0,05;0,0875;null;0,0375;0,1125;0,1625;0,3625;0,4375;0,125;null;0,3;0;0,1875;0,3375;0,2875;0,1125;null;0,4125;0,2375;0,05;0,3;0,4125;0,3375
Кривий Ріг;4793340;Дiоксид сiрки;0,0257;0,0227;0,0308;null;0,032125;0,0244;0,0237;0,0189;0,0188;0,0214;null;0,014875;0,0185;0,0275;0,0313;0,0314;0,0219;null;0,026125;0,0235;0,0209;0,026;0,0252;0,0208;null;0,024625;0,0212;0,0199;0,0284;0,0248;0,0219
Кривий Ріг;4793340;Оксид вуглецю;1;1;1,4;null;1;1;1,3;1;1;1;null;1;1;1,2;2,2;1,8;1,7;null;1,1;1;1;1,5;1;1,1;null;1;1,5;1,3;1,7;1,4;1,4
Кривий Ріг;4793340;Дiоксид азоту;0,023;0,017;0,023;null;0,0225;0,026;0,038;0,017;0,018;0,025;null;0,02375;0,039;0,034;0,044;0,061;0,025;null;0,03625;0,032;0,032;0,04;0,03;0,029;null;0,055;0,042;0,044;0,04;0,041;0,03
Кривий Ріг;4793340;Оксид азоту;0,013333333;0,01;0,02;null;0,015;0,013333333;0,02;0,013333333;0,013333333;0,02;null;0,02;0,033333333;0,03;0,016666667;0,036666667;0,023333333;null;0,02;0,016666667;0,02;0,023333333;0,016666667;0,016666667;null;0,035;0,026666667;0,016666667;0,023333333;0,02;0,013333333
Кривий Ріг;4793340;Сiрководень;0,001;0,001;0,001375;null;0,00125;0,001125;0,001125;0,001;0,000875;0,001;null;0,000875;0,001125;0,001125;0,001875;0,001625;0,001375;null;0,001;0,001;0,000875;0,00125;0,001;0,001375;null;0,001125;0,00125;0,000875;0,0015;0,001375;0,00125
Кривий Ріг;4793340;Фенол;0,0015625;0,0015625;0,0025;null;0,002333333;0,001625;0,002;0,001375;0,0013125;0,001625;null;0,000916667;0,0015;0,002;0,004;0,0043125;0,0026875;null;0,00175;0,0020625;0,00125;0,0023125;0,00225;0,001875;null;0,001416667;0,00175;0,0015625;0,00225;0,0023125;0,0025
Кривий Ріг;4793340;Амiак;0,01;0,01;0,01;null;0,01;0,01;0,01125;0,01;0,009375;0,01;null;0,008333333;0,01;0,010625;0,010625;0,01;0,009375;null;0,01;0,01;0,010625;0,01125;0,01125;0,01125;null;0,01;0,011875;0,010625;0,010625;0,010625;0,01
Кривий Ріг;4793340;Формальдегiд;0,0100625;0,0098125;0,0136875;null;0,013083333;0,0119375;0,012625;0,0105625;0,0090625;0,011625;null;0,010083333;0,0111875;0,0131875;0,01325;0,011;0,008375;null;0,014666667;0,0125625;0,011125;0,0135;0,011625;0,0125625;null;0,011583333;0,011875;0,01325;0,0135625;0,015375;0,02
Кам'янське;4853460;Завислі речовини;0,2981875;0,2843;0,3658625;null;0,4624625;0,2557;0,16275;0,17465;0,1006375;0,1711125;null;0,0986375;0,1324125;0,1109375;0,2413375;0,21405;0,12285;null;0,1344;0,107375;0,3236;0,284725;0,327625;0,319225;null;0,386325;0,372825;0,05425;0,218125;0,287375;0,276425
Кам'янське;4853460;Дiоксид сiрки;0,007;0,0069375;0,00665;null;0,0065625;0,0071375;0,0075375;0,0064375;0,0066875;0,0056375;null;0,005425;0,0072125;0,0059;0,0046625;0,00465;0,00555;null;0,00545;0,0057;0,006975;0,006625;0,007525;0,0065;null;0,0072;0,00725;0,00615;0,006375;0,00715;0,00685
Кам'янське;4853460;Оксид вуглецю;3,125;3,25;3,625;null;3,125;3,125;3,5;2,875;3,125;3,25;null;3;3;3,125;3,125;3,5;3;null;3,25;3,25;4,25;3,5;3,5;3,25;null;3,25;3;3,25;3,25;3,5;3,75
Кам'янське;4853460;Дiоксид азоту;0,11781875;0,12115625;0,1251125;null;0,140691667;0,1477625;0,15948125;0,0865125;0,12635;0,11628125;null;0,114058333;0,11023125;0,12886875;0,1171125;0,1438;0,1284;null;0,162533333;0,1324625;0,149875;0,107625;0,1341625;0,1432625;null;0,15045;0,0779375;0,1244875;0,1359375;0,1256625;0,1194
Кам'янське;4853460;Оксид азоту;0,05945;0,040325;0,063425;null;0,065033333;0,0726;0,081825;0,047175;0,0626;0,057525;null;0,061666667;0,063175;0,060925;0,05905;0,069925;0,067525;null;0,0949;0,064675;0,079775;0,05385;0,07395;0,072125;null;0,072466667;0,0406;0,0538;0,0667;0,054975;0,0619
Кам'янське;4853460;Сiрководень;0,00484;0,003946667;0,00438;null;0,003836364;0,003906667;0,00388;0,003453333;0,00336;0,003913333;null;0,004409091;0,005046667;0,004453333;0,0049;0,004975;0,00425;null;0,004566667;0,0039625;0,0055375;0,0032625;0,0029375;0,0043;null;0,0052;0,0050625;0,0049625;0,00485;0,005125;0,00515
Кам'янське;4853460;Фенол;0,0060875;0,00508125;0,00481875;null;0,005233333;0,004325;0,00469375;0,004875;0,00461875;0,00428125;null;0,005708333;0,007825;0,00415625;0,00465625;0,0047875;0,00445;null;0,004933333;0,0038625;0,00485;0,0050125;0,0065875;0,005875;null;0,004666667;0,0064625;0,0049125;0,006025;0,005575;0,0053375
Кам'янське;4853460;Амiак;0,0454;0,0409875;0,04255;null;0,0428625;0,0469;0,0438;0,0454125;0,047325;0,0428875;null;0,0436125;0,0499;0,0433625;0,0451;0,0414;0,03975;null;0,04255;0,03925;0,0467;0,0476;0,04835;0,04475;null;0,046175;0,044725;0,043375;0,044425;0,045525;0,0458
Кам'янське;4853460;Формальдегiд;0,01035;0,0066875;0,0069;null;0,0154375;0,0135875;0,00925;0,0077875;0,0080125;0,0089375;null;0,0104125;0,0114875;0,0086375;0,0080375;0,00885;0,010875;null;0,00985;0,007575;0,011125;0,008275;0,012925;0,007575;null;0,00955;0,01015;0,009575;0,010025;0,010125;0,01005
Кропивницький;4853220;Завислі речовини;0,233333333;0,2;0,3;null;0,283333333;0,166666667;0,166666667;0,183333333;0,15;0,183333333;null;0,183333333;0,216666667;0,2;0,266666667;0,266666667;0,233333333;null;0,25;0,233333333;0,233333333;0,266666667;0,266666667;0,2;null;0,166666667;0,2;0,2;0,25;0,266666667;0,233333333
Кропивницький;4853220;Дiоксид сiрки;0,017925;0,024775;0,019275;null;0,020177778;0,0176;0,016566667;0,015125;0,018841667;0,020858333;null;0,0191;0,018491667;0,020908333;0,017141667;0,020966667;0,0159;null;0,018222222;0,017875;0,020833333;0,021508333;0,018141667;0,017816667;null;0,014033333;0,01955;0,016983333;0,017883333;0,018783333;0,020525
Кропивницький;4853220;Сульфати;0,005;0,005;0,01;null;0,005;0,01;0,01;0,005;0,01;0,005;null;0,005;0,005;0,01;0,005;0,005;0,01;null;0,005;0,005;0,005;0,01;0,015;0;null;0;0,005;0,01;0,015;0,01;0,005
Кропивницький;4853220;Оксид вуглецю;1,833333333;1,666666667;1,833333333;null;1,5;2;2,333333333;2;2,166666667;2,5;null;2,5;2,166666667;3,5;3,333333333;3,833333333;2,833333333;null;3;2,333333333;3;3,333333333;2,666666667;3,833333333;null;2;1,833333333;3,333333333;4,333333333;4,833333333;5,166666667
Кропивницький;4853220;Дiоксид азоту;0,021866667;0,026766667;0,029125;null;0,027555556;0,030708333;0,02525;0,025933333;0,03355;0,027408333;null;0,034388889;0,034591667;0,0283;0,028091667;0,029341667;0,031058333;null;0,035277778;0,03465;0,029908333;0,0323;0,024166667;0,029416667;null;0,038444444;0,023841667;0,028683333;0,027008333;0,040175;0,03865
Кропивницький;4853220;Оксид азоту;0,01135;0,01075;0,017225;null;0,011666667;0,014125;0,01525;0,01015;0,0257;0,014625;null;0,018533333;0,01545;0,0125;0,020025;0,019575;0,020325;null;0,010433333;0,0224;0,023475;0,014175;0,01465;0,0176;null;0,016166667;0,014725;0,013125;0,01595;0,0156;0,030625
Кропивницький;4853220;Сажа;0,016666667;0,016666667;0,016666667;null;0,013333333;0,018333333;0,016666667;0,013333333;0,013333333;0,021666667;null;0,013333333;0,016666667;0,01;0,023333333;0,016666667;0,013333333;null;0,013333333;0,013333333;0,013333333;0,016666667;0,013333333;0,013333333;null;0,01;0,013333333;0,013333333;0,01;0,01;0,013333333
Кропивницький;4853220;Формальдегiд;0,003466667;0,001333333;0,0016;null;0,004333333;0,002933333;0,004533333;0,004266667;0,004466667;0,0034;null;0,003433333;0,002666667;0,0029;0,001333333;0,0035;0,002666667;null;0,002666667;0,0016;0,0032;0,002433333;0,0038;0,001666667;null;0,0047;0,001933333;0,004066667;0,003;0,004033333;0,001933333
Світловодськ;4903340;Завислі речовини;0,1;0,1;0,1;null;null;0,05;0;0;0;0;null;0,05;0;0,05;0,1;0,1;0,05;null;0,1;0;0;0,1;0,1;0,1;null;null;0;0,05;0,05;0,05;null
Світловодськ;4903340;Дiоксид сiрки;0,019233333;0,0084;0,012966667;null;null;0,023666667;0,012933333;0,006466667;0,010633333;0,008533333;null;0,004233333;0,0513;0,0086;0,036666667;0,026166667;0,015166667;null;0,0066;0,030066667;0,021766667;0,0241;0,024166667;0,0135;null;null;0,0044;0,0393;0,037066667;0,011;null
Світловодськ;4903340;Сульфати;0,01;0,01;0,005;null;null;0,01;0,01;0,005;0,015;0,01;null;0;0,005;0,005;0,01;0,015;0;null;0;0,005;0;0,005;0;0;null;null;0,01;0,01;0,01;0,01;null
Світловодськ;4903340;Оксид вуглецю;1;1;1;null;null;0,5;0,5;1;1;1;null;1;1;1;1;1;1;null;1;1;1;1;1;1;null;null;1;1;0,5;0,5;null
Світловодськ;4903340;Дiоксид азоту;0,014133333;0,041433333;0,035466667;null;null;0,021033333;0,0491;0,0245;0,006933333;0,007;null;0,013866667;0,017433333;0,013966667;0,031833333;0,024766667;0,021266667;null;0,017633333;0,031466667;0,042633333;0,032566667;0,025233333;0,028766667;null;null;0,036066667;0,0285;0,035833333;0,0109;null
Світловодськ;4903340;Оксид азоту;0,0143;0,020733333;0,035733333;null;null;0,016466667;0,025933333;0,023466667;0,009333333;0,004633333;null;0,006966667;0,028166667;0,016466667;0,023866667;0,0262;0,0214;null;0,014166667;0,0282;0,021533333;0,0386;0,0437;0,041266667;null;null;0,033966667;0,033466667;0,0313;0,0097;null
Світловодськ;4903340;Формальдегiд;0,006766667;0,0033;0,0057;null;null;0,0056;0;0,002233333;0,0011;0,003333333;null;0;0,0011;0,002266667;0,001133333;0,005633333;0,002233333;null;0,004466667;0,0011;0,005666667;0,005766667;0,0034;0,002333333;null;null;0,003433333;0,001133333;0,002266667;0,003466667;null
Львів;4982410;Завислі речовини;0,155;0,16375;0,14;null;0,15875;0,12375;0,15125;0,15875;0,15875;0,14125;null;0,15875;0,13875;0,12;0,10875;0,13375;0,145;null;0,13;0,13875;0,16375;0,16875;0,12625;0,13;null;0,1525;0,17375;0,11;0,13;0,16625;0,16625
Львів;4982410;Дiоксид сiрки;0,00531875;0,0044625;0,0058;null;0,0060375;0,00525625;0,0047;0,00523125;0,00434375;0,00441875;null;0,0085;0,006425;0,007175;0,0069125;0,00506875;0,00510625;null;0,00546875;0,006025;0,00801875;0,00561875;0,0046125;0,0056375;null;0,00305625;0,003075;0,00343125;0,003;0,00375625;0,0041625
Львів;4982410;Оксид вуглецю;2,1625;2,25;1,5375;null;1,7625;1,375;1,725;1,8;1,8625;1,4625;null;2,025;1,9375;1,3875;1,3;1,6;1,7875;null;1,5375;1,7;2,3875;2,4375;1,5;1,825;null;2,3875;2,65;1,45;1,6625;2,45;2,5375
Львів;4982410;Дiоксид азоту;0,0466875;0,05188125;0,0492625;null;0,0432375;0,04059375;0,0490375;0,05033125;0,04239375;0,036875;null;0,0387875;0,03756875;0,04455625;0,04034375;0,04829375;0,04534375;null;0,041775;0,0472375;0,04811875;0,05574375;0,05379375;0,0492375;null;0,05245;0,04773125;0,04914375;0,04825;0,05536875;0,05576875
Львів;4982410;Оксид азоту;0,0284875;0,0344125;0,0325;null;0,0291;0,027625;0,0331375;0,0304125;0,029575;0,0265125;null;0,0270625;0,026875;0,024875;0,0248625;0,026625;0,025125;null;0,0258625;0,028375;0,0276875;0,034775;0,029;0,0309125;null;0,0380875;0,0323;0,0315625;0,032925;0,03815;0,038125
Львів;4982410;Фтористий водень;0,00206875;0,0024875;0,0017625;null;0,00221875;0,00185;0,002875;0,00324375;0,0024375;0,0026;null;0,00270625;0,00209375;0,00328125;0,00318125;0,00223125;0,002325;null;0,002675;0,00283125;0,00263125;0,0026875;0,00285625;0,00224375;null;0,00345;0,00416875;0,003775;0,00308125;0,00429375;0,003625
Львів;4982410;Формальдегiд;0,00360625;0,00360625;0,004725;null;0,0038;0,00336875;0,00378125;0,0044;0,0034375;0,003275;null;0,0031375;0,00319375;0,00328125;0,00314375;0,0029625;0,00455625;null;0,00428125;0,0054375;0,00540625;0,00415625;0,0045375;0,00394375;null;0,00385;0,0038625;0,00428125;0,00391875;0,00485;0,004225
Миколаїв;4703200;Завислі речовини;0,1125;0,0875;0,1;null;0,0875;0,075;0,1;0,0875;0,0875;0,1;null;0,1;0,075;0,0625;0,1;0,0875;0,0625;null;0,075;0,0375;0,0875;0,0875;0,1125;0,0625;null;0,1125;0,0875;0,1125;0,1;0,0875;0,0875
Миколаїв;4703200;Дiоксид сiрки;0,0051875;0,0060625;0,0060125;null;0,0035125;0,0063375;0,0071125;0,0065625;0,0059125;0,00445;null;0,0042125;0,002625;0,002775;0,004825;0,0055625;0,004725;null;0,0069875;0,007275;0,0049375;0,005825;0,006075;0,0051875;null;0,0055125;0,003725;0,0051;0,00515;0,0060875;0,006475
Миколаїв;4703200;Оксид вуглецю;0,5;0,625;0,375;null;0,625;0,625;0,75;0,75;1,125;0,75;null;0,5;0,375;0,625;0,625;0,5;0,5;null;0,75;0,875;0,5;0,625;0,625;0,125;null;0,875;0,625;0,75;0,75;0,625;0,5
Миколаїв;4703200;Дiоксид азоту;0,02351875;0,031375;0,0255875;null;0,02788125;0,02669375;0,0271625;0,02486875;0,022225;0,02461875;null;0,0377625;0,0461625;0,0327125;0,037125;0,04089375;0,03346875;null;0,0425125;0,0430875;0,0293375;0,028525;0,02998125;0,02964375;null;0,0240875;0,024775;0,03724375;0,04219375;0,0425875;0,03139375
Миколаїв;4703200;Оксид азоту;0,02605;0,043875;0,016225;null;0,025975;0,022825;0,014325;0,01525;0,0184;0,017875;null;0,0258;0,0272;0,02935;0,02155;0,018775;0,0225;null;0,019975;0,026525;0,01845;0,02545;0,019475;0,02255;null;0,021825;0,02175;0,028575;0,022675;0,0298;0,01605
Миколаїв;4703200;Фтористий водень;0,0012875;0,001525;0,0012875;null;0,0018375;0,0010875;0,0011875;0,0020875;0,0019375;0,0013;null;0,0021125;0,002375;0,0010875;0,0007125;0,00155;0,000975;null;0,002875;0,00135;0,0008375;0,0004625;0,000625;0,0017;null;0,0014875;0,0011;0,0019375;0,0021625;0,0029625;0,0018
Миколаїв;4703200;Формальдегiд;0,00620625;0,00625;0,00721875;null;0,00793125;0,0083625;0,00835625;0,01035;0,00855;0,00776875;null;0,01113125;0,015625;0,01195;0,00903125;0,0106875;0,0100125;null;0,0126125;0,01004375;0,01031875;0,01065;0,01163125;0,00811875;null;0,0122;0,010875;0,0093;0,0111125;0,01031875;0,00770625
Одеса;4643080;Завислі речовини;0,1935;0,217083333;0,292166667;null;0,276083333;0,229;0,172333333;0,184416667;0,130083333;0,174666667;null;0,191583333;0,206333333;0,234833333;0,2225;0,251583333;0,131083333;null;0,2275;0,255333333;0,210333333;0,21525;0,166166667;0,217666667;null;0,162083333;0,106416667;0,157916667;0,166;0,169083333;0,176416667
Одеса;4643080;Дiоксид сiрки;0,034311111;0,029844444;0,025394444;null;0,015561111;0,023988889;0,031572222;0,037083333;0,034188889;0,030066667;null;0,033016667;0,030594444;0,032927778;0,037633333;0,047344444;0,024322222;null;0,035333333;0,046055556;0,038311111;0,037027778;0,037111111;0,045405556;null;0,045288889;0,024294444;0,032183333;0,0442;0,039533333;0,032866667
Одеса;4643080;Сульфати;0,0175;0,0175;0,019;null;0,0195;0,0175;0,0105;0,013;0,018;0,018;null;0,0175;0,016;0,013;0,015;0,0125;0,002;null;0,0115;0,016;0,0185;0,0185;0,0105;0,014;null;0,0165;0,0105;0,0125;0,0145;0,0125;0,0145
Одеса;4643080;Оксид вуглецю;1,266666667;1,283333333;1,25;null;1,233333333;1,291666667;1,316666667;1,3;1,216666667;1,258333333;null;1,275;1,266666667;1,275;1,241666667;1,2;1,216666667;null;1,266666667;1,216666667;1,233333333;1,166666667;1,166666667;1,225;null;1,275;1,366666667;1,225;1,2;1,233333333;1,158333333
Одеса;4643080;Дiоксид азоту;0,072761111;0,056655556;0,077227778;null;0,052872222;0,048638889;0,0595;0,055088889;0,051816667;0,048522222;null;0,052605556;0,040827778;0,050088889;0,050883333;0,039911111;0,036622222;null;0,039483333;0,054055556;0,041183333;0,02675;0,034494444;0,040716667;null;0,0435;0,029222222;0,047155556;0,065788889;0,061188889;0,044972222
Одеса;4643080;Оксид азоту;0,02495;0,032425;0,063325;null;0,03415;0,01405;0,0227;0,032975;0,02995;0,036075;null;0,02705;0,02135;0,026975;0,034475;0,0307;0,01935;null;0,025275;0,0446;0,032275;0,025175;0,023925;0,02955;null;0,0316;0,014975;0,03105;0,03375;0,0336;0,02035
Одеса;4643080;Сiрководень;0,0016625;0,001625;0,0013625;null;0,001325;0,0012125;0,0013375;0,0010125;0,0009625;0,0007;null;0,0009625;0,0009125;0,001175;0,0015375;0,0011375;0,0010625;null;0,0012875;0,00145;0,0012625;0,00145;0,001325;0,0014375;null;0,001275;0,0009875;0,00135;0,0015125;0,0015125;0,0015375
Одеса;4643080;Фенол;0,003980952;0,004171429;0,003538095;null;0,004242857;0,002680952;0,002604762;0,003038095;0,003061905;0,002909524;null;0,003014286;0,003247619;0,003433333;0,003309524;0,003319048;0,003152381;null;0,003157143;0,003066667;0,00317619;0,003366667;0,003119048;0,003404762;null;0,003190476;0,00342381;0,003528571;0,003557143;0,003295238;0,003338095
Одеса;4643080;Сажа;0,0525;0,065;0,05375;null;0,05375;0,04375;0,0425;0,04875;0,02375;0,03375;null;0,03625;0,04375;0,04625;0,0475;0,05;0,0325;null;0,04125;0,0625;0,04625;0,0375;0,04625;0,05;null;0,035;0,025;0,02625;0,035;0,04375;0,04125
Одеса;4643080;Фтористий водень;0,0047;0,0046125;0,00315;null;0,005875;0,0063375;0,005825;0,00335;0,00455;0,0051375;null;0,00675;0,00545;0,0028125;0,0037875;0,0043875;0,0042375;null;0,006225;0,0067;0,0057125;0,0038375;0,0062;0,005375;null;0,005575;0,0057125;0,0034125;0,007325;0,00415;0,0037375
Одеса;4643080;Формальдегiд;0,007761538;0,008015385;0,007707692;null;0,007823077;0,008523077;0,008269231;0,008923077;0,008853846;0,006230769;null;0,007538462;0,006669231;0,007261538;0,007792308;0,007715385;0,007561538;null;0,009584615;0,008415385;0,009007692;0,007753846;0,007307692;0,007707692;null;0,009084615;0,007215385;0,0086;0,008038462;0,0083;0,006230769
Полтава;4963460;Завислі речовини;0,1625;0,2375;0,2375;null;0,15;0,05;0,2;0,225;0,125;0,1625;null;0,05;0,0875;0,1125;0,1375;0,15;0,15;null;0,1;0,025;0,125;0,1875;0,1625;0,1875;null;0,2;0,4375;0,125;0,0875;0,2375;0,2125
Полтава;4963460;Дiоксид сiрки;0,00225;0,00175;0,00175;null;0,001;0,001;0,001;0,0015;0,00125;0,00225;null;0;0,00125;0,001;0,00125;0,00075;0,00075;null;0,001333333;0,001;0,0005;0,00075;0,00075;0,001;null;0,003;0,0025;0,001;0,00125;0,001;0,00125
Полтава;4963460;Сульфати;0;0;0;null;0;0;0;0,005;0,005;0,005;null;0;0,005;0,005;0,005;0,005;0;null;0;0;0;0;0;0;null;0;0;0;0;0;0
Полтава;4963460;Оксид вуглецю;1,666666667;1,444444444;3;null;1,111111111;0,555555556;1,444444444;1,333333333;1,555555556;1,125;null;0,888888889;1,777777778;1,222222222;1,888888889;2;1,875;null;1,111111111;0,222222222;1,777777778;2,111111111;2,666666667;1,75;null;1,444444444;1,111111111;1,333333333;0,333333333;3,777777778;2,75
Полтава;4963460;Дiоксид азоту;0,036875;0,031875;0,036875;null;0,04;0,024375;0,0275;0,025625;0,024375;0,02375;null;0,0125;0,020625;0,024375;0,02375;0,02875;0,0175;null;0,029166667;0,023125;0,025625;0,025625;0,031875;0,035;null;0,049166667;0,039375;0,015625;0,0275;0,035;0,03125
Полтава;4963460;Оксид азоту;0,025;0,015;0,015;null;0,02;0,015;0,0125;0,01;0,0125;0,0125;null;0,013333333;0,0125;0,01;0,0175;0,0125;0,01;null;0,026666667;0,0175;0,0175;0,02;0,02;0,025;null;0,03;0,025;0,01;0,0125;0,02;0,02
Полтава;4963460;Фтористий водень;0,002125;0,001375;0,00075;null;0,002666667;0,001125;0,001375;0,001125;0,00075;0,001375;null;0,0005;0,001375;0,001125;0,002375;0,0015;0,00075;null;0,0015;0,001125;0,001;0,001375;0,001375;0,0025;null;0,002666667;0,002125;0,00075;0,001375;0,001125;0,001375
Полтава;4963460;Хлористий водень;0,015;0,025;0,01;null;0,02;0,01;0,015;0,01;0,005;0,015;null;0,006666667;0,01;0,005;0,02;0,01;0,01;null;0,02;0,01;0,005;0,015;0,01;0,015;null;0,04;0,02;0,005;0,015;0,01;0,01
Полтава;4963460;Амiак;0,0125;0,01;0,0075;null;0,013333333;0,0075;0,005;0,0075;0,01;0,005;null;0,003333333;0,0075;0,005;0,005;0,0075;0,005;null;0,006666667;0,0025;0,0025;0,0075;0,005;0,01;null;0,023333333;0,0175;0,0075;0,0075;0,01;0,0075
Полтава;4963460;Формальдегiд;0,00775;0,005666667;0,005;null;0,004;0,0015;0,00225;0,003416667;0,0015;0,003583333;null;0,002;0,0015;0,00225;0,005833333;0,003;0,0015;null;0,005777778;0,00225;0,00225;0,00225;0,003;0,004333333;null;0,012222222;0,004416667;0,0015;0,002916667;0,002916667;0,00225
Кременчук;4813330;Завислі речовини;0,115;0,07875;0,13375;null;0,1275;0,12375;0,1175;0,1475;0,11;0,08;null;0,11125;0,12125;0,15;0,12375;0,11;0,1025;null;0,095;0,123333333;0,071666667;0,101666667;0,101666667;0,101666667;null;0,15;0,096666667;0,106666667;0,111666667;0,088333333;0,098333333
Кременчук;4813330;Дiоксид сiрки;0,00735625;0,006975;0,0079875;null;0,0073375;0,00761875;0,0069125;0,0056375;0,0095875;0,011125;null;0,010725;0,00976875;0,00883125;0,0089125;0,0054375;0,00503125;null;0,004275;0,007633333;0,005225;0,00795;0,00775;0,0081;null;0,00665;0,007866667;0,007408333;0,005966667;0,007466667;0,009408333
Кременчук;4813330;Сульфати;0,005;0;0,01;null;0;0,01;0,01;0,01;0,005;0,005;null;0,01;0;0,015;0,005;0,01;0,005;null;0,01;0,01;0;0,01;0;0,01;null;0,015;0,005;0,005;0,015;0,005;0,01
Кременчук;4813330;Оксид вуглецю;0,6375;0,775;1,35;null;0,6875;0,575;0,775;0,975;0,5875;0,625;null;0,3875;0,525;0,3875;0,375;0,4625;0,725;null;0,7;0,65;0,416666667;0,6;0,85;1,266666667;null;0,9;0,983333333;0,8;0,583333333;0,55;1,15
Кременчук;4813330;Дiоксид азоту;0,03623125;0,02746875;0,0328625;null;0,03145625;0,03461875;0,03225;0,02285625;0,03989375;0,044975;null;0,0418125;0,0393625;0,03594375;0,03738125;0,02216875;0,02209375;null;0,019225;0,034541667;0,024775;0,034366667;0,032691667;0,039758333;null;0,023941667;0,024641667;0,023791667;0,0223;0,026133333;0,038108333
Кременчук;4813330;Оксид азоту;0,028075;0,01695;0,027575;null;0,033525;0,021575;0,0222;0,011375;0,036125;0,03265;null;0,036875;0,028975;0,02605;0,04355;0,022825;0,006375;null;0,0166;0,02985;0,025575;0,030925;0,03095;0,0338;null;0,01435;0,01635;0,018025;0,02215;0,0262;0,0338
Кременчук;4813330;Фенол;0,001425;0,000483333;0,002541667;null;0,000983333;0,002458333;0,001016667;0,000491667;0,000316667;0;null;0,000308333;0,000416667;0,000575;0,000108333;0,000408333;0,000125;null;0,001025;0,0004125;0,0004625;0,0001;0,0001125;0,000925;null;0,00035;0,0003;0,0004625;0,0011875;0,0003875;0,0003125
Кременчук;4813330;Сажа;0,0053;0,003975;0,002675;null;0,004025;0,00265;0,00265;0,00395;0,0026;0,005225;null;0,006525;0,003925;0,00525;0,003975;0,005325;0,006625;null;0,0053;0,00795;0,0107;0,00535;0,0027;0,0081;null;0,00815;0;0,00535;0,00265;0,0081;0,0081
Кременчук;4813330;Амiак;0,0049;0,00645;0,006425;null;0,0046;0,004525;0,004925;0,006575;0,0082;0,005675;null;0,00725;0,0065;0,0035;0,00865;0,00705;0,002875;null;0,00445;0,00605;0,009925;0,00855;0,00825;0,005925;null;0,00595;0,00785;0,00845;0,00555;0,0071;0,006975
Кременчук;4813330;Формальдегiд;0,00664;0,00583;0,0061;null;0,00604;0,00697;0,0079;0,00911;0,0075;0,00694;null;0,00776;0,00675;0,00562;0,00402;0,00535;0,00426;null;0,0039875;0,0054875;0,007025;0,00765;0,0073625;0,00575;null;0,008475;0,008675;0,0085375;0,0092;0,008675;0,006975
Рівне;5062620;Завислі речовини;0,1194;0,06376;0,13725;null;0,08628;0,144875;0,1335;0,04234;0,07346;0,156566667;null;0,09596;0,1964;0,11724;0,19338;0,11666;0,15982;null;0,13315;0,0529;0,11025;0,1395;0;0;null;0,0179;0;0,05405;0;0;0,0531
Рівне;5062620;Дiоксид сiрки;0,000833333;0;0;null;0;0;0,00085;0,001558333;0;0,001391667;null;0,001366667;0;0,000258333;0;0,001425;0,002216667;null;0,000875;0;0;0,0004125;0;0,0010625;null;0,00155;0;0,002;0,00125;0,0017375;0
Рівне;5062620;Оксид вуглецю;0,906666667;1,101666667;1,046666667;null;0,915;0,895;0,9;0,886666667;0,968333333;0,976666667;null;0,901666667;0,941666667;0,923333333;0,956666667;0,986666667;0,985;null;1,0125;1,0175;1,0775;1,035;1,0575;0,9975;null;0,9575;0,9175;0,985;0,985;1,1325;1,165
Рівне;5062620;Дiоксид азоту;0,014516667;0,036658333;0,029508333;null;0,022641667;0,0133;0,02055;0,018508333;0,018683333;0,021591667;null;0,017283333;0,014991667;0,021908333;0,013525;0,02185;0,015108333;null;0,033525;0,0239125;0,0319875;0,0467;0,0337375;0,01695;null;0,0179375;0,0154375;0,0141875;0,0133375;0,0141125;0,024975
Рівне;5062620;Оксид азоту;0,0148;0,03133;0,02309;null;0,0295;0,0184;0,01865;0,01756;0,01391;0,02022;null;0,010288889;0,01366;0,02176;0,01941;0,02531;0,0276;null;0,023242857;0,016975;0,02535;0,0340375;0,0283875;0,0120375;null;0,011414286;0,018;0,0167875;0,00905;0,004975;0,01595
Рівне;5062620;Сiрководень;0,001325;0,000325;0,0005625;null;0,001871429;0,000775;0,0004125;0,0011875;0,000425;0,0006;null;0,000942857;0,003525;0,0022;0,0012;0,000825;0;null;0;0,000475;0,0008625;0;0,0013;0;null;0;0;0,00105;0,0013625;0,0014375;0,004225
Рівне;5062620;Фенол;0,00059;0,00075;0;null;0;0;0,00031;0,00187;0,00044;0,00206;null;0,00179;0,00077;0;0,00092;0,00071;0,00028;null;0,000775;0;0,0007625;0,00035;0,0015875;0,001325;null;0,0014875;0,0019;0,0021;0,000875;0,0024625;0,0040125
Рівне;5062620;Фтористий водень;0,00375;0,002225;0,005725;null;0,006042857;0,0074;0,0069375;0,007425;0,00635;0,0076625;null;0,007671429;0,0044875;0,0015875;0,0017;0,001125;0,00025;null;0;0,000466667;0,001316667;0,000766667;0,0005;0,000516667;null;0,00168;0,000583333;0,003816667;0,004333333;0,007316667;0,006683333
Рівне;5062620;Хлористий водень;0,0803875;0,013475;0,0171625;null;0,0824625;0,0411125;0,1038375;0,0944;0,0851;0,0664625;null;0,085625;0,05885;0,009075;0,0217625;0,0392625;0,040025;null;0,077566667;0,0352;0,102466667;0,0763;0;0,088716667;null;0,079966667;0,05805;0,112133333;0,069816667;0,056416667;0,120333333
Рівне;5062620;Амiак;0;0;0;null;0;0;0;0;0;0;null;0;0;0;0;0;0;null;0;0;0,002825;0;0;0;null;0,002475;0;0;0;0;0
Рівне;5062620;Формальдегiд;0,0055375;0,007975;0;null;0,003557143;0,004825;0,0060625;0,0034875;0,003325;0,0073;null;0,005085714;0,003125;0,0020375;0,0045375;0,0033875;0;null;0,00414;0,004066667;0,003716667;0,00815;0,004883333;0,0032;null;0,00432;0,006316667;0,00245;0,001433333;0,003816667;0,006016667
Суми;5093480;Завислі речовини;0,35;0,366666667;0,366666667;null;0,333333333;0,3;0,283333333;0,35;0,316666667;0,25;null;0,316666667;0,3;0,216666667;0,3;0,35;0,283333333;null;0,333333333;0,3;0,333333333;0,383333333;0,3;0,333333333;null;0,383333333;0,316666667;0,316666667;0,3;0,333333333;0,35
Суми;5093480;Дiоксид сiрки;0,058666667;0,06;0,067166667;null;0,072;0,063666667;0,066083333;0,063;0,061583333;0,064;null;0,058888889;0,058;0,060333333;0,05675;0,05975;0,063166667;null;0,067444444;0,066333333;0,063916667;0,055416667;0,067333333;0,073833333;null;0,079333333;0,085083333;0,083083333;0,074;0,084666667;0,082083333
Суми;5093480;Сульфати;0,005;0,015;0,025;null;0,025;0,02;0,015;0,02;0,02;0,02;null;0,02;0,015;0,03;0,02;0,01;0,015;null;0,02;0,015;0,015;0,01;0,02;0,02;null;0,03;0,02;0,025;0,02;0,025;0,015
Суми;5093480;Оксид вуглецю;1,333333333;1,333333333;1,833333333;null;1,666666667;1,333333333;1,5;1,333333333;1,5;1,5;null;2;1,5;1,666666667;2,166666667;2;1,666666667;null;1,666666667;1;null;null;null;null;null;null;null;null;null;null;null
Суми;5093480;Дiоксид азоту;0,106666667;0,095833333;0,085833333;null;0,115555556;0,1;0,108333333;0,104166667;0,096666667;0,1025;null;0,097777778;0,080833333;0,08;0,098333333;0,068333333;0,093333333;null;0,097777778;0,104166667;0,096666667;0,108333333;0,098333333;0,105833333;null;0,12;0,106666667;0,0725;0,098333333;0,1275;0,106666667
Суми;5093480;Оксид азоту;0,0475;0,0425;0,03;null;0,056666667;0,0525;0,0575;0,0475;0,0425;0,045;null;0,036666667;0,0325;0,035;0,0325;0,03;0,045;null;0,033333333;0,035;0,045;0,06;0,0525;0,045;null;0,066666667;0,0525;0,0275;0,05;0,075;0,0675
Суми;5093480;Амiак;0,0125;0,01375;0,02;null;0,011666667;0,01375;0,01375;0,01;0,01375;0,01375;null;0,013333333;0,015;0,01625;0,01625;0,01625;0,015;null;0,02;0,015;0,01375;0,01625;0,015;0,01375;null;0,013333333;0,0175;0,0125;0,0125;0,015;0,015
Суми;5093480;Формальдегiд;0,005;0,006;0,004;null;0,005333333;0,005;0,004;0,005;0,00625;0,003;null;0,005333333;0,003;0,004;0,00425;0,005;0,004;null;0,008;0,004;0,005;0,004;0,005;0,004;null;0,002666667;0,008;0,004;0,00625;0,00525;0,005
Тернопіль;4932530;Завислі речовини;0,09;0,12;0,12;null;0,02;0,02;0,035;0,055;0,0625;0,015;null;0,055;0,02;0,04;0;0,03;0,0625;null;0;0,055;0,09;0,1;0,1075;0,09;null;0,0825;0,02;0;0;0,085;null
Тернопіль;4932530;Дiоксид сiрки;0,00365;0,0052125;0,004825;null;0,001575;0,0020125;0,0033375;0,0031;0,00265;0,00085;null;0,001975;0,0017875;0,00225;0;0,0033375;0,00315;null;0,00045;0,0018;0,003425;0,0038875;0,0038875;0,002025;null;0,00315;0,0009;0,00045;0,0009;0,0036375;null
Тернопіль;4932530;Оксид вуглецю;2,975;2,875;2,8;null;3,125;3,25;3,35;3,325;3,15;2,725;null;3,425;3,2;3,375;3,25;2,975;3,225;null;3,525;4;4,225;4,15;4,025;4,45;null;3,975;3,35;2,5;2,775;3,05;null
Тернопіль;4932530;Дiоксид азоту;0,042675;0,0452375;0,0507;null;0,040925;0,036;0,0389625;0,0402375;0,040175;0,0367375;null;0,0401375;0,040575;0,0481875;0,041075;0,0366875;0,042825;null;0,0366;0,037625;0,044175;0,0491;0,0526625;0,0490375;null;0,05305;0,0387125;0,038375;0,03895;0,04465;null
Тернопіль;4932530;Оксид азоту;0,023925;0,02465;0,0281;null;0,022275;0,01915;0,020625;0,0224;0,021425;0,02085;null;0,02235;0,0221;0,027025;0,021925;0,020075;0,0231;null;0,019125;0,0197;0,023925;0,027075;0,0291;0,0269;null;0,029725;0,020425;0,0204;0,020525;0,02445;null
Тернопіль;4932530;Формальдегiд;0,0026875;0,0027875;0,00305;null;0,000875;0,0007125;0,0014625;0,0021125;0,001675;0,0007125;null;0,0010375;0,0008375;0,0017;0,0001125;0,00155;0,0018;null;0,0002;0,001175;0,0020375;0,002525;0,0022875;0,0011875;null;0,0021125;0,00045;0,000225;0,00045;0,0022875;null
Харків;4993630;Завислі речовини;0,06572;0,0784;0,0688;null;0,0512;0,0388;0,018;0,0404;0,0256;0,0468;null;0,054;0,056;0,0564;0,0724;0,0624;0,0308;null;0,0312;0,0532;0,0536;0,068;0,076;0,0672;null;0,0776;0,0652;0,072;0,0588;0,0648;0,0596
Харків;4993630;Дiоксид сiрки;0,01343;0,01198;0,014656667;null;0,014433333;0,013456667;0,01329;0,016003333;0,013843333;0,0136;null;0,01245;0,014126667;0,014873333;0,01333;0,013146667;0,015343333;null;0,011603333;0,01294;0,015073333;0,013653333;0,015463333;0,01514;null;0,012276667;0,011996667;0,01265;0,011663333;0,012663333;0,01184
Харків;4993630;Сульфати;0;0,005;0;null;0;0;0,005;0,005;0;0;null;0;0;0,005;0;0;0;null;0;0;0;0;0,005;0;null;0;0;0;0,005;0;0
Харків;4993630;Оксид вуглецю;1,11;1,085;1,085;null;1,01;0,935;0,98;0,97;0,95;0,985;null;1,02;0,995;0,97;0,955;1,12;1,025;null;1,115;1,045;1,08;1,15;1,025;0,95;null;1,015;0,96;1,08;0,99;1,045;0,985
Харків;4993630;Дiоксид азоту;0,029442857;0,024362857;0,033268571;null;0,03184;0,030265714;0,028374286;0,032082857;0,027674286;0,025708571;null;0,030633333;0,026337143;0,030842857;0,029994286;0,033742857;0,030931429;null;0,02863;0,032322857;0,032014286;0,030871429;0,028605714;0,03062;null;0,02685;0,030677143;0,03216;0,025931429;0,024094286;0,027145714
Харків;4993630;Оксид азоту;0,0179;0,0178;0,018125;null;0,023566667;0,0173;0,023375;0,015475;0,020375;0,014975;null;0,0202;0,021575;0,021525;0,021425;0,013225;0,02055;null;0,022066667;0,0261;0,023075;0,027;0,031225;0,022575;null;0,015533333;0,017375;0,0227;0,011625;0,013775;0,0202
Харків;4993630;Сiрководень;0,0002;0,00055;0,000475;null;0,0008;0,000575;0,001075;0,00065;0,000575;0,000775;null;0,000833333;0,00095;0,0009;0,000725;0,0011;0,00085;null;0,0011;0,0006;0,0008;0,00065;0,000975;0,00085;null;0,000833333;0,00065;0,00065;0,0008;0,00035;0,000875
Харків;4993630;Фенол;0,001766667;0,001716667;0,001875;null;0,001633333;0,001575;0,001983333;0,001675;0,001608333;0,001358333;null;0,0017;0,001333333;0,001775;0,001658333;0,001675;0,001633333;null;0,001422222;0,0017;0,001441667;0,0016;0,001833333;0,001425;null;0,001211111;0,001458333;0,001708333;0,001716667;0,0019;0,001433333
Харків;4993630;Сажа;0,02;0,01;0,01;null;0;0,01;0;0,02;0,01;0,01;null;0;0;0,01;0,02;0,01;0;null;0,01;0,02;0;0,02;0,01;0,01;null;0,02;0;0,01;0,02;0;0
Харків;4993630;Амiак;0,001775;0,0052375;0,0049625;null;0,0006;0,002675;0,00265;0,0044375;0,002625;0,003925;null;0,001166667;0,0048375;0,0061375;0,0053625;0,001775;0,00225;null;0,001766667;0,0017875;0,0049;0,0054375;0,0041125;0,0027625;null;0,00185;0,0036875;0,006875;0,0040625;0,006825;0,00315
Харків;4993630;Формальдегiд;0,001967857;0,001767857;0,001535714;null;0,002257143;0,001128571;0,000675;0,001985714;0,001714286;0,001739286;null;0,002228571;0,001671429;0,001342857;0,001728571;0,001317857;0,000746429;null;0,002109524;0,001267857;0,001875;0,001814286;0,001682143;0,001625;null;0,002333333;0,001942857;0,00195;0,002082143;0,001767857;0,002121429
Хмельницький;4942690;Завислі речовини;0,0835;0,083;0,05075;null;0,03425;0,05825;0,04175;0,04125;0,04925;0,0655;null;0,0905;0,09125;0,083;0,0415;0,06575;0,05825;null;0,033;0,06675;0,042;0,05125;0,0515;0,05025;null;0,05025;0,04225;0,08525;0,06775;0,051;0,08425
Хмельницький;4942690;Дiоксид сiрки;0,016175;0,015825;0,0174875;null;0,0176625;0,017525;0,0167375;0,017175;0,0161125;0,0150125;null;0,01615;0,0150375;0,016;0,0189625;0,0169125;0,0211125;null;0,018475;0,016725;0,0171375;0,0171125;0,0171375;0,0158;null;0,014575;0,013825;0,016575;0,0148;0,01425;0,0130625
Хмельницький;4942690;Сульфати;0,007075;0,008425;0,007975;null;0,00795;0,0085;0,007475;0,0092;0,008625;0,0071;null;0,0073;0,00735;0,006775;0,0076;0,006875;0,00695;null;0,007275;0,00835;0,007925;0,008275;0,008025;0,007975;null;0,0082;0,008675;0,0075;0,007075;0,007925;0,008475
Хмельницький;4942690;Оксид вуглецю;1,8725;1,7775;1,575;null;1,5525;1,5125;1,56;1,54;1,625;1,7525;null;1,8125;1,895;1,9575;1,86;1,87;1,9025;null;1,7525;1,9025;1,7025;1,8075;1,75;1,92;null;1,8825;1,845;2,0725;1,94;1,81;1,9425
Хмельницький;4942690;Дiоксид азоту;0,036625;0,0297875;0,0366875;null;0,07595;0,0512625;0,035475;0,03195;0,0318875;0,0493375;null;0,0671;0,049775;0,052525;0,0452;0,0363;0,0373375;null;0,0617875;0,04465;0,052375;0,05775;0,0438625;0,0405625;null;0,0453875;0,0423375;0,0327625;0,0430625;0,037175;0,0349125
Хмельницький;4942690;Оксид азоту;0,038825;0,0215625;0,0236625;null;0,0248875;0,0226;0,02345;0,0164125;0,0257;0,0362125;null;0,035925;0,0329625;0,038175;0,029225;0,0211375;0,0274125;null;0,0317375;0,030925;0,0351;0,0329625;0,0328875;0,027475;null;0,026325;0,02455;0,0369625;0,0479875;0,0320375;0,029125
Хмельницький;4942690;Фенол;0,001483333;0,001183333;0,000766667;null;0,0008;0,00055;0,0007;0,000766667;0,000583333;0,00085;null;0,000583333;0,00135;0,001416667;0,000766667;0,0006;0,000883333;null;0,0007;0,002733333;0,0026;0,001066667;0,001133333;0,000816667;null;0,0008;0,001983333;0,001716667;0,0019;0,0007;0,000733333
Хмельницький;4942690;Хлористий водень;0,054325;0,057325;0,04515;null;0,044275;0,066325;0,05985;0,0457;0,03095;0,037275;null;0,03585;0,040075;0,036;0,036775;0,03405;0,0313;null;0,0308;0,03675;0,043325;0,0706;0,0449;0,03785;null;0,040925;0,0339;0,032675;0,0392;0,043425;0,03525
Хмельницький;4942690;Амiак;0,007525;0,005375;0,005725;null;0,00785;0,005925;0,006725;0,0056;0,0053;0,005275;null;0,006675;0,007725;0,007825;0,007525;0,0048;0,005075;null;0,013675;0,025775;0,014125;0,009025;0,006325;0,005675;null;0,0051;0,00865;0,006825;0,0052;0,00545;0,007025
Хмельницький;4942690;Формальдегiд;0,000916667;0,001166667;0,001316667;null;0,002033333;0,001516667;0,001033333;0,001016667;0,001;0,001083333;null;0,00115;0,001016667;0,00115;0,001416667;0,001033333;0,000916667;null;0,001033333;0,001266667;0,0017;0,001183333;0,00105;0,001033333;null;0,001916667;0,00215;0,001033333;0,000933333;0,00105;0,001066667
Херсон;4673270;Завислі речовини;0,025;0,025;null;null;0;0,025;0;0,025;0,025;;;0,025;0,05;0,025;0,025;0,025;;;0,025;0;0;0;0,025;;;0;0;0,05;0,025;0,025;
Херсон;4673270;Дiоксид сiрки;0,00075;0,001625;;;0;0,001125;0,001;0;0;;;0;0;0,000875;0;0,000875;;;0;0,00075;0,001875;0;0;;;0,003833333;0,00075;0,00275;0,000875;0;
Херсон;4673270;Сульфати;0;0,005;;;0;0,005;0;0;0;;;0;0,005;0;0;0;;;0;0,005;0;0,005;0;;;0,005;0;0;0;0;
Херсон;4673270;Оксид вуглецю;0,203333333;0,31;;;0,181666667;0,356666667;0,23;0,193333333;0,165;;;0,163333333;0,421666667;0,465;0,331666667;0,418333333;;;0,5;0,761666667;0,191666667;0,461666667;0,562333333;;;0,313333333;0,278333333;0,198333333;0,205;0,355;
Херсон;4673270;Дiоксид азоту;0,1525;0,13875;;;0,151666667;0,1925;0,1925;0,16375;0,1975;;;0,205;0,1825;0,16;0,205;0,195;;;0,216666667;0,22125;0,205;0,19875;0,18125;;;0,191666667;0,23125;0,23875;0,21;0,2;
Херсон;4673270;Оксид азоту;0,085;0,1025;;;0,103333333;0,1225;0,1175;0,0875;0,125;;;0,126666667;0,1075;0,13;0,1025;0,1525;;;0,143333333;0,155;0,14;0,1625;0,1275;;;0,146666667;0,16;0,1925;0,135;0,135;
Херсон;4673270;Фенол;0,002625;0,0015;;;0,001833333;0,00125;0,003625;0,002375;0,002;;;0,001166667;0,001375;0,00175;0,00125;0,000875;;;0,001166667;0,001125;0,0015;0,00025;0,00175;;;0,0005;0,00025;0,000875;0,001625;0,00225;
Херсон;4673270;Формальдегiд;0;0;;;0;0;0;0;0;;;0,001666667;0;0;0;0;;;0;0;0;0,00125;0,0065;;;0,011;0,00125;0,0015;0;0,00175;
Черкаси;4933200;Завислі речовини;0,15;0,2;0,25;;0,133333333;0;0;0,1;0;0,05;;0,1;0,1;0,1;0,116666667;0,1;0;;0,05;0,1;0,125;0,175;0,175;0,175;;0;0,075;0;0,05;0,05;0,05
Черкаси;4933200;Дiоксид сiрки;0,01375;0,0149;0,0136;;0,0145;0,0127;0,0157;0,014;0,0131;0,0145;;0,013875;0,0113;0,0111;0,0132;0,0134;0,0138;;0,0132;0,015166667;0,013666667;0,0115;0,0145;0,0135;;0,0144;0,012166667;0,009833333;0,012166667;0,013666667;0,015166667
Черкаси;4933200;Сульфати;;0,01;0,01;;0,01;0,01;0,01;0,01;0,01;0,01;;0,015;0,01;0,01;0,01;0,01;0,01;;0,015;0,01;0,01;0,01;0,01;0,01;;0,01;0,01;0,01;0,01;0,01;0,01
Черкаси;4933200;Оксид вуглецю;1;1;1;;1;1;1;2,166666667;1,5;1,166666667;;1;1;1;1;1,5;1;;1;1;1;1,5;1,5;2;;1,25;1;1;1;1;1
Черкаси;4933200;Дiоксид азоту;0,01875;0,013636364;0,021666667;;0,023333333;0,028333333;0,028333333;0,03;0,0225;0,024166667;;0,023333333;0,0225;0,021666667;0,023333333;0,021666667;0,0225;;0,026666667;0,0225;0,02;0,02;0,02125;0,025;;0,036666667;0,025;0,01875;0,03;0,03375;0,0325
Черкаси;4933200;Оксид азоту;0,0125;0,01;0,015;;0,03;0,02;0,02;0,0275;0,01;0,015;;0,016666667;0,015;0,0125;0,015;0,015;0,02;;0,02;0,0175;0,0125;0,0175;0,0225;0,02;;0,016666667;0,0175;0,01;0,0125;0,0175;0,02
Черкаси;4933200;Сiрководень;0,0015;0,001727273;0,001833333;;0,001777778;0,001833333;0,001833333;0,001666667;0,001916667;0,001833333;;0,001444444;0,001583333;0,00175;0,00175;0,001833333;0,001666667;;0,002;0,002;0,0015;0,0015;0,00175;0,0015;;0,001833333;0,001875;0,00125;0,001625;0,001375;0,002
Черкаси;4933200;Амiак;0,0475;0,029090909;0,0525;;0,068888889;0,06;0,030833333;0,045;0,0425;0,0275;;0,045555556;0,039166667;0,035833333;0,035;0,033333333;0,040833333;;0,046666667;0,03125;0,03125;0,0425;0,03125;0,03875;;0,038333333;0,02625;0,02875;0,0275;0,03125;0,04625
Черкаси;4933200;Формальдегiд;0,01175;0,00725;0,00625;;0,010666667;0,00325;0,00575;0,00425;0,0025;0,0045;;0,003;0,00425;0,005;0,002;0,00525;0,0075;;;;;;;;;;;;;;
Чернівці;4832590;Завислі речовини;0,016666667;0,016666667;0,033333333;;0,05;0,05;0,05;0,025;0,075;0,05;;0,05;0,025;0,025;0,05;0;0;;0,016666667;0,033333333;0,016666667;0;0,016666667;0;;0,016666667;0,016666667;0,016666667;0,016666667;0,016666667;0
Чернівці;4832590;Дiоксид сiрки;0,013591667;0,014933333;0,002116667;;0,02435;0,004725;0,0212125;0,0197125;0,00545;0,0026;;0,0287375;0,0157375;0,01155;0,010925;0,0164;0,0100375;;0,00197;0,009616667;0,027483333;0,00245;0,004641667;0,00895;;0,009808333;0,00105;0,003141667;0,008208333;0,009808333;0,0145
Чернівці;4832590;Оксид вуглецю;0;0;0;0;0;0;0;0;0,125;0;0;0;0;0;0;0;0;0;0;0;0;0;0,1;0;0;0;0,1;0;0;0;0
Чернівці;4832590;Дiоксид азоту;0,02434375;0,023625;0,0259;0,01345;0,0399;0,031658333;0,030658333;0,034133333;0,028825;0,026741667;0,003125;0,038266667;0,0262;0,02615;0,021675;0,031208333;0,023916667;0,00665;0,026792857;0,02711875;0,02865;0,01774375;0,021675;0,02499375;0,00435;0,03511875;0,03593125;0,02739375;0,0263375;0,02565;0,02510625
Чернівці;4832590;Оксид азоту;0,0024125;0,0029875;0,009825;0,00165;0,0093125;0,0096;0,008775;0,0086125;0,013;0,0030625;0,000875;0,0112625;0,0072;0,008;0,0068125;0,002975;0,0148625;0,0012;0,0040875;0,0057375;0,0043125;0,00515;0,0110375;0,0130875;0,001075;0,0164625;0,013725;0,0034;0,0084125;0,0113625;0,017775
Чернівці;4832591;Озон;0,084775;0,088625;0,0925;0,10225;0,069625;0,049175;0,05045;0,061025;0,08135;0,076775;0,08865;0,079625;0,08045;0,09465;0,09845;0,081875;0,0715;0,0811;0,0814;0,092975;0,091825;0,070125;0,058375;0,07205;0,07225;0,069675;0,0772;0,094275;0,102725;0,091125;0,072975
Чернівці;4832590;Фенол;0,00395;0,004125;0,00185;;0,0067;0,003975;0,00145;0,001625;0,001675;0,001075;;0;0,000475;0,003425;0,0105;0,0049;0,000475;;0;0,000825;0;0,0013;0,002775;0,002275;;0,0017;0,00115;0,003725;0,002725;0;0
Чернівці;4832590;Фтористий водень;0,0008375;0,000425;0,0011375;;0,00025;0,00105;0,000975;0,000975;0,001025;0;;0;0,0009;0,00225;0,00125;0;0,00025;;0,00035;0,0006125;0,0009125;0,0001;0,0009125;0,0005125;;0,001725;0,000825;0,0003875;0,000225;0,000975;0,0012125
Чернівці;4832590;Хлористий водень;0,0764;0,0366;0,030175;;0,126725;0,08015;0,116475;0,051825;0;0,03385;;0,0233;0,220875;0,079625;0,154975;0,078225;0,15015;;0,036575;0,036875;0,025825;0,065775;0,06735;0,059375;;0,073075;0,101075;0,139575;0,116225;0,188675;0,079125
Чернівці;4832590;Формальдегiд;0,001275;0,00345;0,0005875;;0;0,000725;0,002925;0,0018;0;0;;0;0,0007;0,00035;0,000925;0;0;;0,001116667;0,006425;0,00405;0,0040125;0,002925;0,00045;;0,0047875;0,003675;0,0035875;0,00355;0,0063625;0,0015
Ізмаїл;4542880;Завислі речовини;0,05;0,07;0,065000153;;0,07;0,03;0,095;0,065000153;0,080000153;0,100000153;;0,085;0,05;0,05;0,08;0,07;0,08;;0,1;0,095;0,095;0,145000153;0,05;0,05;;0,05;0,05;0,065000153;0,03;0,085000153;0,115
Ізмаїл;4542880;Дiоксид сiрки;0,024100027;0,027625;0,02587504;;0,032900079;0,02055;0,02185004;0,018650011;0,024025;0,03260002;;0,0279;0,020525015;0,01935006;0,02492507;0,02257502;0,020850003;;0,0251;0,02560004;0,024875099;0,018575061;0,025900008;0,033475015;;0,02550002;0,017025023;0,020050008;0,02367506;0,022300031;0,022325
Ізмаїл;4542880;Сульфати;0,005;0,01;0;;0,01;0;0,005;0,01;0,02;0,005;;0,015;0,005;0,005;0,01;0,01;0,005;;0,01;0,01;0,005;0,015;0,005;0;;0,005;0;0,005;0;0,01;0,015
Ізмаїл;4542880;Оксид вуглецю;0,535000305;0,61;0,535;;0,61000061;0,69000061;0,47;0,61;0,74;0,46000061;;0,450000916;0,36000061;0,51000061;0,530000305;0,49;0,72000061;;0,270000305;0,445;0,37000061;0,47000061;0,41;0,41000061;;0,42;0,18;0,295;0,33;0,235000153;0,43
Ізмаїл;4542880;Дiоксид азоту;0,0643;0,057550122;0,045825;;0,061866878;0,051450171;0,058325095;0,05055002;0,053625101;0,04982511;;0,066333415;0,055075;0,055000182;0,05562504;0,059150061;0,03927504;;0,053733386;0,05315;0,038875015;0,04375006;0,05215011;0,056175031;;0,040533374;0,040675;0,04275015;0,046275015;0,049650189;0,059775153
Ізмаїл;4542880;Сiрководень;0,001550003;0,001750002;0,00135;;0,001233334;0,001650002;0,001550002;0,00055;0,0015;0,001350002;;0,001933334;0,00145;0,00155;0,001325;0,001425003;0,001625001;;0,001433337;0,000925;0,001575002;0,001500002;0,001375001;0,00145;;0,001533334;0,00095;0,0017;0,001825002;0,0011;0,0025
Ізмаїл;4542880;Формальдегiд;0;0,002100003;0,0007;;0,00285;0,002500003;0,001400003;0,002800003;0,001750003;0,002050006;;0,00275;0,0014;0,0014;0,002850003;0,0007;0,0007;;0;0,002100002;0,00215;0,0025;0,0018;0,002150003;;0,0007;0,002850006;0,002850006;0,0011;0,001400002;0,002150003
Біла Церква;4983020;Завислі речовини;0,0625;0,06175;0,05375;;0,0535;0,044;0,07075;0,044;0,06125;0,07;;0,05275;0,044;0,08025;0,07225;0,0525;0,0445;;0,03575;0,06275;0,05425;0,054;0,073;0,04525;;0,036;0,0635;0,07225;0,05475;0,054;0,06325
Біла Церква;4983020;Дiоксид сiрки;0,0366;0,0301;0,0402875;;0,0371375;0,0355375;0,034375;0,0311375;0,0389125;0,03615;;0,03275;0,03585;0,0412625;0,0274875;0,029275;0,0372375;;0,04035;0,0312875;0,03665;0,0314;0,0404375;0,0431875;;0,0359125;0,038475;0,040675;0,036425;0,0407625;0,0349
Біла Церква;4983020;Оксид вуглецю;0,9;0,875;0,975;;0,85;0,75;0,775;0,9;0,925;0,95;;0,85;0,85;0,75;0,8;0,875;0,8;;1;0,975;0,925;1;0,85;0,85;;0,925;0,875;0,8;0,875;1,025;1
Біла Церква;4983020;Дiоксид азоту;0,0869375;0,0946375;0,0966375;;0,098575;0,101725;0,099275;0,0825875;0,0884125;0,1111;;0,10505;0,08405;0,1077625;0,0971375;0,0843;0,084925;;0,093525;0,112275;0,0868;0,1189375;0,1236;0,09785;;0,0947875;0,1003875;0,1038375;0,105325;0,124275;0,1005625
Олександрія;4843230;Завислі речовини;0,3;0,25;0,25;;0,3;0,15;0,3;0,15;0,15;0,15;;0,15;0,25;0,35;0,2;0,25;0,2;;0,35;0,25;0,3;0,15;0,25;0,25;;0,2;0,2;0,3;0,35;0,3;0,25
Олександрія;4843230;Дiоксид сiрки;0,01965;0,021525;0,01745;;0,0198;0,015475;0,022525;0,01785;0,01605;0,02165;;0,019833333;0,01485;0,0182;0,0193;0,020575;0,01975;;0,017966667;0,0196;0,0126;0,017125;0,01865;0,02125;;0,018933333;0,015425;0,0172;0,027025;0,021325;0,013175
Олександрія;4843230;Сульфати;0,005;0,005;0,015;;0;0,01;0;0,01;0,015;0;;0,005;0,01;0,005;0;0,005;0,005;;0,015;0,005;0,005;0,005;0,01;0,015;;0,005;0,005;0,005;0,005;0,01;0,005
Олександрія;4843230;Дiоксид азоту;0,0356;0,02555;0,02005;;0,027466667;0,0185;0,024975;0,027825;0,025825;0,039325;;0,041333333;0,023475;0,03195;0,02985;0,0304;0,02955;;0,0216;0,0268;0,024;0,03455;0,0433;0,0219;;0,025366667;0,019475;0,042675;0,0194;0,029825;0,026075
Олександрія;4843230;Сажа;0,045;0,04;0,09;;0,06;0,03;0,04;0,065;0,045;0,035;;0,055;0,035;0,065;0,04;0,04;0,035;;0,045;0,035;0,035;0,035;0,03;0,02;;0,035;0,02;0,075;0,02;0,035;0,03
Горішні Плавні;4903360;Завислі речовини;0,32;0,21;0,05;;0,16;0,08;0,08;0,11;0,13;0,075;;0,13;0,185;0,16;0,08;0,13;0,135;;0,08;0,08;0,135;0,08;0,11;0,19;;0,215;0,14;0,11;0,19;0,135;0,055
Горішні Плавні;4903360;Дiоксид сiрки;0,008875;0,004675;0,0064;;0,0032;0,00285;0,003475;0,006675;0,007175;0,006225;;0,00595;0,007225;0,0079;0,008275;0,0067;0,009875;;0,007625;0,005425;0,006775;0,0052;0,007125;0,00455;;0,0085;0,007525;0,008;0,00655;0,00655;0,0068
Горішні Плавні;4903360;Оксид вуглецю;0,15;0,1;0,15;;0,15;0,2;0,1;0,15;0,15;0,15;;0,1;0,15;0,05;0,15;0,1;0,1;;0,15;0,1;0,15;0,15;0,1;0,2;;0,15;0,1;0,15;0,15;0,15;0,1
Горішні Плавні;4903360;Дiоксид азоту;0,035475;0,01985;0,02615;;0,013425;0,01405;0,0146;0,02535;0,0287;0,024925;;0,01875;0,017625;0,0272;0,03185;0,0216;0,049725;;0,0242;0,015975;0,0161;0,022;0,01945;0,035875;;0,0517;0,0255;0,0334;0,03065;0,02155;0,02405
Горішні Плавні;4903360;Фенол;0;0;0;;0;0;0;0;0;0;;0;0;0;0;0;0;;0;0;0;0;0;0;;0,0008;0,00015;0,00065;0,0005;0,0024;0,0017
Горішні Плавні;4903360;Сажа;0,00795;0,00265;0,0053;;0,008;0,0106;0,0106;0,0105;0,00525;0,0078;;0,00265;0,0079;0,0053;0,0079;0,00535;0,00795;;0,00265;0,0027;0,00535;0,0081;0,0054;0,0082;;0,00545;0,00275;0,00535;0,00275;0,0082;0,01075
Горішні Плавні;4903360;Хлористий водень;0,008566667;0,0161;0,0076;;0;0,0043;0;0,0207;0,010133333;0;;0,003266667;0,008533333;0,005666667;0,011;0,021433333;0;;0,014866667;0,013866667;0;0,009033333;0,011433333;0;;0,009366667;0;0;0;0;0
Горішні Плавні;4903360;Амiак;0,00995;0,0028;0,00905;;0,0064;0;0,0043;0,00985;0,00595;0,00595;;0,00405;0,01115;0,00665;0,0137;0,0041;0,0129;;0,00505;0,0048;0,00665;0,0078;0,00485;0,01185;;0,01285;0,0049;0,0114;0,0072;0,0039;0,00335
Бровари;5053080;Завислі речовини;0,071;0,035;0,072;;0,072;0,071;0,071;0,053;0,071;0,087;;0,053;0,0705;0,0355;0,0715;0,07;0,0705;;0,0535;0,0535;0,0725;0,054;0,055;0,072;;0,0545;0,0545;0,072;0,054;0,036;0,0725
Бровари;5053080;Дiоксид сiрки;0,04005;0,039325;0,03935;;0,048975;0,0387;0,048325;0,035975;0,034375;0,035775;;0,038525;0,03465;0,0346;0,04405;0,039275;0,043425;;0,05225;0,036175;0,0373;0,0464;0,052425;0,044975;;0,0407;0,03655;0,03665;0,04775;0,03945;0,03935
Бровари;5053080;Оксид вуглецю;0,45;0,5;0,4;;0,45;0,5;0,5;0,5;0,5;0,5;;0,55;0,55;0,45;0,5;0,45;0,4;;0,6;0,5;0,55;0,55;0,55;0,6;;0,5;0,55;0,55;0,5;0,55;0,4
Бровари;5053080;Дiоксид азоту;0,076975;0,0667;0,0984;;0,078375;0,093175;0,07655;0,1011;0,077;0,0673;;0,076225;0,06175;0,079925;0,072975;0,074125;0,0817;;0,073225;0,064275;0,059125;0,07105;0,084625;0,072675;;0,068325;0,059075;0,065825;0,0613;0,06115;0,0597
Обухів;5013060;Завислі речовини;0,0715;0,0705;0,036;;0,072;0,071;0,0535;0,0705;0,105;0,0525;;0,0705;0,071;0,0895;0,089;0,0875;0,0885;;0,072;0,0355;0,054;0,072;0,073;0,072;;0,073;0,0365;0,091;0,108;0,036;0,0735
Обухів;5013060;Дiоксид сiрки;0,0366;0,033;0,0262;;0,02935;0,035975;0,039375;0,034025;0,02525;0,037725;;0,03255;0,03075;0,036875;0,034625;0,029525;0,026325;;0,037675;0,031025;0,041325;0,031975;0,0316;0,039075;;0,02865;0,033825;0,037975;0,02505;0,049;0,039325
Обухів;5013060;Оксид вуглецю;;;;;;;;;;;;;;;;0,6;0,45;;0,6;0,65;0,75;0,6;0,45;0,9;;0,75;0,65;0,6;0,6;0,65;0,55
Обухів;5013060;Дiоксид азоту;0,054725;0,054625;0,050425;;0,0444;0,059475;0,054675;0,051275;0,0436;0,050925;;0,059675;0,05425;0,05325;0,061825;0,056025;0,047175;;0,052575;0,05345;0,05955;0,054575;0,05575;0,053425;;0,0655;0,05935;0,06925;0,04645;0,07185;0,0643
Українка;5023080;Завислі речовини;0,0525;0,035;0,053;;0,0535;0,035;0,053;0,053;0,0525;0,072;;0,0525;0,0525;0,0355;0,0535;0,0525;0,0355;;0,071;0,035;0,0535;0,054;0,071;0,0355;;0,036;0,0355;0,0355;0,036;0,054;0,052
Українка;5023081;Дiоксид сiрки;0,04025;0,040825;0,0429;;0,045475;0,041975;0,0339;0,0383;0,041225;0,03595;;0,034025;0,039675;0,033975;0,038775;0,033025;0,038675;;0,041675;0,038525;0,043475;0,0405;0,054575;0,0561;;0,0503;0,052575;0,036175;0,050525;0,05395;0,05375
Українка;5023082;Оксид вуглецю;1,86;1,89;1,43;;1,04;0,905;1,04;1,64;0,965;0,86;;1,33;1,18;1,655;1,015;0,77;0,7;;1,15;1,075;1,305;1;1,005;0,87;;0,575;0,6;0,41;0,59;1,145;1,3
Українка;5023083;Дiоксид азоту;0,0816;0,08625;0,09425;;0,10345;0,089275;0,09615;0,09455;0,0804;0,104425;;0,08275;0,0957;0,083675;0,09365;0,08175;0,08795;;0,07245;0,088525;0,088925;0,0971;0,09455;0,099575;;0,0908;0,106225;0,084525;0,09785;0,09465;0,0918
Житомир;5022870;Завислі речовини;0,0805;0,0795;0,08175;;0,099;0,0705;0,08075;0,079;0,0705;0,0695;;0,0885;0,0805;0,0895;0,0905;0,07875;0,0975;;0,08925;0,0715;0,091;0,07325;0,0915;0,09;;0,0715;0,0815;0,08175;0,0725;0,09;0,0725
Житомир;5022871;Дiоксид сiрки;0,0170375;0,021725;0,020325;;0,03485;0,0381625;0,0372625;0,0340875;0,037125;0,0380125;;0,0366125;0,0369375;0,0395;0,037325;0,0356875;0,0364875;;0,0390375;0,035975;0,0377125;0,0404375;0,036575;0,0357375;;0,0394625;0,0363625;0,037725;0,039925;0,0354875;0,041175
Житомир;5022872;Оксид вуглецю;0,495;0,7475;0,71;;0,4675;0,625;0,54;0,6;0,5625;0,6325;;0,3225;0,6;0,455;0,4525;0,6825;0,76;;0,745;0,73;0,7175;0,785;0,7;0,68;;0,615;0,8675;0,86;0,93;0,7875;0,8725
Житомир;5022872;Дiоксид азоту;0,179125;0,157375;0,1113125;;0,1041;0,0974875;0,093025;0,1123875;0,104825;0,0929;;0,099175;0,1034875;0,1053625;0,101075;0,097275;0,1054875;;0,0994375;0,09795;0,1041625;0,1070375;0,109025;0,104925;;0,098875;0,1070125;0,1083625;0,1076125;0,10355;0,1081125
Чернігів;5143130;Завислі речовини;0,09125;0,1305;0,09275;;0,09375;0,09175;0,13275;0,1305;0,06575;0,10475;;0,0655;0,092;0,0805;0,1205;0,07825;0,09275;;0,12075;0,107;0,122;0,1225;0,1225;0,0945;;0,09475;0,12225;0,1085;0,0815;0,123;0,095
Чернігів;5143131;Дiоксид сiрки;0,030875;0,034475;0,0307375;;0,0312375;0,0371125;0,032475;0,0368375;0,031275;0,0289625;;0,03405;0,0303;0,0411;0,0232625;0,029325;0,02735;;0,02615;0,0291125;0,034875;;;;;0,0254375;0,034425;0,0259625;0,0260375;0,0241625;0,0278125
Чернігів;5143132;Оксид вуглецю;0,27;0,27;0,2375;;0,3325;0,305;0,4075;0,2225;0,2775;0,2525;;0,2925;0,28;0,29;0,2925;0,28;0,2675;;0,2775;0,3025;0,435;0,7;0,46;0,42;;0,655;0,44;0,7525;0,75;1,0025;0,975
Чернігів;5143133;Дiоксид азоту;0,0922375;0,1001125;0,10695;;0,1128125;0,0974875;0,10245;0,11645;0,093125;0,1043;;0,0875625;0,0973375;0,1074;0,0862375;0,09785;0,08795;;0,0994875;0,1032375;0,1117125;;;;;0,0911625;0,120425;0,1156;0,1098;0,1050875;0,108875
